Key ID,CMIS Name,Page,Byte,Byte Length,Mask Bytes,Bank Scope,Value Type,Unit,Scale,Byte Order,Conversion Note,Access,Behavior,Requirement,Condition,Description,Reference Section,Reference Table,SONiC Cross-check,SONiC Field
SFF8024Identifier.Lwr,SFF8024Identifier,,0,1,,,u8,,,,,RO,Normal,Rqd,,SFF8024Identifier is an SFF-8024 module type Identifier from Table 4-1 “Identifier Values” in [5] which allows to infer both physical form factor and management protocol of the module. Note: The CMIS interpretation of all other registers or fields is valid only when the fundamental SFF8024Identifier indicates that the module uses the CMIS management protocol.,,8-5,Agrees,Identifier
CmisRevision,CmisRevision,,1,1,,,u8,,,,,RO,Normal,Rqd,,"CMIS revision number (decimal): The upper nibble (bits 7-4) is the integer part (major number) The lower nibble (bits 3-0) is the decimal part (minor number) Example: 01h indicates version 0.1, 21h indicates version 2.1. Note: See Appendix G.3 for interoperability implications of the major revision number (integer part).",,8-5,Agrees (SONiC splits),CmisMajorRevision; CmisMinorRevision
MemoryModel,MemoryModel,,2,1,0x80,,bool,,,,,RO,Normal,Rqd,,"Indicator of the memory model of the module: 0b: Paged memory (Pages 00h-02h, 10h-11h supported) 1b: Flat memory (Page 00h supported only)",,8-5,Agrees,Flat_mem
SteppedConfigOnly,SteppedConfigOnly,,2,1,0x40,,bool,,,,,RO,Normal,Rqd,,"Indicates which reconfiguration procedures are supported: 0b: Module supports all types of reconfigurations: essential step-by-step reconfiguration as well as both types of intervention-free reconfiguration: hot (in state) and regular (with automatic state change). (legacy default, not meant to be pre-valent, see notes below) 1b: Module supports the essential step-by-step reconfigura- tion but none or (optionally) only one of the two types of intervention-free reconfiguration. See the AutoCommissioning field below for more details. Note: The baseline option 1b is assumed to be prevalent for modules that do not require hot reconfiguration, such as, e.g., Ethernet transceivers. Note: The extended option 0b with additional support for intervention-free reconfiguration is intended only for module Applications such as InfiniBand or Fibre Channel that may require time critical speed negotiations when tight timing is not achievable with basic step-by-step configuration. Note: See section 6.2.4 for more information.",,8-5,Not in SONiC,
MciMaxSpeed,MciMaxSpeed,,2,1,0x3C,,bitfield4,,,,,RO,Normal,Rqd,,Indicates maximum supported clock speed of Management Communication Interface (MCI): I2CMCI: 0: Module supports up to 400 kHz 1: Module supports up to 1 MHz 2: Module supports up to 3.4 MHz 3-15: Reserved SPIMCI: 0: Module supports up to 1 MHz 1: Module supports up to 2 MHz 2: Module supports up to 4 MHz 3: Module supports up to 8 MHz 4: Module supports up to 12 MHz 5: Module supports up to 16 MHz 6: Module supports up to 20 MHz 7: Module supports up to 30 MHz 8: Module supports up to 40 MHz 9: Module supports up to 50 MHz 10-15: Reserved,,8-5,Not in SONiC,
AutoCommissioning,AutoCommissioning,,2,1,0x03,,bitfield2,,,,,RO,Normal,Rqd,,"This field allows modules to support just one of the two intervention-free reconfiguration procedures, either the regular (automatic DPSM state changing) one or the hot one (staying in DPSM state): SteppedConfigOnly = 0: xx: both regular and hot supported (legacy default) SteppedConfigOnly = 1: 00: none, neither regular nor hot supported 01: only regular supported (affects ApplyDPInit) 10: only hot supported (affects ApplyImmediate) 11: reserved Effect on ApplyImmediate: When hot intervention-free reconfiguration is unsupported, the module ignores any WRITE to ApplyImmediate registers Effect on ApplyDPInit: When regular intervention-free reconfiguration is not supported, the module accepts ApplyDPInit in all states as a Provision command (see Table 6-4) , but the DPSM excludes the DPReinitT term in the DPDeReinitS transition signal (see Case 2 in section 6.3.3.1)",,8-5,Not in SONiC,
Reserved.Lwr.3,Reserved,,3,1,0xF0,,,,,,,,,,,Reserved,,8-6,Not in SONiC,
ModuleState,ModuleState,,3,1,0x0E,,enum3,,,,,RO,Normal,Rqd,,Current Module State (see Table 8-7 for encoding and section 6.3.2 for a description of the meaning of ModuleState) Notes: - Flat memory modules always report ModuleReady. - Not all states of the Module State Machine are observable.,,8-6,Agrees,ModuleState
InterruptDeasserted,InterruptDeasserted,,3,1,0x01,,bool,,,,,RO,Normal,Rqd,,Status of Interrupt output signal 1b: Interrupt not asserted (default) 0b: Interrupt asserted,,8-6,Not in SONiC,
Reserved.Lwr.4.0x80,Reserved,,4,1,0x80,,,,,,,,,,,Reserved,,8-8,Not in SONiC,
Reserved.Lwr.4.0x40,Reserved,,4,1,0x40,,,,,,,,,,,Reserved,,8-8,Not in SONiC,
Reserved.Lwr.4.0x20,Reserved,,4,1,0x20,,,,,,,,,,,Reserved,,8-8,Not in SONiC,
Reserved.Lwr.4.0x10,Reserved,,4,1,0x10,,,,,,,,,,,Reserved,,8-8,Not in SONiC,
FlagsSummaryBank0Page2Ch,FlagsSummaryBank0Page2Ch,,4,1,0x08,,bool,,,,,RO,Normal,Adv,,"1b: at least one Flag is set on Bank 0, Page 2Ch",,8-8,Not in SONiC,
FlagsSummaryBank0Page14h,FlagsSummaryBank0Page14h,,4,1,0x04,,bool,,,,,RO,Normal,Adv,,"1b: at least one Flag is set on Bank 0, Page 14h",,8-8,Not in SONiC,
FlagsSummaryBank0Page12h,FlagsSummaryBank0Page12h,,4,1,0x02,,bool,,,,,RO,Normal,Adv,,"1b: at least one Flag is set on Bank 0, Page 12h",,8-8,Not in SONiC,
FlagsSummaryBank0Page11h,FlagsSummaryBank0Page11h,,4,1,0x01,,bool,,,,,RO,Normal,Rqd,,"1b: at least one Flag is set on Bank 0, Page 11h",,8-8,Not in SONiC,
Reserved.Lwr.5.0x80,Reserved,,5,1,0x80,,,,,,,,,,,Reserved,,8-8,Not in SONiC,
Reserved.Lwr.5.0x40,Reserved,,5,1,0x40,,,,,,,,,,,Reserved,,8-8,Not in SONiC,
Reserved.Lwr.5.0x20,Reserved,,5,1,0x20,,,,,,,,,,,Reserved,,8-8,Not in SONiC,
Reserved.Lwr.5.0x10,Reserved,,5,1,0x10,,,,,,,,,,,Reserved,,8-8,Not in SONiC,
FlagsSummaryBank1Page2Ch,FlagsSummaryBank1Page2Ch,,5,1,0x08,,bool,,,,,RO,Normal,Adv,,"1b: at least one Flag is set on Bank 1, Page 2Ch",,8-8,Not in SONiC,
FlagsSummaryBank1Page14h,FlagsSummaryBank1Page14h,,5,1,0x04,,bool,,,,,RO,Normal,Adv,,"1b: at least one Flag is set on Bank 1, Page 14h",,8-8,Not in SONiC,
FlagsSummaryBank1Page12h,FlagsSummaryBank1Page12h,,5,1,0x02,,bool,,,,,RO,Normal,Adv,,"1b: at least one Flag is set on Bank 1, Page 12h",,8-8,Not in SONiC,
FlagsSummaryBank1Page11h,FlagsSummaryBank1Page11h,,5,1,0x01,,bool,,,,,RO,Normal,Adv,,"1b: at least one Flag is set on Bank 1, Page 11h",,8-8,Not in SONiC,
Reserved.Lwr.6.0x80,Reserved,,6,1,0x80,,,,,,,,,,,Reserved,,8-8,Not in SONiC,
Reserved.Lwr.6.0x40,Reserved,,6,1,0x40,,,,,,,,,,,Reserved,,8-8,Not in SONiC,
Reserved.Lwr.6.0x20,Reserved,,6,1,0x20,,,,,,,,,,,Reserved,,8-8,Not in SONiC,
Reserved.Lwr.6.0x10,Reserved,,6,1,0x10,,,,,,,,,,,Reserved,,8-8,Not in SONiC,
FlagsSummaryBank2Page2Ch,FlagsSummaryBank2Page2Ch,,6,1,0x08,,bool,,,,,RO,Normal,Adv,,"1b: at least one Flag is set on Bank 2, Page 2Ch",,8-8,Not in SONiC,
FlagsSummaryBank2Page14h,FlagsSummaryBank2Page14h,,6,1,0x04,,bool,,,,,RO,Normal,Adv,,"1b: at least one Flag is set on Bank 2, Page 14h",,8-8,Not in SONiC,
FlagsSummaryBank2Page12h,FlagsSummaryBank2Page12h,,6,1,0x02,,bool,,,,,RO,Normal,Adv,,"1b: at least one Flag is set on Bank 2, Page 12h",,8-8,Not in SONiC,
FlagsSummaryBank2Page11h,FlagsSummaryBank2Page11h,,6,1,0x01,,bool,,,,,RO,Normal,Adv,,"1b: at least one Flag is set on Bank 2, Page 11h",,8-8,Not in SONiC,
Reserved.Lwr.7.0x80,Reserved,,7,1,0x80,,,,,,,,,,,Reserved,,8-8,Not in SONiC,
Reserved.Lwr.7.0x40,Reserved,,7,1,0x40,,,,,,,,,,,Reserved,,8-8,Not in SONiC,
Reserved.Lwr.7.0x20,Reserved,,7,1,0x20,,,,,,,,,,,Reserved,,8-8,Not in SONiC,
Reserved.Lwr.7.0x10,Reserved,,7,1,0x10,,,,,,,,,,,Reserved,,8-8,Not in SONiC,
FlagsSummaryBank3Page2Ch,FlagsSummaryBank3Page2Ch,,7,1,0x08,,bool,,,,,RO,Normal,Adv,,"1b: at least one Flag is set on Bank 3, Page 2Ch",,8-8,Not in SONiC,
FlagsSummaryBank3Page14h,FlagsSummaryBank3Page14h,,7,1,0x04,,bool,,,,,RO,Normal,Adv,,"1b: at least one Flag is set on Bank 3, Page 14h",,8-8,Not in SONiC,
FlagsSummaryBank3Page12h,FlagsSummaryBank3Page12h,,7,1,0x02,,bool,,,,,RO,Normal,Adv,,"1b: at least one Flag is set on Bank 3, Page 12h",,8-8,Not in SONiC,
FlagsSummaryBank3Page11h,FlagsSummaryBank3Page11h,,7,1,0x01,,bool,,,,,RO,Normal,Adv,,"1b: at least one Flag is set on Bank 3, Page 11h",,8-8,Not in SONiC,
CdbCmdCompleteFlag2,CdbCmdCompleteFlag2,,8,1,0x80,,bool,,,,,RO,ClearOnRead,Adv,,Latched Flag to indicate completion of a CDB command for CDB instance 2. Support is advertised in field 01h:163.7-6,,8-9,SONiC wider,FirmwareFault
CdbCmdCompleteFlag1,CdbCmdCompleteFlag1,,8,1,0x40,,bool,,,,,RO,ClearOnRead,Adv,,Latched Flag to indicate completion of a CDB command for CDB instance 1. Support is advertised in field 01h:163.7-6,,8-9,SONiC wider,FirmwareFault
Reserved.Lwr.8,Reserved,,8,1,0x38,,,,,,,,,,,Reserved,,8-9,SONiC wider,FirmwareFault
DataPathFirmwareErrorFlag,DataPathFirmwareErrorFlag,,8,1,0x04,,bool,,,,,RO,ClearOnRead,Adv,,Latched Flag to indicate that subordinated firmware in an auxiliary device for processing transmitted or received signals (e.g. a DSP) has failed.,,8-9,SONiC wider,FirmwareFault
ModuleFirmwareErrorFlag,ModuleFirmwareErrorFlag,,8,1,0x02,,bool,,,,,RO,ClearOnRead,Adv,,Latched Flag to indicate that self-supervision of the main module firmware has detected a failure in the main module firmware itself. There are several possible causes of the error such as program memory becoming corrupted and incomplete firmware loading.,,8-9,SONiC wider,FirmwareFault
ModuleStateChangedFlag,ModuleStateChangedFlag,,8,1,0x01,,bool,,,,,RO,ClearOnRead,Rqd,,Latched Flag to indicate a Module State Change,,8-9,SONiC wider,FirmwareFault
VccMonLowWarningFlag,VccMonLowWarningFlag,,9,1,0x80,,bool,,,,,RO,ClearOnRead,Adv,,Latched Flag for low supply voltage warning,,8-9,SONiC wider,ModuleFlagByte1
VccMonHighWarningFlag,VccMonHighWarningFlag,,9,1,0x40,,bool,,,,,RO,ClearOnRead,Adv,,Latched Flag for high supply voltage warning,,8-9,SONiC wider,ModuleFlagByte1
VccMonLowAlarmFlag,VccMonLowAlarmFlag,,9,1,0x20,,bool,,,,,RO,ClearOnRead,Adv,,Latched Flag for low supply voltage alarm,,8-9,SONiC wider,ModuleFlagByte1
VccMonHighAlarmFlag,VccMonHighAlarmFlag,,9,1,0x10,,bool,,,,,RO,ClearOnRead,Adv,,Latched Flag for high supply voltage alarm,,8-9,SONiC wider,ModuleFlagByte1
TempMonLowWarningFlag,TempMonLowWarningFlag,,9,1,0x08,,bool,,,,,RO,ClearOnRead,Adv,,Latched Flag for low temperature warning,,8-9,SONiC wider,ModuleFlagByte1
TempMonHighWarningFlag,TempMonHighWarningFlag,,9,1,0x04,,bool,,,,,RO,ClearOnRead,Adv,,Latched Flag for high temperature warning,,8-9,SONiC wider,ModuleFlagByte1
TempMonLowAlarmFlag,TempMonLowAlarmFlag,,9,1,0x02,,bool,,,,,RO,ClearOnRead,Adv,,Latched Flag for low temperature alarm,,8-9,SONiC wider,ModuleFlagByte1
TempMonHighAlarmFlag,TempMonHighAlarmFlag,,9,1,0x01,,bool,,,,,RO,ClearOnRead,Adv,,Latched Flag for high temperature alarm,,8-9,SONiC wider,ModuleFlagByte1
Aux2MonLowWarningFlag,Aux2MonLowWarningFlag,,10,1,0x80,,bool,,,,,RO,ClearOnRead,Adv,,Latched Flag for low Aux 2 monitor warning,,8-9,SONiC wider,ModuleFlagByte2
Aux2MonHighWarningFlag,Aux2MonHighWarningFlag,,10,1,0x40,,bool,,,,,RO,ClearOnRead,Adv,,Latched Flag for high Aux 2 monitor warning,,8-9,SONiC wider,ModuleFlagByte2
Aux2MonLowAlarmFlag,Aux2MonLowAlarmFlag,,10,1,0x20,,bool,,,,,RO,ClearOnRead,Adv,,Latched Flag for low Aux 2 monitor alarm,,8-9,SONiC wider,ModuleFlagByte2
Aux2MonHighAlarmFlag,Aux2MonHighAlarmFlag,,10,1,0x10,,bool,,,,,RO,ClearOnRead,Adv,,Latched Flag for high Aux 2 monitor alarm,,8-9,SONiC wider,ModuleFlagByte2
Aux1MonLowWarningFlag,Aux1MonLowWarningFlag,,10,1,0x08,,bool,,,,,RO,ClearOnRead,Adv,,Latched Flag for low Aux 1 monitor warning,,8-9,SONiC wider,ModuleFlagByte2
Aux1MonHighWarningFlag,Aux1MonHighWarningFlag,,10,1,0x04,,bool,,,,,RO,ClearOnRead,Adv,,Latched Flag for high Aux 1 monitor warning,,8-9,SONiC wider,ModuleFlagByte2
Aux1MonLowAlarmFlag,Aux1MonLowAlarmFlag,,10,1,0x02,,bool,,,,,RO,ClearOnRead,Adv,,Latched Flag for low Aux 1 monitor alarm,,8-9,SONiC wider,ModuleFlagByte2
Aux1MonHighAlarmFlag,Aux1MonHighAlarmFlag,,10,1,0x01,,bool,,,,,RO,ClearOnRead,Adv,,Latched Flag for high Aux 1 monitor alarm,,8-9,SONiC wider,ModuleFlagByte2
CustomMonLowWarningFlag,CustomMonLowWarningFlag,,11,1,0x80,,bool,,,,,RO,ClearOnRead,Adv,,Latched Flag for low Vendor Defined Monitor warning,,8-9,SONiC wider,ModuleFlagByte3
CustomMonHighWarningFlag,CustomMonHighWarningFlag,,11,1,0x40,,bool,,,,,RO,ClearOnRead,Adv,,Latched Flag for high Vendor Defined Monitor warning,,8-9,SONiC wider,ModuleFlagByte3
CustomMonLowAlarmFlag,CustomMonLowAlarmFlag,,11,1,0x20,,bool,,,,,RO,ClearOnRead,Adv,,Latched Flag for low Vendor Defined Monitor alarm,,8-9,SONiC wider,ModuleFlagByte3
CustomMonHighAlarmFlag,CustomMonHighAlarmFlag,,11,1,0x10,,bool,,,,,RO,ClearOnRead,Adv,,Latched Flag for high Vendor Defined Monitor alarm,,8-9,SONiC wider,ModuleFlagByte3
Aux3MonLowWarningFlag,Aux3MonLowWarningFlag,,11,1,0x08,,bool,,,,,RO,ClearOnRead,Adv,,Latched Flag for low Aux 3 monitor warning,,8-9,SONiC wider,ModuleFlagByte3
Aux3MonHighWarningFlag,Aux3MonHighWarningFlag,,11,1,0x04,,bool,,,,,RO,ClearOnRead,Adv,,Latched Flag for high Aux 3 monitor warning,,8-9,SONiC wider,ModuleFlagByte3
Aux3MonLowAlarmFlag,Aux3MonLowAlarmFlag,,11,1,0x02,,bool,,,,,RO,ClearOnRead,Adv,,Latched Flag for low Aux 3 monitor alarm,,8-9,SONiC wider,ModuleFlagByte3
Aux3MonHighAlarmFlag,Aux3MonHighAlarmFlag,,11,1,0x01,,bool,,,,,RO,ClearOnRead,Adv,,Latched Flag for high Aux 3 monitor alarm,,8-9,SONiC wider,ModuleFlagByte3
Reserved.Lwr.12,Reserved,,12,1,,,,,,,,,,,,Reserved[1],,8-9,Not in SONiC,
Reserved.Lwr.13,Reserved,,13,1,,,,,,,,,,,,Custom[1],,8-9,Not in SONiC,
TempMonValue,TempMonValue,,14,2,,,s16,degC,0.00390625,Big-endian,,RO,Normal,Adv,,S16 Module Temperature Monitor (Current Value) i nternally measured temperature in 1/256 degree Celsius increments,,8-10,Agrees,Temperature
VccMonVoltage,VccMonVoltage,,16,2,,,u16,uV,100,Big-endian,,RO,Normal,Adv,,U16 Supply Voltage Monitor (Current Value) internally measured input supply voltage in 100 µV increments,,8-10,Agrees,Voltage
Aux1MonValue,Aux1MonValue,,18,2,,,s16,,,Big-endian,"Depends on 01h:145.0: 0b = custom; 1b = TEC current, 100/32767 % of maximum TEC current per LSB (+ heating, - cooling)",RO,Normal,Adv,,"S16 Aux1 Monitor (see Table 8-49) (Current Value) The monitored observable is advertised in 01h:145.0: 0b: Custom 1b: TEC Current in 100%/32767 increments of maximum TEC current magnitude, i.e. of the larger of the heating or cooling current magnitudes +32767 (100%) of the max current magnitude when heating -32767 is -100% of the max current magnitude when cooling",,8-10,Agrees,Aux1MonValue
Aux2MonValue,Aux2MonValue,,20,2,,,s16,,,Big-endian,"Depends on 01h:145.1: 0b = laser temperature, 1/256 degC per LSB; 1b = TEC current, 100/32767 % of maximum TEC current per LSB",RO,Normal,Adv,,"S16 Aux2 Monitor (see Table 8-49) (Current Value) The monitored observable is advertised in 01h:145.1: 0b: Laser Temperature: in 1/256 degree Celsius increments 1b: TEC Current in 100%/32767 increments of maximum TEC current magnitude, i.e. of the larger of the heating or cooling current magnitudes +32767 (100%) of the max current magnitude when heating -32767 is -100% of the max current magnitude when cooling",,8-10,Agrees,Aux2MonValue
Aux3MonValue,Aux3MonValue,,22,2,,,s16,,,Big-endian,"Depends on 01h:145.2: 0b = laser temperature, 1/256 degC per LSB; 1b = additional supply voltage, 100 uV per LSB",RO,Normal,Adv,,S16 Aux3 Monitor (see Table 8-49) (Current Value) The monitored observable is advertised in 01h:145.2: 0b: Laser Temperature: in 1/256 degree Celsius increments 1b: Additional Supply Voltage: in 100 µV increments,,8-10,Agrees,Aux3MonValue
CustomMonValue,CustomMonValue,,24,2,,,s16|u16,,,Big-endian,"Custom monitor: S16 or U16, units defined by the vendor",RO,Normal,Adv,,S 16 or U16: Custom monitor (Current Value),,8-10,Agrees,CustomMonValue
BankBroadcastEnable,BankBroadcastEnable,,26,1,0x80,,bool,,,,,RW,Normal,Adv,,"0b: Bank broadcast for lane-banked pages disabled 1b: Bank broadcast for lane-banked pages enabled When BankBroadcastEnable is set, a WRITE to a control register (i.e. to a register with RW or WO access) in any bank of a lane-banked page is executed as a bank broadcast. Recall that a banked page is lane-banked if banking is used to add support for additional lanes. A bank broadcast is a virtually simultaneous and atomic WRITE of the same value to the same register and the same page, in all supported banks. The module ensures a generalized broadcast register readback condition (see section 5.2.4), such that a READ from any supported bank for the same page and register always yields the value written in the broadcasted WRITE. Advertisement: 01h:156.7",,8-11,SONiC wider,ModuleControl
LowPwrAllowRequestHW,LowPwrAllowRequestHW,,26,1,0x40,,bool,,,,,RW,Normal,Rqd,,"Enables evaluation of the LowPwrRequestHW hardware signal 0b: Module ignores the LowPwrRequestHW signal 1b: Module evaluates the LowPwrRequestHW signal (default) Note: See Table 6-12 and section 6.3.2.2 for more information Note: As LowPwrRequestSW is cleared by default, evaluation of LowPwrRequestHW is enabled by default, allowing the host to request start-up to halt in Low Power mode.",,8-11,SONiC wider,ModuleControl
SquelchMethodSelect,SquelchMethodSelect,,26,1,0x20,,bool,,,,,RW,Normal,Adv,,0b: Squelching of Tx output reduces OMA 1b: Squelching of Tx output reduces P Advertisement: 00h:156.5-4 Note: Method to choose depends on interface standard used. See Table 8-50 for SquelchMethodSelect capability advertising.,,8-11,SONiC wider,ModuleControl
LowPwrRequestSW,LowPwrRequestSW,,26,1,0x10,,bool,,,,,RW,Normal,Rqd,,"0b: No request 1b: Request for the module to stay in, or to return into, Low Power mode Note: See Table 6-12 and section 6.3.2.4 for more information",,8-11,SONiC wider,ModuleControl
SoftwareReset,SoftwareReset,,26,1,0x08,,bool,,,,,WO,SelfClearing,Rqd,,"Self-clearing trigger bit that causes the module to be reset when 1b is written to it. The effect of a SoftwareReset trigger is the same as asserting the Reset hardware signal for the appropriate hold time, followed by its de-assertion. 0b: No action 1b: Software reset",,8-11,SONiC wider,ModuleControl
Reserved.Lwr.26,Reserved,,26,1,0x07,,,,,,,,,,,Custom,,8-11,SONiC wider,ModuleControl
Reserved.Lwr.27,Reserved,,27,1,0xF0,,,,,,,,,,,Reserved,,8-11,Not in SONiC,
MciSpeedConfiguration,MciSpeedConfiguration,,27,1,0x0F,,bitfield4,,,,,WO,SelfClearing,Rqd,,"For SPIMCI: The host configures the speed used for SPI bus transactions. The module uses this MciSpeedConfiguration field to compute the number of fill bytes if it advertises its AddressDecodingDurationFormat as “time” (0h:213.7 = 1). 0: 1MHz 1: 2MHz 2: 4MHz 3: 8MHz 4: 12MHz 5: 16MHz 6: 20MHz 7: 30MHz 8: 40MHz 9: 50MHz After a change, the next bus transaction uses the new speed. The initial speed setting of the module on exit from the MgmtInit state is always 1MHz (MciSpeedConfiguration = 0).",,8-11,Not in SONiC,
Reserved.Lwr.28,Reserved,,28,1,,,,,,,,,,,,Reserved[1],,8-11,Not in SONiC,
Reserved.Lwr.29,Reserved,,29,2,,,,,,,,,,,,Custom [2],,8-11,Not in SONiC,
CdbCmdCompleteMask2,CdbCmdCompleteMask2,,31,1,0x80,,bool,,,,,RW,Normal,Adv,,Mask bit for CdbCmdCompleteFlag2,,8-12,Not in SONiC,
CdbCmdCompleteMask1,CdbCmdCompleteMask1,,31,1,0x40,,bool,,,,,RW,Normal,Adv,,Mask bit for CdbCmdCompleteFlag1,,8-12,Not in SONiC,
Reserved.Lwr.31,Reserved,,31,1,0x38,,,,,,,,,,,Reserved,,8-12,Not in SONiC,
DataPathFirmwareErrorMask,DataPathFirmwareErrorMask,,31,1,0x04,,bool,,,,,RW,Normal,Adv,,Mask bit for DataPathFirmwareErrorFlag,,8-12,Not in SONiC,
ModuleFirmwareErrorMask,ModuleFirmwareErrorMask,,31,1,0x02,,bool,,,,,RW,Normal,Adv,,Mask bit for ModuleFirmwareErrorFlag,,8-12,Not in SONiC,
ModuleStateChangedMask,ModuleStateChangedMask,,31,1,0x01,,bool,,,,,RW,Normal,Rqd,,Mask bit for ModuleStateChangedFlag,,8-12,Not in SONiC,
VccMonLowWarningMask,VccMonLowWarningMask,,32,1,0x80,,bool,,,,,RW,Normal,Adv,,Mask bit for VccMonLowWarningFlag,,8-12,Not in SONiC,
VccMonHighWarningMask,VccMonHighWarningMask,,32,1,0x40,,bool,,,,,RW,Normal,Adv,,Mask bit for VccMonHighWarningFlag,,8-12,Not in SONiC,
VccMonLowAlarmMask,VccMonLowAlarmMask,,32,1,0x20,,bool,,,,,RW,Normal,Adv,,Mask bit for VccMonLowAlarmFlag,,8-12,Not in SONiC,
VccMonHighAlarmMask,VccMonHighAlarmMask,,32,1,0x10,,bool,,,,,RW,Normal,Adv,,Mask bit for VccMonHighAlarmFlag,,8-12,Not in SONiC,
TempMonLowWarningMask,TempMonLowWarningMask,,32,1,0x08,,bool,,,,,RW,Normal,Adv,,Mask bit for TempMonLowWarningFlag,,8-12,Not in SONiC,
TempMonHighWarningMask,TempMonHighWarningMask,,32,1,0x04,,bool,,,,,RW,Normal,Adv,,Mask bit for TempMonHighWarningFlag,,8-12,Not in SONiC,
TempMonLowAlarmMask,TempMonLowAlarmMask,,32,1,0x02,,bool,,,,,RW,Normal,Adv,,Mask bit for TempMonLowAlarmFlag,,8-12,Not in SONiC,
TempMonHighAlarmMask,TempMonHighAlarmMask,,32,1,0x01,,bool,,,,,RW,Normal,Adv,,Mask bit for TempMonHighAlarmFlag,,8-12,Not in SONiC,
Aux2MonLowWarningMask,Aux2MonLowWarningMask,,33,1,0x80,,bool,,,,,RW,Normal,Adv,,Mask bit for Aux2MonLowWarningFlag,,8-12,Not in SONiC,
Aux2MonHighWarningMask,Aux2MonHighWarningMask,,33,1,0x40,,bool,,,,,RW,Normal,Adv,,Mask bit for Aux2MonHighWarningFlag,,8-12,Not in SONiC,
Aux2MonLowAlarmMask,Aux2MonLowAlarmMask,,33,1,0x20,,bool,,,,,RW,Normal,Adv,,Mask bit for Aux2MonLowAlarmFlag,,8-12,Not in SONiC,
Aux2MonHighAlarmMask,Aux2MonHighAlarmMask,,33,1,0x10,,bool,,,,,RW,Normal,Adv,,Mask bit for Aux2MonHighAlarmFlag,,8-12,Not in SONiC,
Aux1MonLowWarningMask,Aux1MonLowWarningMask,,33,1,0x08,,bool,,,,,RW,Normal,Adv,,Mask bit for Aux1MonLowWarningFlag,,8-12,Not in SONiC,
Aux1MonHighWarningMask,Aux1MonHighWarningMask,,33,1,0x04,,bool,,,,,RW,Normal,Adv,,Mask bit for Aux1MonHighWarningFlag,,8-12,Not in SONiC,
Aux1MonLowAlarmMask,Aux1MonLowAlarmMask,,33,1,0x02,,bool,,,,,RW,Normal,Adv,,Mask bit for Aux1MonLowAlarmFlag,,8-12,Not in SONiC,
Aux1MonHighAlarmMask,Aux1MonHighAlarmMask,,33,1,0x01,,bool,,,,,RW,Normal,Adv,,Mask bit for Aux1MonHighAlarmFlag,,8-12,Not in SONiC,
CustomMonLowWarningMask,CustomMonLowWarningMask,,34,1,0x80,,bool,,,,,RW,Normal,Adv,,Mask bit for CustomMonLowWarningFlag,,8-12,Not in SONiC,
CustomMonHighWarningMask,CustomMonHighWarningMask,,34,1,0x40,,bool,,,,,RW,Normal,Adv,,Mask bit for CustomMonHighWarningFlag,,8-12,Not in SONiC,
CustomMonLowAlarmMask,CustomMonLowAlarmMask,,34,1,0x20,,bool,,,,,RW,Normal,Adv,,Mask bit for CustomMonLowAlarmFlag,,8-12,Not in SONiC,
CustomMonHighAlarmMask,CustomMonHighAlarmMask,,34,1,0x10,,bool,,,,,RW,Normal,Adv,,Mask bit for CustomMonHighAlarmFlag,,8-12,Not in SONiC,
Aux3MonLowWarningMask,Aux3MonLowWarningMask,,34,1,0x08,,bool,,,,,RW,Normal,Adv,,Mask bit for Aux3MonLowWarningFlag,,8-12,Not in SONiC,
Aux3MonHighWarningMask,Aux3MonHighWarningMask,,34,1,0x04,,bool,,,,,RW,Normal,Adv,,Mask bit for Aux3MonHighWarningFlag,,8-12,Not in SONiC,
Aux3MonLowAlarmMask,Aux3MonLowAlarmMask,,34,1,0x02,,bool,,,,,RW,Normal,Adv,,Mask bit for Aux3MonLowAlarmFlag,,8-12,Not in SONiC,
Aux3MonHighAlarmMask,Aux3MonHighAlarmMask,,34,1,0x01,,bool,,,,,RW,Normal,Adv,,Mask bit for Aux3MonHighAlarmFlag,,8-12,Not in SONiC,
Reserved.Lwr.35,Reserved,,35,1,,,,,,,,,,,,Reserved[1] for Masks,,8-12,Not in SONiC,
Reserved.Lwr.36,Reserved,,36,1,,,,,,,,,,,,Custom[1] Module level Masks,,8-12,Not in SONiC,
CdbStatus1,CdbStatus1,,37,1,,,bitfield8,,,,,RO,Normal,Adv,,Status of the most recent CDB command in CDB instance 1,,8-13,Agrees,Cdb1Status
CdbStatus2,CdbStatus2,,38,1,,,bitfield8,,,,,RO,Normal,Adv,,Status of the most recent CDB command in CDB instance 2,,8-13,Not in SONiC,
ModuleActiveFirmwareMajorRevision,ModuleActiveFirmwareMajorRevision,,39,1,,,u8,,,,,RO,Normal,Rqd,,U8 Numeric representation of the module’s active firmware major revision,,8-15,Agrees,ModuleActiveFirmwareMajorRevision
ModuleActiveFirmwareMinorRevision,ModuleActiveFirmwareMinorRevision,,40,1,,,u8,,,,,RO,Normal,Rqd,,U8 Numeric representation of the module’s active firmware minor revision,,8-15,Agrees,ModuleActiveFirmwareMinorRevision
ModuleFaultCause,ModuleFaultCause,,41,1,,,enum8,,,,,RO,Normal,Opt,,Reason of entering the ModuleFault state 0: No Fault detected (or field not supported) 1: TEC runaway 2: Data memory corrupted 3: Program memory corrupted 4: Transmitter fault 5: Receiver fault 6: Temperature related fault 7-31: Reserved (fault codes) 32-63: Custom (fault codes) 64-255: Reserved (general),,8-16,Agrees,ModuleFaultCause
Reserved.Lwr.42,Reserved,,42,1,0xF0,,,,,,,RO,Normal,,,Reserved,,8-17,Not in SONiC,
PasswordCmdResult,PasswordCmdResult,,42,1,0x0F,,bitfield4,,,,,RO,Normal,Rqd,,Results status for the most recent password entry or password change entry in 00h:118-125 0000b: not supported (legacy before CMIS 5.3) 0001b: module password entry or change has been accepted 0010b: host password entry or change has been accepted 0011b: password entry not accepted 1000b: password validation in progress Advertisement: 01h:251.3-2,,8-17,Not in SONiC,
Reserved.Lwr.43,Reserved,,43,1,,,,,,,,RO,Normal,,,Reserved,,8-17,Not in SONiC,
Reserved.Lwr.44,Reserved,,44,1,,,,,,,,RO,Normal,,,Reserved,,8-17,Not in SONiC,
Reserved.Lwr.45,Reserved,,45,1,,,,,,,,RO,Normal,,,Reserved,,8-17,Not in SONiC,
CmisSmSupport,CmisSmSupport,,56,1,,,u8,,,,,RO,Normal,Rqd,,"CMIS State Machines (SM) dynamics supported: 0: undefined transceiver or muxceiver (legacy) 1: no state machine supported (e.g. passive cable) 2: MSM only (Resource Module or fixed transceiver) 3: MSM + DPSM (programmable transceiver) 4: MSM + DPSM + NPSM (Muxceiver) 5-FF: Reserved Note: When undefined (prior to CMIS 5.3), the type of module is implicit but can usually be determined from MemoryModel (00h:2) and from other advertisements.",,8-18,Not in SONiC,
ModuleFunctionType,ModuleFunctionType,,57,1,,,u8,,,,,RO,Normal,Rqd,,0: Transmission Module 1: ELSFP Resource Module [10] 2-127: Reserved 128-255: Custom,,8-18,Agrees,ModuleFunctionType
Reserved.Lwr.58,Reserved,,58,2,,,,,,,,RO,Normal,,,Reserved [2],,8-18,Not in SONiC,
Reserved.Lwr.60,Reserved,,60,1,0xF0,,,,,,,RO,Normal,,,Reserved Note: This reservation is conservative since SFF-8024 theoretically allows for 255 transceiver sub-type codes (while only a few are expected to be used).,,8-18,Not in SONiC,
SFF8024ModuleSubtype,SFF8024ModuleSubtype,,60,1,0x0F,,bitfield4,,,,,RO,Normal,Rqd,,"SFF8024ModuleSubtype is an SFF-8024 module subtype identifier, with meaning defined in the Transceiver Sub-type codes table in [5]. It allows the reader to infer information regarding variants of physical form factor or thermal characteristics, depending on the SFF8024Identifier value.",,8-18,Not in SONiC,
Reserved.Lwr.61,Reserved,,61,1,0xF8,,,,,,,RO,Normal,,,Reserved,,8-18,Not in SONiC,
SFF8024FiberFaceType,SFF8024FiberFaceType,,61,1,0x03,,bitfield2,,,,,RO,Normal,Rqd,,"Physical contact specification at optical connectors (assumed to be the same for all optical interfaces) 00b: Unknown, unspecified, or not applicable 01b: PC/UPC (Physical/Ultra Physical contact) 10b: APC (Angled Physical Contact) 11b: Reserved Note: See 00h:203 for connector type information",,8-18,Not in SONiC,
LowPowerRestrictions,LowPowerRestrictions,,62,1,,,enum8,,,,,RO,Normal,Rqd,,"The module advertises if certain management functions, despite being supported in ModuleReady state, are not fully available on entry to ModuleLowPwr state, due to LowPower mode implementation restrictions. See Table 8-19 for the management function groups that may be restricted for that reason. Note: Because restrictions are advertised here, the encoding is somewhat unusual as follows: 0: management functionality fully supported (unrestricted) 1: management functionality not fully supported (restricted) Note: The purpose of his advertisement is to provide full transparency to the host if a module can or cannot fully support certain non-traffic related but possibly power-hungry management functions, because the implementation would violate the power dissipation constraint of Low Power mode. For management functions with result feedback (such as CDB commands) a host may also use a try-and-err approach to find out if the function is supported.",,8-18,Not in SONiC,
Reserved.Lwr.63,Reserved,,63,1,,,,,,,,RO,Normal,,,Reserved,,8-18,Not in SONiC,
MediaType,MediaType,,85,1,,,enum8,,,,,RO,Normal,Rqd,,The MediaType field defines the interpretation of MediaInterfaceID values in the following Application Descriptors. See Table 8-20 for the MediaType encoding.,,8-21,Agrees,ModuleMediaType
HostInterfaceIDApp1,HostInterfaceIDApp1,,86,1,,,u8,,,,,RO,Normal,Rqd,,AppDescriptor1 AppSel 1 (0001b) See Table 8-22,,8-23,Agrees,HostElectricalInterfaceID | HostElectricalInterfaceID_1
MediaInterfaceIDApp1,MediaInterfaceIDApp1,,87,1,,,u8,,,,,RO,Normal,Rqd,,AppDescriptor1 AppSel 1 (0001b) See Table 8-22,,8-23,Agrees,ModuleMediaInterface850nm | ModuleMediaInterface850nm_1 | ModuleMediaInterfaceActiveCable | ModuleMediaInterfaceActiveCable_1 | ModuleMediaInterfaceBaseT | ModuleMediaInterfaceBaseT_1 | ModuleMediaInterfacePassiveCopper | ModuleMediaInterfacePassiveCopper_1 | ModuleMediaInterfaceSM | ModuleMediaInterfaceSM_1
HostLaneCountApp1,HostLaneCountApp1,,88,1,0xF0,,bitfield4,,,,,RO,Normal,Rqd,,AppDescriptor1 AppSel 1 (0001b) See Table 8-22,,8-23,Agrees,HostLaneCount | HostLaneCount_1
MediaLaneCountApp1,MediaLaneCountApp1,,88,1,0x0F,,bitfield4,,,,,RO,Normal,Rqd,,AppDescriptor1 AppSel 1 (0001b) See Table 8-22,,8-23,Agrees,MediaLaneCount | MediaLaneCount_1
HostLaneAssignmentOptionsApp1,HostLaneAssignmentOptionsApp1,,89,1,,,u8,,,,,RO,Normal,Rqd,,AppDescriptor1 AppSel 1 (0001b) See Table 8-22,,8-23,Agrees,HostLaneAssignmentOptions | HostLaneAssignmentOptions_1
HostInterfaceIDApp2,HostInterfaceIDApp2,,90,1,,,u8,,,,,RO,Normal,Rqd,,AppDescriptor2 AppSel 2 (0010b) See Table 8-22,,8-23,Agrees,HostElectricalInterfaceID_2
MediaInterfaceIDApp2,MediaInterfaceIDApp2,,91,1,,,u8,,,,,RO,Normal,Rqd,,AppDescriptor2 AppSel 2 (0010b) See Table 8-22,,8-23,Agrees,ModuleMediaInterface850nm_2 | ModuleMediaInterfaceActiveCable_2 | ModuleMediaInterfaceBaseT_2 | ModuleMediaInterfacePassiveCopper_2 | ModuleMediaInterfaceSM_2
HostLaneCountApp2,HostLaneCountApp2,,92,1,0xF0,,bitfield4,,,,,RO,Normal,Rqd,,AppDescriptor2 AppSel 2 (0010b) See Table 8-22,,8-23,Agrees,HostLaneCount_2
MediaLaneCountApp2,MediaLaneCountApp2,,92,1,0x0F,,bitfield4,,,,,RO,Normal,Rqd,,AppDescriptor2 AppSel 2 (0010b) See Table 8-22,,8-23,Agrees,MediaLaneCount_2
HostLaneAssignmentOptionsApp2,HostLaneAssignmentOptionsApp2,,93,1,,,u8,,,,,RO,Normal,Rqd,,AppDescriptor2 AppSel 2 (0010b) See Table 8-22,,8-23,Agrees,HostLaneAssignmentOptions_2
HostInterfaceIDApp3,HostInterfaceIDApp3,,94,1,,,u8,,,,,RO,Normal,Cnd,,AppDescriptor3 AppSel 3 (0011b) See Table 8-22,,8-23,Agrees,HostElectricalInterfaceID_3
MediaInterfaceIDApp3,MediaInterfaceIDApp3,,95,1,,,u8,,,,,RO,Normal,Cnd,,AppDescriptor3 AppSel 3 (0011b) See Table 8-22,,8-23,Agrees,ModuleMediaInterface850nm_3 | ModuleMediaInterfaceActiveCable_3 | ModuleMediaInterfaceBaseT_3 | ModuleMediaInterfacePassiveCopper_3 | ModuleMediaInterfaceSM_3
HostLaneCountApp3,HostLaneCountApp3,,96,1,0xF0,,bitfield4,,,,,RO,Normal,Cnd,,AppDescriptor3 AppSel 3 (0011b) See Table 8-22,,8-23,Agrees,HostLaneCount_3
MediaLaneCountApp3,MediaLaneCountApp3,,96,1,0x0F,,bitfield4,,,,,RO,Normal,Cnd,,AppDescriptor3 AppSel 3 (0011b) See Table 8-22,,8-23,Agrees,MediaLaneCount_3
HostLaneAssignmentOptionsApp3,HostLaneAssignmentOptionsApp3,,97,1,,,u8,,,,,RO,Normal,Cnd,,AppDescriptor3 AppSel 3 (0011b) See Table 8-22,,8-23,Agrees,HostLaneAssignmentOptions_3
HostInterfaceIDApp4,HostInterfaceIDApp4,,98,1,,,u8,,,,,RO,Normal,Cnd,,AppDescriptor4 AppSel 4 (0100b) See Table 8-22,,8-23,Agrees,HostElectricalInterfaceID_4
MediaInterfaceIDApp4,MediaInterfaceIDApp4,,99,1,,,u8,,,,,RO,Normal,Cnd,,AppDescriptor4 AppSel 4 (0100b) See Table 8-22,,8-23,Agrees,ModuleMediaInterface850nm_4 | ModuleMediaInterfaceActiveCable_4 | ModuleMediaInterfaceBaseT_4 | ModuleMediaInterfacePassiveCopper_4 | ModuleMediaInterfaceSM_4
HostLaneCountApp4,HostLaneCountApp4,,100,1,0xF0,,bitfield4,,,,,RO,Normal,Cnd,,AppDescriptor4 AppSel 4 (0100b) See Table 8-22,,8-23,Agrees,HostLaneCount_4
MediaLaneCountApp4,MediaLaneCountApp4,,100,1,0x0F,,bitfield4,,,,,RO,Normal,Cnd,,AppDescriptor4 AppSel 4 (0100b) See Table 8-22,,8-23,Agrees,MediaLaneCount_4
HostLaneAssignmentOptionsApp4,HostLaneAssignmentOptionsApp4,,101,1,,,u8,,,,,RO,Normal,Cnd,,AppDescriptor4 AppSel 4 (0100b) See Table 8-22,,8-23,Agrees,HostLaneAssignmentOptions_4
HostInterfaceIDApp5,HostInterfaceIDApp5,,102,1,,,u8,,,,,RO,Normal,Cnd,,AppDescriptor5 AppSel 5 (0101b) See Table 8-22,,8-23,Agrees,HostElectricalInterfaceID_5
MediaInterfaceIDApp5,MediaInterfaceIDApp5,,103,1,,,u8,,,,,RO,Normal,Cnd,,AppDescriptor5 AppSel 5 (0101b) See Table 8-22,,8-23,Agrees,ModuleMediaInterface850nm_5 | ModuleMediaInterfaceActiveCable_5 | ModuleMediaInterfaceBaseT_5 | ModuleMediaInterfacePassiveCopper_5 | ModuleMediaInterfaceSM_5
HostLaneCountApp5,HostLaneCountApp5,,104,1,0xF0,,bitfield4,,,,,RO,Normal,Cnd,,AppDescriptor5 AppSel 5 (0101b) See Table 8-22,,8-23,Agrees,HostLaneCount_5
MediaLaneCountApp5,MediaLaneCountApp5,,104,1,0x0F,,bitfield4,,,,,RO,Normal,Cnd,,AppDescriptor5 AppSel 5 (0101b) See Table 8-22,,8-23,Agrees,MediaLaneCount_5
HostLaneAssignmentOptionsApp5,HostLaneAssignmentOptionsApp5,,105,1,,,u8,,,,,RO,Normal,Cnd,,AppDescriptor5 AppSel 5 (0101b) See Table 8-22,,8-23,Agrees,HostLaneAssignmentOptions_5
HostInterfaceIDApp6,HostInterfaceIDApp6,,106,1,,,u8,,,,,RO,Normal,Cnd,,AppDescriptor6 AppSel 6 (0110b) See Table 8-22,,8-23,Agrees,HostElectricalInterfaceID_6
MediaInterfaceIDApp6,MediaInterfaceIDApp6,,107,1,,,u8,,,,,RO,Normal,Cnd,,AppDescriptor6 AppSel 6 (0110b) See Table 8-22,,8-23,Agrees,ModuleMediaInterface850nm_6 | ModuleMediaInterfaceActiveCable_6 | ModuleMediaInterfaceBaseT_6 | ModuleMediaInterfacePassiveCopper_6 | ModuleMediaInterfaceSM_6
HostLaneCountApp6,HostLaneCountApp6,,108,1,0xF0,,bitfield4,,,,,RO,Normal,Cnd,,AppDescriptor6 AppSel 6 (0110b) See Table 8-22,,8-23,Agrees,HostLaneCount_6
MediaLaneCountApp6,MediaLaneCountApp6,,108,1,0x0F,,bitfield4,,,,,RO,Normal,Cnd,,AppDescriptor6 AppSel 6 (0110b) See Table 8-22,,8-23,Agrees,MediaLaneCount_6
HostLaneAssignmentOptionsApp6,HostLaneAssignmentOptionsApp6,,109,1,,,u8,,,,,RO,Normal,Cnd,,AppDescriptor6 AppSel 6 (0110b) See Table 8-22,,8-23,Agrees,HostLaneAssignmentOptions_6
HostInterfaceIDApp7,HostInterfaceIDApp7,,110,1,,,u8,,,,,RO,Normal,Cnd,,AppDescriptor7 AppSel 7 (0111b) See Table 8-22,,8-23,Agrees,HostElectricalInterfaceID_7
MediaInterfaceIDApp7,MediaInterfaceIDApp7,,111,1,,,u8,,,,,RO,Normal,Cnd,,AppDescriptor7 AppSel 7 (0111b) See Table 8-22,,8-23,Agrees,ModuleMediaInterface850nm_7 | ModuleMediaInterfaceActiveCable_7 | ModuleMediaInterfaceBaseT_7 | ModuleMediaInterfacePassiveCopper_7 | ModuleMediaInterfaceSM_7
HostLaneCountApp7,HostLaneCountApp7,,112,1,0xF0,,bitfield4,,,,,RO,Normal,Cnd,,AppDescriptor7 AppSel 7 (0111b) See Table 8-22,,8-23,Agrees,HostLaneCount_7
MediaLaneCountApp7,MediaLaneCountApp7,,112,1,0x0F,,bitfield4,,,,,RO,Normal,Cnd,,AppDescriptor7 AppSel 7 (0111b) See Table 8-22,,8-23,Agrees,MediaLaneCount_7
HostLaneAssignmentOptionsApp7,HostLaneAssignmentOptionsApp7,,113,1,,,u8,,,,,RO,Normal,Cnd,,AppDescriptor7 AppSel 7 (0111b) See Table 8-22,,8-23,Agrees,HostLaneAssignmentOptions_7
HostInterfaceIDApp8,HostInterfaceIDApp8,,114,1,,,u8,,,,,RO,Normal,Cnd,,AppDescriptor8 AppSel 8 (1000b) See Table 8-22,,8-23,Agrees,HostElectricalInterfaceID_8
MediaInterfaceIDApp8,MediaInterfaceIDApp8,,115,1,,,u8,,,,,RO,Normal,Cnd,,AppDescriptor8 AppSel 8 (1000b) See Table 8-22,,8-23,Agrees,ModuleMediaInterface850nm_8 | ModuleMediaInterfaceActiveCable_8 | ModuleMediaInterfaceBaseT_8 | ModuleMediaInterfacePassiveCopper_8 | ModuleMediaInterfaceSM_8
HostLaneCountApp8,HostLaneCountApp8,,116,1,0xF0,,bitfield4,,,,,RO,Normal,Cnd,,AppDescriptor8 AppSel 8 (1000b) See Table 8-22,,8-23,Agrees,HostLaneCount_8
MediaLaneCountApp8,MediaLaneCountApp8,,116,1,0x0F,,bitfield4,,,,,RO,Normal,Cnd,,AppDescriptor8 AppSel 8 (1000b) See Table 8-22,,8-23,Agrees,MediaLaneCount_8
HostLaneAssignmentOptionsApp8,HostLaneAssignmentOptionsApp8,,117,1,,,u8,,,,,RO,Normal,Cnd,,AppDescriptor8 AppSel 8 (1000b) See Table 8-22,,8-23,Agrees,HostLaneAssignmentOptions_8
PasswordChangeEntryArea,PasswordChangeEntryArea,,118,4,,,u32,,,Big-endian,,WO,SelfClearing,Opt,,U32: new password value,,8-24,Not in SONiC,
PasswordEntryArea,PasswordEntryArea,,122,4,,,u32,,,Big-endian,,WO,SelfClearing,Opt,,U32: password value,,8-24,Not in SONiC,
BankSelect,BankSelect,,126,1,,,u8,,,,,RW,Normal,Cnd,,Bank Index of Page mapped to Upper Memory (if applicable). The current BankSelect value determines which Bank of a Page is accessed (for Pages with Banking) when a host ACCESS addresses a Byte in Upper Memory (address 128 through 255). Ignored when the Page indexed by PageSelect is unbanked.,,8-25,Not in SONiC,
PageSelect,PageSelect,,127,1,,,u8,,,,,RWW,Normal,Cnd,,Page Index of Page mapped to Upper Memory The current PageSelect value determines which Page (or Page in a Bank) is accessed when a host ACCESS addresses a Byte in Upper Memory (address 128 through 255) Note: The module will clear the PageSelect when needed to prevent mapping an unsupported page.,,8-25,Not in SONiC,
SFF8024Identifier.00h,SFF8024Identifier,0x00,128,1,,,u8,,,,,RO,Normal,Rqd,,This Byte shall contain the same value as the SFF8024 Identifier Byte 00h:0. See Byte 00h:0 for a description of its meaning.,8.3.1,8-27,Agrees,Identifier Abbreviation
VendorName,VendorName,0x00,129,16,,,ascii[16],,,,,RO,Normal,Rqd,,Vendor name (ASCII),,8-28,Agrees,VendorName
VendorOUI,VendorOUI,0x00,145,3,,,bytes[3],,,,,RO,Normal,Rqd,,Vendor IEEE company ID,,8-28,Agrees,VendorOUI
VendorPN,VendorPN,0x00,148,16,,,ascii[16],,,,,RO,Normal,Rqd,,Part number provided by vendor (ASCII),,8-28,Agrees,VendorPN
VendorRev,VendorRev,0x00,164,2,,,ascii[2],,,,,RO,Normal,Rqd,,Revision level for part number provided by vendor (ASCII),,8-28,Agrees,VendorRev
VendorSN,VendorSN,0x00,166,16,,,ascii[16],,,,,RO,Normal,Rqd,,Vendor Serial Number (ASCII),,8-28,Agrees,VendorSN
DateCode,DateCode,0x00,182,8,,,ascii[8],,,,,RO,Normal,Rqd,,Manufacturing Date Code (ASCII),,8-28,Agrees,VendorDate
Year,Year,0x00,182,2,,,ascii[2],,,,,RO,Normal,Rqd,,ASCII two low order digits of year (00=2000),,8-29,SONiC wider,VendorDate
Month,Month,0x00,184,2,,,ascii[2],,,,,RO,Normal,Rqd,,ASCII digits of month (01=Jan through 12=Dec),,8-29,SONiC wider,VendorDate
DayOfMonth,DayOfMonth,0x00,186,2,,,ascii[2],,,,,RO,Normal,Rqd,,ASCII day of month (01-31),,8-29,SONiC wider,VendorDate
LotCode,LotCode,0x00,188,2,,,ascii[2],,,,,RO,Normal,Opt,,"ASCII custom lot code, may be blank",,8-29,SONiC wider,VendorDate
CLEICode,CLEICode,0x00,190,10,,,ascii[10],,,,,RO,Normal,Rqd,,Common Language Equipment Identification Code (ASCII),,8-28; 8-30,Not in SONiC,
ModulePowerClass,ModulePowerClass,0x00,200,1,0xE0,,bitfield3,,,,,RO,Normal,Rqd,,000: Power class 1 001: Power class 2 010: Power class 3 011: Power class 4 100: Power class 5 101: Power class 6 110: Power class 7 111: Power class 8,,8-31,Agrees (SONiC splits),Power Class_5; Power Class_6; Power Class_7
Reserved.00h.200,Reserved,0x00,200,1,0x1F,,,,,,,RO,Normal,,,Reserved,,8-31,Not in SONiC,
MaxPower,MaxPower,0x00,201,1,,,u8,W,0.25,,,RO,Normal,Rqd,,Maximum power consumption in multiples of 0.25 W rounded up to the next whole multiple of 0.25 W,,8-31,Agrees,MaxPower
LengthMultiplier,LengthMultiplier,0x00,202,1,0xC0,,bitfield2,,,,,RO,Normal,Rqd,,Multiplier for value in bits 5-0: 00: multiplier 0.1 01: multiplier 1 10: multiplier 10 11: multiplier 100,,8-32,Agrees (SONiC splits),LengthMultiplier_6; LengthMultiplier_7
BaseLength,BaseLength,0x00,202,1,0x3F,,bitfield6,m,1,,"Multiply by LengthMultiplier (00h:202.7-6): 00b x0.1, 01b x1, 10b x10, 11b x100",RO,Normal,Rqd,,"Link length base value in meters. To calculate actual link length use multiplier in bits 7-6. A value of 0 indicates an undefined Link Length, e.g. when the physical media can be disconnected from the module.",,8-32,Agrees (SONiC splits),Length Cable Assembly_0; Length Cable Assembly_1; Length Cable Assembly_2; Length Cable Assembly_3; Length Cable Assembly_4; Length Cable Assembly_5
ConnectorType,ConnectorType,0x00,203,1,,,u8,,,,,RO,Normal,Rqd,,Type of connector present in the module. See Table 4-3 in [5] for Connector Type codes.,,8-33,Agrees,Connector
AttenuationAt5GHz,AttenuationAt5GHz,0x00,204,1,,,u8,dB,1,,,RO,Normal,Cnd,,U8 cable attenuation at 5 GHz in 1 dB increments,,8-34,Not in SONiC,
AttenuationAt7GHz,AttenuationAt7GHz,0x00,205,1,,,u8,dB,1,,,RO,Normal,Cnd,,U8 cable attenuation at 7 GHz in 1 dB increments,,8-34,Not in SONiC,
AttenuationAt12p9GHz,AttenuationAt12p9GHz,0x00,206,1,,,u8,dB,1,,,RO,Normal,Cnd,,U8 cable attenuation at 12.9 GHz in 1 dB increments,,8-34,Not in SONiC,
AttenuationAt25p8GHz,AttenuationAt25p8GHz,0x00,207,1,,,u8,dB,1,,,RO,Normal,Cnd,,U8 cable attenuation at 25.8 GHz in 1 dB increments,,8-34,Not in SONiC,
AttenuationAt53p1GHz,AttenuationAt53p1GHz,0x00,208,1,,,u8,dB,1,,,RO,Normal,Cnd,,U8 cable attenuation at 53.125 GHz in 1 dB increments. A value of 0 dB indicates that this characteristic is not available (not relevant or otherwise unknown),,8-34,Not in SONiC,
Reserved.00h.209,Reserved,0x00,209,1,,,,,,,,RO,Normal,,,Reserved,,8-34,Not in SONiC,
MediaLaneUnsupportedLane8,MediaLaneUnsupportedLane8,0x00,210,1,0x80,,bool,,,,,RO,Normal,Cnd,,"Bool: MediaLaneUnsupportedLane<i> 0b: Media Lane <i> supported 1b: Media Lane <i> not supported Condition: Module supports at most 8 host lanes. Otherwise, byte is reserved (0 valued). Hosts should ignore this byte when the m odule supports more than 8 host lanes.",,8-35,Not in SONiC,
MediaLaneUnsupportedLane7,MediaLaneUnsupportedLane7,0x00,210,1,0x40,,bool,,,,,RO,Normal,Cnd,,"Bool: MediaLaneUnsupportedLane<i> 0b: Media Lane <i> supported 1b: Media Lane <i> not supported Condition: Module supports at most 8 host lanes. Otherwise, byte is reserved (0 valued). Hosts should ignore this byte when the m odule supports more than 8 host lanes.",,8-35,Not in SONiC,
MediaLaneUnsupportedLane6,MediaLaneUnsupportedLane6,0x00,210,1,0x20,,bool,,,,,RO,Normal,Cnd,,"Bool: MediaLaneUnsupportedLane<i> 0b: Media Lane <i> supported 1b: Media Lane <i> not supported Condition: Module supports at most 8 host lanes. Otherwise, byte is reserved (0 valued). Hosts should ignore this byte when the m odule supports more than 8 host lanes.",,8-35,Not in SONiC,
MediaLaneUnsupportedLane5,MediaLaneUnsupportedLane5,0x00,210,1,0x10,,bool,,,,,RO,Normal,Cnd,,"Bool: MediaLaneUnsupportedLane<i> 0b: Media Lane <i> supported 1b: Media Lane <i> not supported Condition: Module supports at most 8 host lanes. Otherwise, byte is reserved (0 valued). Hosts should ignore this byte when the m odule supports more than 8 host lanes.",,8-35,Not in SONiC,
MediaLaneUnsupportedLane4,MediaLaneUnsupportedLane4,0x00,210,1,0x08,,bool,,,,,RO,Normal,Cnd,,"Bool: MediaLaneUnsupportedLane<i> 0b: Media Lane <i> supported 1b: Media Lane <i> not supported Condition: Module supports at most 8 host lanes. Otherwise, byte is reserved (0 valued). Hosts should ignore this byte when the m odule supports more than 8 host lanes.",,8-35,Not in SONiC,
MediaLaneUnsupportedLane3,MediaLaneUnsupportedLane3,0x00,210,1,0x04,,bool,,,,,RO,Normal,Cnd,,"Bool: MediaLaneUnsupportedLane<i> 0b: Media Lane <i> supported 1b: Media Lane <i> not supported Condition: Module supports at most 8 host lanes. Otherwise, byte is reserved (0 valued). Hosts should ignore this byte when the m odule supports more than 8 host lanes.",,8-35,Not in SONiC,
MediaLaneUnsupportedLane2,MediaLaneUnsupportedLane2,0x00,210,1,0x02,,bool,,,,,RO,Normal,Cnd,,"Bool: MediaLaneUnsupportedLane<i> 0b: Media Lane <i> supported 1b: Media Lane <i> not supported Condition: Module supports at most 8 host lanes. Otherwise, byte is reserved (0 valued). Hosts should ignore this byte when the m odule supports more than 8 host lanes.",,8-35,Not in SONiC,
MediaLaneUnsupportedLane1,MediaLaneUnsupportedLane1,0x00,210,1,0x01,,bool,,,,,RO,Normal,Cnd,,"Bool: MediaLaneUnsupportedLane<i> 0b: Media Lane <i> supported 1b: Media Lane <i> not supported Condition: Module supports at most 8 host lanes. Otherwise, byte is reserved (0 valued). Hosts should ignore this byte when the m odule supports more than 8 host lanes.",,8-35,Not in SONiC,
Reserved.00h.211,Reserved,0x00,211,1,0xE0,,,,,,,RO,Normal,,,Reserved,,8-36,Not in SONiC,
FarEndConfiguration,FarEndConfiguration,0x00,211,1,0x1F,,bitfield5,,,,,RO,Normal,Cnd,,Configuration of the far end module breakout. See Table 8-38 for configuration codes,,8-36,Not in SONiC,
MediaInterfaceTechnology,MediaInterfaceTechnology,0x00,212,1,,,u8,,,,,RO,Normal,Rqd,,Media Interface Technology as per Table 8-40,,8-39,Agrees,MediaInterfaceTechnology
MciFlowControlDurationEncoding,MciFlowControlDurationEncoding,0x00,213,1,0x80,,bool,,,,,RO,Normal,Cnd,,Defines the method to determine the duration of the Flow Control Phase 0b: static (given as number of bytes) 1b: speed-dependent (given as a duration),,8-41,Not in SONiC,
MciFlowControlDuration,MciFlowControlDuration,0x00,213,1,0x7F,,enum7,,,,,RO,Normal,Cnd,,"Used by both host and module to compute the number 𝑵 of dummy bytes sent by the host during the Flow Control phase, in encoding dependent manner: MciFlowControlDurationEncoding static: 𝑵=2+𝑀𝑐𝑖𝐹𝑙𝑜𝑤𝐶𝑜𝑛𝑡𝑟𝑜𝑙𝐷𝑢𝑟𝑎𝑡𝑖𝑜𝑛 MciFlowControlDurationEncoding speed-dependent: 𝐷 =0.2𝜇𝑠⋅𝑀𝑐𝑖𝐹𝑙𝑜𝑤𝐶𝑜𝑛𝑡𝑟𝑜𝑙𝐷𝑢𝑟𝑎𝑡𝑖𝑜𝑛 𝑵=max (2,𝑐𝑒𝑖𝑙(𝐷⋅𝑆𝑝𝑖𝑆𝑝𝑒𝑒𝑑𝐼𝑛𝑀𝐻𝑧/8)) where the ‘ceiling’ function 𝑐𝑒𝑖𝑙(.) returns the smallest integer that is not smaller than its argument and where the SPI speed SpiSpeedInMHz is to be determined from decoding MciSpeedConfiguration (0h:27:3-0)",,8-41,Not in SONiC,
Reserved.00h.214,Reserved,0x00,214,1,,,,,,,,,,,,Reserved,,8-41,Not in SONiC,
PageChecksum.00h,PageChecksum,0x00,222,1,,,u8,,,,,RO,Normal,,,Page Checksum over bytes 128-221,8.3.11,8-26,Not in SONiC,
ModuleInactiveFirmwareMajorRevision,ModuleInactiveFirmwareMajorRevision,0x01,128,1,,,u8,,,,,RO,Normal,Rqd,,U8 Numeric representation of module inactive firmware major revision,,8-43,Agrees,ModuleInactiveFirmwareMajorRevision
ModuleInactiveFirmwareMinorRevision,ModuleInactiveFirmwareMinorRevision,0x01,129,1,,,u8,,,,,RO,Normal,Rqd,,U8 Numeric representation of module inactive firmware minor revision,,8-43,Agrees,ModuleInactiveFirmwareMinorRevision
ModuleHardwareMajorRevision,ModuleHardwareMajorRevision,0x01,130,1,,,u8,,,,,RO,Normal,Rqd,,U8 Numeric representation of module hardware major revision,,8-43,Agrees,ModuleHardwareMajorRevision
ModuleHardwareMinorRevision,ModuleHardwareMinorRevision,0x01,131,1,,,u8,,,,,RO,Normal,Rqd,,U8 Numeric representation of module hardware minor revision,,8-43,Agrees,ModuleHardwareMinorRevision
LengthMultiplierSMF,LengthMultiplierSMF,0x01,132,1,0xC0,,bitfield2,,,,,RO,Normal,Rqd,,Link length multiplier for SMF fiber 00: 0.1 (0.1 to 6.3 km) 01: 1 (1 to 63 km) 10: 10 (10 to 630 km) 11: multiplier is specified in 01h:137,,8-44,Not in SONiC,
BaseLengthSMF,BaseLengthSMF,0x01,132,1,0x3F,,bitfield6,km,1,,"Multiply by LengthMultiplierSMF (01h:132.7-6): 00b x0.1, 01b x1, 10b x10, 11b per 01h:137",RO,Normal,Rqd,,Base link length for SMF fiber in km. Must be multiplied by multiplier defined in bits 7-6 to calculate actual link length.,,8-44,Not in SONiC,
LengthOM5,LengthOM5,0x01,133,1,,,u8,m,2,,,RO,Normal,Rqd,,"Link length supported for OM5 fiber, units of 2 m (2 to 510 m)",,8-44,Not in SONiC,
LengthOM4,LengthOM4,0x01,134,1,,,u8,m,2,,,RO,Normal,Rqd,,"Link length supported for OM4 fiber, units of 2 m (2 to 510 m)",,8-44,Not in SONiC,
LengthOM3,LengthOM3,0x01,135,1,,,u8,m,2,,,RO,Normal,Rqd,,"Link length supported for EBW 50/125 µm fiber (OM3), units of 2m (2 to 510 m)",,8-44,Not in SONiC,
LengthOM2,LengthOM2,0x01,136,1,,,u8,m,1,,,RO,Normal,Rqd,,"Link length supported for 50/125 µm fiber (OM2), units of 1m (1 to 255 m)",,8-44,Not in SONiC,
LengthMultiplierSMF2,LengthMultiplierSMF2,0x01,137,1,0xC0,,bitfield2,,,,,RO,Normal,Rqd,,Link length multiplier for SMF fiber (if 01h:132 = 11) 00: 50 (50 to 3150 km) 01: 100 (100 to 6300 km) 10: 200 (200 to 12600 km) 11: 500 (500 to 31500 km),,8-44,Not in SONiC,
Reserved.01h.137,Reserved,0x01,137,1,0x3F,,,,,,,,,,,Reserved,,8-44,Not in SONiC,
NominalWavelength,NominalWavelength,0x01,138,2,,,u16,nm,0.05,Big-endian,,RO,Normal,Cnd,,U16 nominal transmitter output wavelength for a single wavelength module at room temperature in units of 0.05nm,,8-45,Not in SONiC,
WavelengthTolerance,WavelengthTolerance,0x01,140,2,,,u16,nm,0.005,Big-endian,,RO,Normal,Cnd,,U16 wavelength tolerance tol as the worst case +/-tol range around the NominalWavelength under all normal operating conditions in units of 0.005nm,,8-45,Not in SONiC,
NetworkPathPagesSupported,NetworkPathPagesSupported,0x01,142,1,0x80,,bool,,,,,RO,Normal,Rqd,,Page 16h and NP-related parts of Page 17h supported,,8-46,Not in SONiC,
VDMPagesSupported,VDMPagesSupported,0x01,142,1,0x40,,bool,,,,,RO,Normal,Rqd,,VDM Pages 20h-2Fh (partially) supported (advertisement details in Page 2Fh),,8-46,Agrees,VdmSupported
DiagnosticPagesSupported,DiagnosticPagesSupported,0x01,142,1,0x20,,bool,,,,,RO,Normal,Rqd,,Banked Pages 13h-14h supported,,8-46,Agrees,Supported Diagnostic Pages Advertisement
CoherentPagesSupported,CoherentPagesSupported,0x01,142,1,0x10,,bool,,,,,RO,Normal,Rqd,,Banked Pages 30h-4Fh (partially) supported (advertisement details are specified in [7]),,8-46,Agrees,CoherentPagesSupported
CmisFfSupported,CmisFfSupported,0x01,142,1,0x08,,bool,,,,,RO,Normal,Rqd,,Form Factor specific functionality as specified in the CMIS-FF supplement [8] is supported on Page 05h.,,8-46,Not in SONiC,
Page03hSupported,Page03hSupported,0x01,142,1,0x04,,bool,,,,,RO,Normal,Rqd,,User Page 03h supported,,8-46,Not in SONiC,
BanksSupported,BanksSupported,0x01,142,1,0x03,,enum2,,,,,RO,Normal,Rqd,,Banks supported for those Pages in range 10h-2Fh that are lane-banked by groups of 8 lanes 00b: Bank 0 supported (8 lanes) 01b: Banks 0 and 1 supported (16 lanes) 10b: Banks 0-3 supported (32 lanes) 1 1b: reserved,,8-46,Agrees,BanksSupported
ModSelWaitTimeExponent,ModSelWaitTimeExponent,0x01,143,1,0xE0,,bitfield3,us,,,ModSelWaitTime = Mantissa x 2^Exponent us (01h:143),RO,Normal,Rqd,,ModSelWaitTime value represented as m∙2 in μs 00h: no data available,,8-47,Not in SONiC,
ModSelWaitTimeMantissa,ModSelWaitTimeMantissa,0x01,143,1,0x1F,,bitfield5,us,,,ModSelWaitTime = Mantissa x 2^Exponent us (01h:143),RO,Normal,Rqd,,ModSelWaitTime value represented as m∙2 in μs 00h: no data available,,8-47,Not in SONiC,
MaxDurationDPDeinit,MaxDurationDPDeinit,0x01,144,1,0xF0,,bitfield4,,,,,RO,Normal,Rqd,,Maximum duration of the DPDeinit state (encoded as per Table 8-48),,8-47,Agrees,DPDeinitDuration
MaxDurationDPInit,MaxDurationDPInit,0x01,144,1,0x0F,,bitfield4,,,,,RO,Normal,Rqd,,Maximum duration of the DPInit state (encoded as per Table 8-48),,8-47,Agrees,DPInitDuration
CoolingImplemented,CoolingImplemented,0x01,145,1,0x80,,bool,,,,,RO,Normal,Rqd,,0b: Uncooled transmitter device 1b: Cooled transmitter,,8-49,SONiC wider,AuxMonitorType
TxInputClockingCapabilities,TxInputClockingCapabilities,0x01,145,1,0x60,,enum2,,,,,RO,Normal,Rqd,,"Defines which Tx input lanes must be frequency synchronous 00b: Tx input lanes 1-8 01b: Tx input lanes 1-4 and 5-8 10b: Tx input lanes 1-2, 3-4, 5-6, 7-8 11b: Lanes may be asynchronous in frequency When more than 8 lanes are supported, the above grouping applies to each group of 8 lanes (each Bank)",,8-49,SONiC wider,AuxMonitorType
ePPSSupported,ePPSSupported,0x01,145,1,0x10,,bool,,,,,RO,Normal,Rqd,,Support of the Enhanced Pulse Per Second timing signal [2] 0b/1b: ePPS signal processing not supported/supported,,8-49,SONiC wider,AuxMonitorType
TimingPage15hSupported,TimingPage15hSupported,0x01,145,1,0x08,,bool,,,,,RO,Normal,Rqd,,0b: Timing characteristics (Page 15h) not supported 1b: Timing characteristics (Page 15h) supported,,8-49,SONiC wider,AuxMonitorType
Aux3MonObservable,Aux3MonObservable,0x01,145,1,0x04,,bool,,,,,RO,Normal,Adv,,0b: Aux 3 monitor monitors Laser Temperature 1b: Aux 3 monitor monitors Vcc2,,8-49,SONiC wider,AuxMonitorType
Aux2MonObservable,Aux2MonObservable,0x01,145,1,0x02,,bool,,,,,RO,Normal,Adv,,0b: Aux 2 monitor monitors Laser Temperature 1b: Aux 2 monitor monitors TEC current,,8-49,SONiC wider,AuxMonitorType
Aux1MonObservable,Aux1MonObservable,0x01,145,1,0x01,,bool,,,,,RO,Normal,Adv,,0b: Aux 1 monitor is custom 1b: Aux 1 monitor monitors TEC current,,8-49,SONiC wider,AuxMonitorType
ModuleTempMax,ModuleTempMax,0x01,146,1,,,s8,degC,1,,,RO,Normal,Cnd,,S8 Maximum allowed module temperature in 1 deg C increments. ModuleTempMax = ModuleTempMin = 0 indicates ‘not specified’.,,8-49,Not in SONiC,
ModuleTempMin,ModuleTempMin,0x01,147,1,,,s8,degC,1,,,RO,Normal,Cnd,,S8 Minimum allowed module temperature in 1 deg C increments. ModuleTempMax = ModuleTempMin = 0 indicates ‘not specified’.,,8-49,Not in SONiC,
PropagationDelay,PropagationDelay,0x01,148,2,,,u16,ns,10,Big-endian,,RO,Normal,Cnd,,"U16 Propagation delay of a non-separable AOC in multiples of 10 ns rounded to the nearest 10 ns, or zero for ‘not specified’.",8.4.6,8-49,Not in SONiC,
OperatingVoltageMin,OperatingVoltageMin,0x01,150,1,,,u8,mV,20,,,RO,Normal,Cnd,,"U8 Minimum supported module operating voltage, in 20 mV increments (0-5.1 V), or zero for ‘not specified’.",,8-49,Not in SONiC,
OpticalDetectorType,OpticalDetectorType,0x01,151,1,0x80,,bool,,,,,RO,Normal,Rqd,,0b: PIN detector 1b: APD detector,,8-49,Not in SONiC,
RxOutputEqType,RxOutputEqType,0x01,151,1,0x60,,enum2,,,,,RO,Normal,Rqd,,"00b: Peak-to-peak (p-p) amplitude stays constant, or not implemented, or no information 01b: Steady-state amplitude stays constant 10b: Average of p-p and steady-state amplitude stays constant 11b: Reserved",,8-49,Not in SONiC,
RxPowerMeasurementType,RxPowerMeasurementType,0x01,151,1,0x10,,bool,,,,,RO,Normal,Rqd,,0b: OMA 1b: average power,,8-49,Not in SONiC,
RxLOSType,RxLOSType,0x01,151,1,0x08,,bool,,,,,RO,Normal,Rqd,,0b: Rx LOS responds to OMA 1b: Rx LOS responds to P Note: LOS Type depends on interface standards supported,,8-49,Not in SONiC,
RxLOSIsFast,RxLOSIsFast,0x01,151,1,0x04,,bool,,,,,RO,Normal,Rqd,,0b: Module raises Rx LOS within regular timing limits 1b: Module raises Rx LOS within “fast mode” timing limits Refer to form factor hardware specification for regular and “fast mode” timing limit requirements,,8-49,Not in SONiC,
TxDisableIsFast,TxDisableIsFast,0x01,151,1,0x02,,bool,,,,,RO,Normal,Rqd,,0b: Module responds to Tx Output Disable with regular timing 1b: Module responds to Tx Output Disable in “fast mode” timing limits Refer to form factor hardware specification for regular and “fast mode” timing limit requirements,,8-49,Not in SONiC,
TxDisableIsModuleWide,TxDisableIsModuleWide,0x01,151,1,0x01,,bool,,,,,RO,Normal,Rqd,,0b: Tx output disable is controlled per lane 1b: All Tx output lanes disabled when any OutputDisableTx set,,8-49,Not in SONiC,
CDRPowerSavedPerLane,CDRPowerSavedPerLane,0x01,152,1,,,u8,W,0.01,,,RO,Normal,Cnd,,"U8 Minimum power consumption saved per CDR per lane when placed in CDR bypass, in multiples of 0.01 W rounded up to the next whole multiple of 0.01 W",,8-49,Not in SONiC,
RxOutputLevel3Supported,RxOutputLevel3Supported,0x01,153,1,0x80,,bool,,,,,RO,Normal,Cnd,,0b/1b: Amplitude Code 3 not supported/supported,,8-49,Agrees,RXOutputLevel3Supported
RxOutputLevel2Supported,RxOutputLevel2Supported,0x01,153,1,0x40,,bool,,,,,RO,Normal,Cnd,,0b/1b: Amplitude Code 2 not supported/supported,,8-49,Agrees,RXOutputLevel2Supported
RxOutputLevel1Supported,RxOutputLevel1Supported,0x01,153,1,0x20,,bool,,,,,RO,Normal,Cnd,,0b/1b: Amplitude Code 1 not supported/supported,,8-49,Agrees,RXOutputLevel1Supported
RxOutputLevel0Supported,RxOutputLevel0Supported,0x01,153,1,0x10,,bool,,,,,RO,Normal,Cnd,,0b/1b: Amplitude Code 0 not supported/supported,,8-49,Agrees,RXOutputLevel0Supported
TxInputEqMax,TxInputEqMax,0x01,153,1,0x0F,,bitfield4,,,,,RO,Normal,Cnd,,Maximum supported value of the Tx Input Equalization control for host-controlled equalizer operation (see section 6.2.5.1),,8-49,Agrees,TXInputEqMax
RxOutputEqPostCursorMax,RxOutputEqPostCursorMax,0x01,154,1,0xF0,,bitfield4,,,,,RO,Normal,Cnd,,Maximum supported value of the Rx Output Eq Post-cursor control (see section 6.2.5.2),,8-49,Agrees,RXOutputEqPostCursorMax
RxOutputEqPreCursorMax,RxOutputEqPreCursorMax,0x01,154,1,0x0F,,bitfield4,,,,,RO,Normal,Cnd,,Maximum supported value of the Rx Output Eq Pre-cursor control (see section 6.2.5.2),,8-49,Agrees,RXOutputEqPreCursorMax
WavelengthIsControllable,WavelengthIsControllable,0x01,155,1,0x80,,bool,,,,,RO,Normal,Rqd,,0b: No wavelength control 1b: Active wavelength control supported Note: Active Control does not imply tunability,,8-50,Not in SONiC,
TransmitterIsTunable,TransmitterIsTunable,0x01,155,1,0x40,,bool,,,,,RO,Normal,Rqd,,0b: Transmitter not tunable 1b: Transmitter is tunable (Pages 04h & 12h supported),,8-50,Not in SONiC,
SquelchMethodTx,SquelchMethodTx,0x01,155,1,0x30,,enum2,,,,,RO,Normal,Rqd,,"00b: Tx output squelching function is not supported 01b: Tx output squelching function reduces OMA 10b: Tx output squelching function reduces P 11b: Host controls the method for Tx output squelching, reducing OMA or P (see Table 8-11) Note: Support of the Tx output squelching function implies support of automatic Tx squelching control",,8-50,Not in SONiC,
ForcedSquelchTxSupported,ForcedSquelchTxSupported,0x01,155,1,0x08,,bool,,,,,RO,Normal,Rqd,,0b/1b: Host cannot/can force squelching of Tx outputs using OutputSquelchForceTx*,,8-50,Not in SONiC,
AutoSquelchDisableTxSupported,AutoSquelchDisableTxSupported,0x01,155,1,0x04,,bool,,,,,RO,Normal,Rqd,,0b/1b: Host cannot/can disable automatic squelching of Tx outputs using AutoSquelchDisableTx*,,8-50,Not in SONiC,
OutputDisableTxSupported,OutputDisableTxSupported,0x01,155,1,0x02,,bool,,,,,RO,Normal,Rqd,,0b/1b: Host cannot/can disable Tx outputs using the OutputDisableTx register,,8-50,Agrees,TxDisableSupported
InputPolarityFlipTxSupported,InputPolarityFlipTxSupported,0x01,155,1,0x01,,bool,,,,,RO,Normal,Rqd,,0b/1b: InputPolarityFlipTx control not supported/supported,,8-50,Not in SONiC,
BankBroadcastSupported,BankBroadcastSupported,0x01,156,1,0x80,,bool,,,,,RO,Normal,Rqd,,0b/1b: The BankBroadcastEnable control is not supported/supported,,8-50,Not in SONiC,
Reserved.01h.156,Reserved,0x01,156,1,0x78,,,,,,,RO,Normal,,,Reserved,,8-50,Not in SONiC,
AutoSquelchDisableRxSupported,AutoSquelchDisableRxSupported,0x01,156,1,0x04,,bool,,,,,RO,Normal,Rqd,,0b/1b: Host cannot/can disable automatic squelching of Rx outputs using the AutoSquelchDisableRx register Note: Rx squelching and automatic Rx squelching control is not advertised and always assumed to be supported.,,8-50,Not in SONiC,
OutputDisableRxSupported,OutputDisableRxSupported,0x01,156,1,0x02,,bool,,,,,RO,Normal,Rqd,,0b/1b: Host cannot/can disable Rx outputs using the OutputDisableRx register,,8-50,Agrees,RxDisableSupported
OutputPolarityFlipRxSupported,OutputPolarityFlipRxSupported,0x01,156,1,0x01,,bool,,,,,RO,Normal,Rqd,,0b/1b: PolarityFlipRx not supported/supported,,8-50,Not in SONiC,
Reserved.01h.157,Reserved,0x01,157,1,0xF0,,,,,,,RO,Normal,,,Reserved,,8-51,Not in SONiC,
AdaptiveInputEqFailFlagTxSupported,AdaptiveInputEqFailFlagTxSupported,0x01,157,1,0x08,,bool,,,,,RO,Normal,Rqd,,0b: Tx Adaptive Input Eq Fail Flags not supported 1b: supported,,8-51,Agrees,TxAdaptiveInputEqFailFlagSupported
CDRLOLFlagTxSupported,CDRLOLFlagTxSupported,0x01,157,1,0x04,,bool,,,,,RO,Normal,Rqd,,0b: Tx CDR Loss of Lock Flags not supported 1b: supported,,8-51,Agrees,TxCDRLOLSupported
LOSFlagTxSupported,LOSFlagTxSupported,0x01,157,1,0x02,,bool,,,,,RO,Normal,Rqd,,0b: Tx Loss of Signal Flags not supported 1b: supported,,8-51,Agrees,TxLOSSupported
FailureFlagTxSupported,FailureFlagTxSupported,0x01,157,1,0x01,,bool,,,,,RO,Normal,Rqd,,0b: Tx Fault Flags not supported 1b: supported,,8-51,Agrees,TxFaultSupported
Reserved.01h.158.0xF8,Reserved,0x01,158,1,0xF8,,,,,,,RO,Normal,,,Reserved,,8-51,Not in SONiC,
CDRLOLFlagRxSupported,CDRLOLFlagRxSupported,0x01,158,1,0x04,,bool,,,,,RO,Normal,Rqd,,0b: Rx CDR Loss of Lock Flags not supported 1b: Rx CDR Loss of Lock Flags supported,,8-51,Agrees,RxCDRLOLSupported
LOSFlagRxSupported,LOSFlagRxSupported,0x01,158,1,0x02,,bool,,,,,RO,Normal,Rqd,,0b: Rx Loss of Signal Flags not supported 1b: Rx Loss of Signal Flags supported,,8-51,Agrees,RxLOSSupported
Reserved.01h.158.0x01,Reserved,0x01,158,1,0x01,,,,,,,RO,Normal,,,Reserved,,8-51,Not in SONiC,
Reserved.01h.159,Reserved,0x01,159,1,0xC0,,,,,,,RO,Normal,,,Reserved,,8-52,Not in SONiC,
CustomMonSupported,CustomMonSupported,0x01,159,1,0x20,,bool,,,,,RO,Normal,Rqd,,0b: Custom monitor not supported 1b: Custom monitor supported,,8-52,Not in SONiC,
Aux3MonSupported,Aux3MonSupported,0x01,159,1,0x10,,bool,,,,,RO,Normal,Rqd,,0b: Aux 3 monitor not supported 1b: Aux 3 monitor supported,,8-52,Not in SONiC,
Aux2MonSupported,Aux2MonSupported,0x01,159,1,0x08,,bool,,,,,RO,Normal,Rqd,,0b: Aux 2 monitor not supported 1b: Aux 2 monitor supported,,8-52,Not in SONiC,
Aux1MonSupported,Aux1MonSupported,0x01,159,1,0x04,,bool,,,,,RO,Normal,Rqd,,0b: Aux 1 monitor not supported 1b: Aux 1 monitor supported,,8-52,Not in SONiC,
VccMonSupported,VccMonSupported,0x01,159,1,0x02,,bool,,,,,RO,Normal,Rqd,,0b: Internal 3.3 V monitor not supported 1b: Internal 3.3 V monitor supported,,8-52,Not in SONiC,
TempMonSupported,TempMonSupported,0x01,159,1,0x01,,bool,,,,,RO,Normal,Rqd,,0b: Temperature monitor not supported 1b: Temperature monitor supported,,8-52,Not in SONiC,
Reserved.01h.160,Reserved,0x01,160,1,0xE0,,,,,,,RO,Normal,,,Reserved,,8-52,Not in SONiC,
TxBiasCurrentScalingFactor,TxBiasCurrentScalingFactor,0x01,160,1,0x18,,bitfield2,,,,,RO,Normal,Rqd,,Multiplier for 2uA Bias current increment used in Tx Bias current monitor and threshold registers (see Table 8-63 and Table 8-89) 00b: multiply x1 01b: multiply x2 10b: multiply x4 11b: reserved,,8-52,Agrees,TxBiasScalingFactor
RxOpticalPowerMonSupported,RxOpticalPowerMonSupported,0x01,160,1,0x04,,bool,,,,,RO,Normal,Rqd,,0b: Rx Optical Input Power monitor not supported 1b: Rx Optical Input Power monitor supported,,8-52,Agrees,RxPowerSupported
TxOpticalPowerMonSupported,TxOpticalPowerMonSupported,0x01,160,1,0x02,,bool,,,,,RO,Normal,Rqd,,0b: Tx Output Optical Power monitor not supported 1b: Tx Output Optical Power monitor supported,,8-52,Agrees,TxPowerSupported
TxBiasMonSupported,TxBiasMonSupported,0x01,160,1,0x01,,bool,,,,,RO,Normal,Rqd,,0b: Tx Bias monitor not supported 1b: Tx Bias monitor supported,,8-52,Agrees,TxBiasSupported
Reserved.01h.161,Reserved,0x01,161,1,0x80,,,,,,,RO,Normal,,,Reserved,,8-53,Not in SONiC,
TxInputEqRecallBuffersSupported,TxInputEqRecallBuffersSupported,0x01,161,1,0x60,,enum2,,,,,RO,Normal,Rqd,,00b: Tx Input Eq Store/Recall not supported 01b: Tx Input Eq Store/Recall buffer count=1 10b: Tx Input Eq Store/Recall buffer count=2 11b: reserved,,8-53,Agrees,TXInputEqRecallBufSupported
TxInputEqFreezeSupported,TxInputEqFreezeSupported,0x01,161,1,0x10,,bool,,,,,RO,Normal,Rqd,,0b/1b: Tx Input Eq Freeze not supported / supported,,8-53,Agrees,TXInputEqFreezeSupported
TxInputAdaptiveEqSupported,TxInputAdaptiveEqSupported,0x01,161,1,0x08,,bool,,,,,RO,Normal,Rqd,,0b/1b: Adaptive Tx Input Eq not supported / supported,,8-53,Agrees,TXInputAdaptiveEqSupported
TxInputEqHostControlSupported,TxInputEqHostControlSupported,0x01,161,1,0x04,,bool,,,,,RO,Normal,Rqd,,0b: host-control of Tx Input Eq target not supported 1b: host-control of Tx Input Eq target supported,,8-53,Agrees,TXInputEqFixedManualSupported
TxCDRBypassControlSupported,TxCDRBypassControlSupported,0x01,161,1,0x02,,bool,,,,,RO,Normal,Rqd,,"0b: If a Tx CDR is supported, it cannot be bypassed 1b: If a Tx CDR is supported, it can be bypassed",,8-53,Agrees,TXCDRBypassSupported
TxCDRSupported,TxCDRSupported,0x01,161,1,0x01,,bool,,,,,RO,Normal,Rqd,,0b/1b: Tx CDR not supported / supported,,8-53,Agrees,TXCDRSupported
VersatileControlSetSupported,VersatileControlSetSupported,0x01,162,1,0x80,,bool,,,,,RO,Normal,,,"0b/1b: CMIS-VCS [6] functionality is not supported / supported, for all supported Staged Control Sets. Note: See specifications in [6] if the VCS parameter space extensions on Pages 18h and 19h are supported.",,8-53,Not in SONiC,
UnidirReconfigSupported,UnidirReconfigSupported,0x01,162,1,0x40,,bool,,,,,RO,Normal,Rqd,,"0b/1b: ApplyImmediateTx/Rx on Page 10h and DPConfigTx/Rx on Page 19h are not supported / supported, for all supported Staged Control Sets",,8-53,Not in SONiC,
StagedSet1Supported,StagedSet1Supported,0x01,162,1,0x20,,bool,,,,,RO,Normal,Rqd,,Staged Control Set 1 supported on Page 10h,,8-53,Not in SONiC,
RxOutputEqControlSupported,RxOutputEqControlSupported,0x01,162,1,0x18,,enum2,,,,,RO,Normal,Rqd,,Host control of Rx Output Eq targets 00b: not supported 01b: only Pre-cursor supported 10b: only Post-cursor supported 11b: both Pre- and Post-cursor supported,,8-53,Agrees,RXOutputEQSupported
RxOutputAmplitudeControlSupported,RxOutputAmplitudeControlSupported,0x01,162,1,0x04,,bool,,,,,RO,Normal,Rqd,,0b: Rx Output Amplitude control not supported 1b: Rx Output Amplitude control supported,,8-53,Agrees,RXOutputAmpSupported
RxCDRBypassControlSupported,RxCDRBypassControlSupported,0x01,162,1,0x02,,bool,,,,,RO,Normal,Rqd,,"0b: Rx CDR Bypass control not supported (if a CDR is supported, it cannot be bypassed) 1b: Rx CDR Bypass control supported",,8-53,Agrees,RXCDRBypassSupported
RxCDRSupported,RxCDRSupported,0x01,162,1,0x01,,bool,,,,,RO,Normal,Rqd,,0b: Rx CDR not supported 1b: Rx CDR supported,,8-53,Agrees,RxCDRSupported
CdbInstancesSupported,CdbInstancesSupported,0x01,163,1,0xC0,,bitmask2,,,,,RO,Normal,Rqd,,"00b: CDB functionality not supported 01b: One CDB instance supported 10b: Two CDB instances supported 11b: Reserved One CDB Instance Bank 0 of Pages 9Fh and the subset of Pages A0h-Afh advertised in CdbMaxPagesEPL (01h:163.3-0), CdbCmdCompleteFlag1 Flag (00h:8.6) and the associated Mask (00h:31.6) are supported. Two CDB Instances Banks 0 and 1 of Pages 9Fh and of the subset of Pages A0h-Afh advertised in CdbMaxPagesEPL (01h:163.3-0), CdbCmdCompleteFlag<i> (00h:8.7-6), <i> = 1,2, and the associated Masks (00h:31.7-6) are supported.",,8-54,Agrees,CdbSupport
CdbBackgroundModeSupported,CdbBackgroundModeSupported,0x01,163,1,0x20,,bool,,,,,RO,Normal,Cnd,,"0b: Background CDB operation not supported. 1b: Background CDB operation supported Note: In Background Mode, register access is possible while a CDB command is still being processed.",,8-54,Not in SONiC,
CdbAutoPagingSupported,CdbAutoPagingSupported,0x01,163,1,0x10,,bool,,,,,RO,Normal,Cnd,,"When the Management Memory current address pointer advances past the end of an Extended Payload (EPL) CDB Page (A0h-AFh), the page number in the PageSelect Byte will automatically increment and the Memory Map current address pointer automatically wraps to 128. When the last page number AFh is incremented, the page number wraps back to A0h. 0b: Auto Paging not supported 1b: Auto Paging and Auto Page wrap supported",,8-54,Agrees,AutoPagingSupport
CdbMaxPagesEPL,CdbMaxPagesEPL,0x01,163,1,0x0F,,bitfield4,,,,,RO,Normal,Cnd,,"This field encodes the EPL Page range supported or, equivalently, the maximum length of extended payload: Value Supported Total Number of EPL Pages Pages EPL Bytes 0: (none) 0 0 1: A0h 1 128 2: A0h-A1h 2 256 3 A0h-A2h 3 384 4 A0h-A3h 4 512 5 A0h-A7h 8 1024 6 A0h-Abh 12 1536 7 A0h-Afh 16 2048 Note: A host can access all supported EPL Pages and the EPL Page range is sufficient for all supported CDB commands. The required number of EPL pages may be CDB command specific.",,8-54,Not in SONiC,
CdbReadWriteLengthExtension,CdbReadWriteLengthExtension,0x01,164,1,,,u8,,,,,RO,Normal,Cnd,,"Note: For READ and WRITE efficiency in CDB messaging, a module can support multi-byte ACCESS in the CDB Page range (9Fh-Afh) with more than 8 bytes. CdbReadWriteLengthExtension = i specifies i*8 allowable additional number of bytes in a WRITE or READ access to an EPL CDB Page (A0Fh-Afh), i.e. i is a length extension in units of byte octets (8 bytes). For page 9Fh (without auto paging support), the allowable length extension is min(i,15)*8 = 120 Bytes. This leads to the maximum length of a READ or a WRITE Value Maximum number of bytes (EPL) 0: 8 bytes (no extension of general length limit) i: 8 * (1+i) bytes (0 ≤ i ≤ 255) 255: 8 * 256 = 2048 bytes max Value Maximum Number of Bytes (LPL) 0: 8 bytes (no extension of general length limit) i: 8 * (1+i) bytes (0 ≤ i ≤ 15) i: 8 * 16 = 128 bytes (16≤ i ≤ 256) Note: If the MCI transaction from the host is longer than the length allowed as per this advertisement, the module may ignore bytes written beyond the allowed length and not return more that so many bytes in a read.",,8-54,Agrees,CdbReadWriteLengthExtension
CdbCommandTriggerMethod,CdbCommandTriggerMethod,0x01,165,1,0x80,,bool,,,,,RO,Normal,Cnd,,"Determines how the host triggers CDB command processing in the module and when this occurs: 1b: when the MCI transaction of a WRITE access including the CMDID register 9Fh:129 is properly terminated by the host (STOP). 0b: when a single byte WRITE to 9Fh:129 or a two-byte WRITE to the CMDID register Byte 9Fh:128-129 is properly terminated by the host (STOP). Note: Preferred method 1b enables the host to WRITE a complete CMD message (header and body) in one go, whereas in Method 0b the host composes the CMD message body first and then triggers CMD processing in a second step. See also section 7.2.",,8-54,Not in SONiC,
Reserved.01h.165,Reserved,0x01,165,1,0x60,,,,,,,RO,Normal,,,Reserved,,8-54,Not in SONiC,
CdbExtMaxBusyTime,CdbExtMaxBusyTime,0x01,165,1,0x1F,,enum5,,,,,RO,Normal,Cnd,,"When CdbMaxBusySpecMethod=1b: CdbExtMaxBusyTime = X encodes the maximum CDB busy time T asmax(1,X)*160 ms in a range of 160 ms to 4960 ms. When CdbMaxBusySpecMethod=0b: don’t care",,8-54,Not in SONiC,
CdbMaxBusySpecMethod,CdbMaxBusySpecMethod,0x01,166,1,0x80,,bool,,,,,RO,Normal,Cnd,,0b: Indicates that the maximum CDB busy time T is specified via CdbMaxBusyTime (01h:166.6-0) 1b: Indicates that the maximum CDB busy time T is specified via CdbExtMaxBusyTime (01h:165.4-0).,,8-54,Not in SONiC,
CdbMaxBusyTime,CdbMaxBusyTime,0x01,166,1,0x7F,,enum7,,,,,RO,Normal,Cnd,,"When CdbMaxBusySpecMethod=0b: CdbMaxBusyTime=X encodes the maximum CDB busy time T as (80– min(80,X))ms in a range of 0 ms to 80 ms. When CdbMaxBusySpecMethod=1b: don’t care",,8-54,Not in SONiC,
MaxDurationModulePwrDn,MaxDurationModulePwrDn,0x01,167,1,0xF0,,bitfield4,,,,,RO,Normal,Rqd,,Encoded maximum duration of the ModulePwrDn state (see Table 8-48),,8-56,Agrees,ModulePowerDownDuration
MaxDurationModulePwrUp,MaxDurationModulePwrUp,0x01,167,1,0x0F,,bitfield4,,,,,RO,Normal,Rqd,,Encoded maximum duration of the ModulePwrUp state (see Table 8-48),,8-56,Agrees,ModulePowerUpDuration
MaxDurationDPTxTurnOff,MaxDurationDPTxTurnOff,0x01,168,1,0xF0,,bitfield4,,,,,RO,Normal,Rqd,,Encoded maximum duration of the DPTxTurnOff state (see Table 8-48),,8-56,Agrees,DPTxTurnOffDuration
MaxDurationDPTxTurnOn,MaxDurationDPTxTurnOn,0x01,168,1,0x0F,,bitfield4,,,,,RO,Normal,Rqd,,Encoded maximum duration of the DPTxTurnOn state (see Table 8-48),,8-56,Agrees,DPTxTurnOnDuration
Reserved.01h.169,Reserved,0x01,169,1,0xF0,,,,,,,,,,,Reserved,,8-56,Not in SONiC,
MaxDurationBPC,MaxDurationBPC,0x01,169,1,0x0F,,bitfield4,,,,,RO,Normal,Rqd,,"U4: Encoded scaling of the maximum ACCESS hold-off duration tBPC, after a PageMapping register change (see Table 10-4). The maximum bank or page switch time given MaxDurationBPC = i is tBPC / 2",,8-56,Not in SONiC,
Reserved.01h.175,Reserved,0x01,175,1,0xF0,,,,,,,RO,Normal,,,Reserved,,8-57,Not in SONiC,
NADBanksSupported,NADBanksSupported,0x01,175,1,0x0F,,bitfield4,,,,,RO,Normal,Rqd,,0: Normalized Application Descriptors not supported n>0: Normalized Application Descriptors supported on n Banks of Page 1Ch. Up to n∙15 Applications can be advertised in n groups of 15 NADs each.,,8-57,Not in SONiC,
MediaLaneAssignmentOptionsApp1,MediaLaneAssignmentOptionsApp1,0x01,176,1,,,bitmask8,,,,,RO,Normal,Rqd,,"MediaLaneAssignmentOptionsApp<i> Media Lane Assignment Options for the Application advertised in Application descriptor identified by AppSel <i>. Bits 0-7 form a bit map corresponding to Media Lanes 1-8. A set bit indicates that a Data Path for the Application is allowed to begin on the corresponding Media Lane. Each instance of an Application uses contiguous Media Lane numbers. If multiple instances of a single Application are allowed, each starting point is identified, and all instances must be supported concurrently. (See section 6.2.1)",,8-58,Agrees,MediaLaneAssignmentOptions | MediaLaneAssignmentOptions_1
MediaLaneAssignmentOptionsApp2,MediaLaneAssignmentOptionsApp2,0x01,177,1,,,u8,,,,,RO,Normal,Rqd,,"MediaLaneAssignmentOptionsApp<i> Media Lane Assignment Options for the Application advertised in Application descriptor identified by AppSel <i>. Bits 0-7 form a bit map corresponding to Media Lanes 1-8. A set bit indicates that a Data Path for the Application is allowed to begin on the corresponding Media Lane. Each instance of an Application uses contiguous Media Lane numbers. If multiple instances of a single Application are allowed, each starting point is identified, and all instances must be supported concurrently. (See section 6.2.1)",,8-58,Agrees,MediaLaneAssignmentOptions_2
MediaLaneAssignmentOptionsApp3,MediaLaneAssignmentOptionsApp3,0x01,178,1,,,u8,,,,,RO,Normal,Rqd,,"MediaLaneAssignmentOptionsApp<i> Media Lane Assignment Options for the Application advertised in Application descriptor identified by AppSel <i>. Bits 0-7 form a bit map corresponding to Media Lanes 1-8. A set bit indicates that a Data Path for the Application is allowed to begin on the corresponding Media Lane. Each instance of an Application uses contiguous Media Lane numbers. If multiple instances of a single Application are allowed, each starting point is identified, and all instances must be supported concurrently. (See section 6.2.1)",,8-58,Agrees,MediaLaneAssignmentOptions_3
MediaLaneAssignmentOptionsApp4,MediaLaneAssignmentOptionsApp4,0x01,179,1,,,u8,,,,,RO,Normal,Rqd,,"MediaLaneAssignmentOptionsApp<i> Media Lane Assignment Options for the Application advertised in Application descriptor identified by AppSel <i>. Bits 0-7 form a bit map corresponding to Media Lanes 1-8. A set bit indicates that a Data Path for the Application is allowed to begin on the corresponding Media Lane. Each instance of an Application uses contiguous Media Lane numbers. If multiple instances of a single Application are allowed, each starting point is identified, and all instances must be supported concurrently. (See section 6.2.1)",,8-58,Agrees,MediaLaneAssignmentOptions_4
MediaLaneAssignmentOptionsApp5,MediaLaneAssignmentOptionsApp5,0x01,180,1,,,u8,,,,,RO,Normal,Rqd,,"MediaLaneAssignmentOptionsApp<i> Media Lane Assignment Options for the Application advertised in Application descriptor identified by AppSel <i>. Bits 0-7 form a bit map corresponding to Media Lanes 1-8. A set bit indicates that a Data Path for the Application is allowed to begin on the corresponding Media Lane. Each instance of an Application uses contiguous Media Lane numbers. If multiple instances of a single Application are allowed, each starting point is identified, and all instances must be supported concurrently. (See section 6.2.1)",,8-58,Agrees,MediaLaneAssignmentOptions_5
MediaLaneAssignmentOptionsApp6,MediaLaneAssignmentOptionsApp6,0x01,181,1,,,u8,,,,,RO,Normal,Rqd,,"MediaLaneAssignmentOptionsApp<i> Media Lane Assignment Options for the Application advertised in Application descriptor identified by AppSel <i>. Bits 0-7 form a bit map corresponding to Media Lanes 1-8. A set bit indicates that a Data Path for the Application is allowed to begin on the corresponding Media Lane. Each instance of an Application uses contiguous Media Lane numbers. If multiple instances of a single Application are allowed, each starting point is identified, and all instances must be supported concurrently. (See section 6.2.1)",,8-58,Agrees,MediaLaneAssignmentOptions_6
MediaLaneAssignmentOptionsApp7,MediaLaneAssignmentOptionsApp7,0x01,182,1,,,u8,,,,,RO,Normal,Rqd,,"MediaLaneAssignmentOptionsApp<i> Media Lane Assignment Options for the Application advertised in Application descriptor identified by AppSel <i>. Bits 0-7 form a bit map corresponding to Media Lanes 1-8. A set bit indicates that a Data Path for the Application is allowed to begin on the corresponding Media Lane. Each instance of an Application uses contiguous Media Lane numbers. If multiple instances of a single Application are allowed, each starting point is identified, and all instances must be supported concurrently. (See section 6.2.1)",,8-58,Agrees,MediaLaneAssignmentOptions_7
MediaLaneAssignmentOptionsApp8,MediaLaneAssignmentOptionsApp8,0x01,183,1,,,u8,,,,,RO,Normal,Rqd,,"MediaLaneAssignmentOptionsApp<i> Media Lane Assignment Options for the Application advertised in Application descriptor identified by AppSel <i>. Bits 0-7 form a bit map corresponding to Media Lanes 1-8. A set bit indicates that a Data Path for the Application is allowed to begin on the corresponding Media Lane. Each instance of an Application uses contiguous Media Lane numbers. If multiple instances of a single Application are allowed, each starting point is identified, and all instances must be supported concurrently. (See section 6.2.1)",,8-58,Agrees,MediaLaneAssignmentOptions_8
MediaLaneAssignmentOptionsApp9,MediaLaneAssignmentOptionsApp9,0x01,184,1,,,u8,,,,,RO,Normal,Rqd,,"MediaLaneAssignmentOptionsApp<i> Media Lane Assignment Options for the Application advertised in Application descriptor identified by AppSel <i>. Bits 0-7 form a bit map corresponding to Media Lanes 1-8. A set bit indicates that a Data Path for the Application is allowed to begin on the corresponding Media Lane. Each instance of an Application uses contiguous Media Lane numbers. If multiple instances of a single Application are allowed, each starting point is identified, and all instances must be supported concurrently. (See section 6.2.1)",,8-58,Agrees,MediaLaneAssignmentOptions_9
MediaLaneAssignmentOptionsApp10,MediaLaneAssignmentOptionsApp10,0x01,185,1,,,u8,,,,,RO,Normal,Rqd,,"MediaLaneAssignmentOptionsApp<i> Media Lane Assignment Options for the Application advertised in Application descriptor identified by AppSel <i>. Bits 0-7 form a bit map corresponding to Media Lanes 1-8. A set bit indicates that a Data Path for the Application is allowed to begin on the corresponding Media Lane. Each instance of an Application uses contiguous Media Lane numbers. If multiple instances of a single Application are allowed, each starting point is identified, and all instances must be supported concurrently. (See section 6.2.1)",,8-58,Agrees,MediaLaneAssignmentOptions_10
MediaLaneAssignmentOptionsApp11,MediaLaneAssignmentOptionsApp11,0x01,186,1,,,u8,,,,,RO,Normal,Rqd,,"MediaLaneAssignmentOptionsApp<i> Media Lane Assignment Options for the Application advertised in Application descriptor identified by AppSel <i>. Bits 0-7 form a bit map corresponding to Media Lanes 1-8. A set bit indicates that a Data Path for the Application is allowed to begin on the corresponding Media Lane. Each instance of an Application uses contiguous Media Lane numbers. If multiple instances of a single Application are allowed, each starting point is identified, and all instances must be supported concurrently. (See section 6.2.1)",,8-58,Agrees,MediaLaneAssignmentOptions_11
MediaLaneAssignmentOptionsApp12,MediaLaneAssignmentOptionsApp12,0x01,187,1,,,u8,,,,,RO,Normal,Rqd,,"MediaLaneAssignmentOptionsApp<i> Media Lane Assignment Options for the Application advertised in Application descriptor identified by AppSel <i>. Bits 0-7 form a bit map corresponding to Media Lanes 1-8. A set bit indicates that a Data Path for the Application is allowed to begin on the corresponding Media Lane. Each instance of an Application uses contiguous Media Lane numbers. If multiple instances of a single Application are allowed, each starting point is identified, and all instances must be supported concurrently. (See section 6.2.1)",,8-58,Agrees,MediaLaneAssignmentOptions_12
MediaLaneAssignmentOptionsApp13,MediaLaneAssignmentOptionsApp13,0x01,188,1,,,u8,,,,,RO,Normal,Rqd,,"MediaLaneAssignmentOptionsApp<i> Media Lane Assignment Options for the Application advertised in Application descriptor identified by AppSel <i>. Bits 0-7 form a bit map corresponding to Media Lanes 1-8. A set bit indicates that a Data Path for the Application is allowed to begin on the corresponding Media Lane. Each instance of an Application uses contiguous Media Lane numbers. If multiple instances of a single Application are allowed, each starting point is identified, and all instances must be supported concurrently. (See section 6.2.1)",,8-58,Agrees,MediaLaneAssignmentOptions_13
MediaLaneAssignmentOptionsApp14,MediaLaneAssignmentOptionsApp14,0x01,189,1,,,u8,,,,,RO,Normal,Rqd,,"MediaLaneAssignmentOptionsApp<i> Media Lane Assignment Options for the Application advertised in Application descriptor identified by AppSel <i>. Bits 0-7 form a bit map corresponding to Media Lanes 1-8. A set bit indicates that a Data Path for the Application is allowed to begin on the corresponding Media Lane. Each instance of an Application uses contiguous Media Lane numbers. If multiple instances of a single Application are allowed, each starting point is identified, and all instances must be supported concurrently. (See section 6.2.1)",,8-58,Agrees,MediaLaneAssignmentOptions_14
MediaLaneAssignmentOptionsApp15,MediaLaneAssignmentOptionsApp15,0x01,190,1,,,u8,,,,,RO,Normal,Rqd,,"MediaLaneAssignmentOptionsApp<i> Media Lane Assignment Options for the Application advertised in Application descriptor identified by AppSel <i>. Bits 0-7 form a bit map corresponding to Media Lanes 1-8. A set bit indicates that a Data Path for the Application is allowed to begin on the corresponding Media Lane. Each instance of an Application uses contiguous Media Lane numbers. If multiple instances of a single Application are allowed, each starting point is identified, and all instances must be supported concurrently. (See section 6.2.1)",,8-58,Agrees,MediaLaneAssignmentOptions_15
HostInterfaceIDApp9,HostInterfaceIDApp9,0x01,223,1,,,u8,,,,,RO,Normal,Cnd,,AppDescriptor9 AppSel 9 (1001b) See Table 8-22,,8-59,Agrees,HostElectricalInterfaceID_9
MediaInterfaceIDApp9,MediaInterfaceIDApp9,0x01,224,1,,,u8,,,,,RO,Normal,Cnd,,AppDescriptor9 AppSel 9 (1001b) See Table 8-22,,8-59,Agrees,ModuleMediaInterface850nm_9 | ModuleMediaInterfaceActiveCable_9 | ModuleMediaInterfaceBaseT_9 | ModuleMediaInterfacePassiveCopper_9 | ModuleMediaInterfaceSM_9
HostLaneCountApp9,HostLaneCountApp9,0x01,225,1,0xF0,,bitfield4,,,,,RO,Normal,Cnd,,AppDescriptor9 AppSel 9 (1001b) See Table 8-22,,8-59,Agrees,HostLaneCount_9
MediaLaneCountApp9,MediaLaneCountApp9,0x01,225,1,0x0F,,bitfield4,,,,,RO,Normal,Cnd,,AppDescriptor9 AppSel 9 (1001b) See Table 8-22,,8-59,Agrees,MediaLaneCount_9
HostLaneAssignmentOptionsApp9,HostLaneAssignmentOptionsApp9,0x01,226,1,,,u8,,,,,RO,Normal,Cnd,,AppDescriptor9 AppSel 9 (1001b) See Table 8-22,,8-59,Agrees,HostLaneAssignmentOptions_9
HostInterfaceIDApp10,HostInterfaceIDApp10,0x01,227,1,,,u8,,,,,RO,Normal,Cnd,,AppDescriptor10 AppSel 10 (1010b) See Table 8-22,,8-59,Agrees,HostElectricalInterfaceID_10
MediaInterfaceIDApp10,MediaInterfaceIDApp10,0x01,228,1,,,u8,,,,,RO,Normal,Cnd,,AppDescriptor10 AppSel 10 (1010b) See Table 8-22,,8-59,Agrees,ModuleMediaInterface850nm_10 | ModuleMediaInterfaceActiveCable_10 | ModuleMediaInterfaceBaseT_10 | ModuleMediaInterfacePassiveCopper_10 | ModuleMediaInterfaceSM_10
HostLaneCountApp10,HostLaneCountApp10,0x01,229,1,0xF0,,bitfield4,,,,,RO,Normal,Cnd,,AppDescriptor10 AppSel 10 (1010b) See Table 8-22,,8-59,Agrees,HostLaneCount_10
MediaLaneCountApp10,MediaLaneCountApp10,0x01,229,1,0x0F,,bitfield4,,,,,RO,Normal,Cnd,,AppDescriptor10 AppSel 10 (1010b) See Table 8-22,,8-59,Agrees,MediaLaneCount_10
HostLaneAssignmentOptionsApp10,HostLaneAssignmentOptionsApp10,0x01,230,1,,,u8,,,,,RO,Normal,Cnd,,AppDescriptor10 AppSel 10 (1010b) See Table 8-22,,8-59,Agrees,HostLaneAssignmentOptions_10
HostInterfaceIDApp11,HostInterfaceIDApp11,0x01,231,1,,,u8,,,,,RO,Normal,Cnd,,AppDescriptor11 AppSel 11 (1011b) See Table 8-22,,8-59,Agrees,HostElectricalInterfaceID_11
MediaInterfaceIDApp11,MediaInterfaceIDApp11,0x01,232,1,,,u8,,,,,RO,Normal,Cnd,,AppDescriptor11 AppSel 11 (1011b) See Table 8-22,,8-59,Agrees,ModuleMediaInterface850nm_11 | ModuleMediaInterfaceActiveCable_11 | ModuleMediaInterfaceBaseT_11 | ModuleMediaInterfacePassiveCopper_11 | ModuleMediaInterfaceSM_11
HostLaneCountApp11,HostLaneCountApp11,0x01,233,1,0xF0,,bitfield4,,,,,RO,Normal,Cnd,,AppDescriptor11 AppSel 11 (1011b) See Table 8-22,,8-59,Agrees,HostLaneCount_11
MediaLaneCountApp11,MediaLaneCountApp11,0x01,233,1,0x0F,,bitfield4,,,,,RO,Normal,Cnd,,AppDescriptor11 AppSel 11 (1011b) See Table 8-22,,8-59,Agrees,MediaLaneCount_11
HostLaneAssignmentOptionsApp11,HostLaneAssignmentOptionsApp11,0x01,234,1,,,u8,,,,,RO,Normal,Cnd,,AppDescriptor11 AppSel 11 (1011b) See Table 8-22,,8-59,Agrees,HostLaneAssignmentOptions_11
HostInterfaceIDApp12,HostInterfaceIDApp12,0x01,235,1,,,u8,,,,,RO,Normal,Cnd,,AppDescriptor12 AppSel 12 (1100b) See Table 8-22,,8-59,Agrees,HostElectricalInterfaceID_12
MediaInterfaceIDApp12,MediaInterfaceIDApp12,0x01,236,1,,,u8,,,,,RO,Normal,Cnd,,AppDescriptor12 AppSel 12 (1100b) See Table 8-22,,8-59,Agrees,ModuleMediaInterface850nm_12 | ModuleMediaInterfaceActiveCable_12 | ModuleMediaInterfaceBaseT_12 | ModuleMediaInterfacePassiveCopper_12 | ModuleMediaInterfaceSM_12
HostLaneCountApp12,HostLaneCountApp12,0x01,237,1,0xF0,,bitfield4,,,,,RO,Normal,Cnd,,AppDescriptor12 AppSel 12 (1100b) See Table 8-22,,8-59,Agrees,HostLaneCount_12
MediaLaneCountApp12,MediaLaneCountApp12,0x01,237,1,0x0F,,bitfield4,,,,,RO,Normal,Cnd,,AppDescriptor12 AppSel 12 (1100b) See Table 8-22,,8-59,Agrees,MediaLaneCount_12
HostLaneAssignmentOptionsApp12,HostLaneAssignmentOptionsApp12,0x01,238,1,,,u8,,,,,RO,Normal,Cnd,,AppDescriptor12 AppSel 12 (1100b) See Table 8-22,,8-59,Agrees,HostLaneAssignmentOptions_12
HostInterfaceIDApp13,HostInterfaceIDApp13,0x01,239,1,,,u8,,,,,RO,Normal,Cnd,,AppDescriptor13 AppSel 13 (1101b) See Table 8-22,,8-59,Agrees,HostElectricalInterfaceID_13
MediaInterfaceIDApp13,MediaInterfaceIDApp13,0x01,240,1,,,u8,,,,,RO,Normal,Cnd,,AppDescriptor13 AppSel 13 (1101b) See Table 8-22,,8-59,Agrees,ModuleMediaInterface850nm_13 | ModuleMediaInterfaceActiveCable_13 | ModuleMediaInterfaceBaseT_13 | ModuleMediaInterfacePassiveCopper_13 | ModuleMediaInterfaceSM_13
HostLaneCountApp13,HostLaneCountApp13,0x01,241,1,0xF0,,bitfield4,,,,,RO,Normal,Cnd,,AppDescriptor13 AppSel 13 (1101b) See Table 8-22,,8-59,Agrees,HostLaneCount_13
MediaLaneCountApp13,MediaLaneCountApp13,0x01,241,1,0x0F,,bitfield4,,,,,RO,Normal,Cnd,,AppDescriptor13 AppSel 13 (1101b) See Table 8-22,,8-59,Agrees,MediaLaneCount_13
HostLaneAssignmentOptionsApp13,HostLaneAssignmentOptionsApp13,0x01,242,1,,,u8,,,,,RO,Normal,Cnd,,AppDescriptor13 AppSel 13 (1101b) See Table 8-22,,8-59,Agrees,HostLaneAssignmentOptions_13
HostInterfaceIDApp14,HostInterfaceIDApp14,0x01,243,1,,,u8,,,,,RO,Normal,Cnd,,AppDescriptor14 AppSel 14 (1110b) See Table 8-22,,8-59,Agrees,HostElectricalInterfaceID_14
MediaInterfaceIDApp14,MediaInterfaceIDApp14,0x01,244,1,,,u8,,,,,RO,Normal,Cnd,,AppDescriptor14 AppSel 14 (1110b) See Table 8-22,,8-59,Agrees,ModuleMediaInterface850nm_14 | ModuleMediaInterfaceActiveCable_14 | ModuleMediaInterfaceBaseT_14 | ModuleMediaInterfacePassiveCopper_14 | ModuleMediaInterfaceSM_14
HostLaneCountApp14,HostLaneCountApp14,0x01,245,1,0xF0,,bitfield4,,,,,RO,Normal,Cnd,,AppDescriptor14 AppSel 14 (1110b) See Table 8-22,,8-59,Agrees,HostLaneCount_14
MediaLaneCountApp14,MediaLaneCountApp14,0x01,245,1,0x0F,,bitfield4,,,,,RO,Normal,Cnd,,AppDescriptor14 AppSel 14 (1110b) See Table 8-22,,8-59,Agrees,MediaLaneCount_14
HostLaneAssignmentOptionsApp14,HostLaneAssignmentOptionsApp14,0x01,246,1,,,u8,,,,,RO,Normal,Cnd,,AppDescriptor14 AppSel 14 (1110b) See Table 8-22,,8-59,Agrees,HostLaneAssignmentOptions_14
HostInterfaceIDApp15,HostInterfaceIDApp15,0x01,247,1,,,u8,,,,,RO,Normal,Cnd,,AppDescriptor15 AppSel 15 (1111b) See Table 8-22,,8-59,Agrees,HostElectricalInterfaceID_15
MediaInterfaceIDApp15,MediaInterfaceIDApp15,0x01,248,1,,,u8,,,,,RO,Normal,Cnd,,AppDescriptor15 AppSel 15 (1111b) See Table 8-22,,8-59,Agrees,ModuleMediaInterface850nm_15 | ModuleMediaInterfaceActiveCable_15 | ModuleMediaInterfaceBaseT_15 | ModuleMediaInterfacePassiveCopper_15 | ModuleMediaInterfaceSM_15
HostLaneCountApp15,HostLaneCountApp15,0x01,249,1,0xF0,,bitfield4,,,,,RO,Normal,Cnd,,AppDescriptor15 AppSel 15 (1111b) See Table 8-22,,8-59,Agrees,HostLaneCount_15
MediaLaneCountApp15,MediaLaneCountApp15,0x01,249,1,0x0F,,bitfield4,,,,,RO,Normal,Cnd,,AppDescriptor15 AppSel 15 (1111b) See Table 8-22,,8-59,Agrees,MediaLaneCount_15
HostLaneAssignmentOptionsApp15,HostLaneAssignmentOptionsApp15,0x01,250,1,,,u8,,,,,RO,Normal,Cnd,,AppDescriptor15 AppSel 15 (1111b) See Table 8-22,,8-59,Agrees,HostLaneAssignmentOptions_15
ScratchPadSupported,ScratchPadSupported,0x01,251,1,0xC0,,bitfield2,,,,,RO,Normal,Rqd,,Host Scratchpad Area (13h:184-191) support: 00: unknown (only for CMIS 5.2 or earlier) 01: not supported 02: supported (recommended since CMIS 5.3) Note: Support may become mandatory in a future major CMIS revision,,8-60,Not in SONiC,
PasswordEntrySupported,PasswordEntrySupported,0x01,251,1,0x30,,bitfield2,,,,,RO,Normal,Rqd,,00: unknown (only for CMIS 5.2 or earlier) 01: not supported 02: supported,,8-60,Not in SONiC,
PasswordEntryResultSupported,PasswordEntryResultSupported,0x01,251,1,0x0C,,bitfield2,,,,,RO,Normal,Rqd,,00: unknown (only for CMIS 5.2 or earlier) 01: not supported 02: supported,,8-60,Not in SONiC,
FullPageReadSupported,FullPageReadSupported,0x01,251,1,0x03,,bitfield2,,,,,RO,Normal,Rqd,,"When supported, the maximum number of bytes that can be read with a READ access is 128. 00: unknown (only for CMIS 5.2 or earlier) 01: not supported 02: supported (recommended since CMIS 5.3) Note: Support may become mandatory in a future major CMIS revision",,8-60,Not in SONiC,
HostLaneSwitchingSupported,HostLaneSwitchingSupported,0x01,252,1,0x80,,bool,,,,,RO,Normal,Rqd,,0b/1b: Page 1Dh is not supported / supported,,8-60,Not in SONiC,
LinkTrainingSupported,LinkTrainingSupported,0x01,252,1,0x40,,bool,,,,,RO,Normal,Rqd,,0b/1b: Functionality specified in CMIS-LT [9] is not supported / supported on Pages 50h-53h. Note: CMIS-LT-specific advertisements may be found on these pages.,,8-60,Not in SONiC,
Reserved.01h.252,Reserved,0x01,252,1,0x3F,,,,,,,,,,,Reserved,,8-60,Not in SONiC,
Reserved.01h.253,Reserved,0x01,253,1,,,,,,,,,,,,Reserved,,8-60,Not in SONiC,
Reserved.01h.254,Reserved,0x01,254,1,,,,,,,,,,,,Reserved,,8-60,Not in SONiC,
PageChecksum.01h,PageChecksum,0x01,255,1,,,u8,,,,,RO,Normal,,,Page Checksum of bytes 130-254,8.4.17,8-42,Not in SONiC,
TempMonHighAlarmThreshold,TempMonHighAlarmThreshold,0x02,128,2,,,s16,degC,0.00390625,Big-endian,,RO,Normal,Cnd,,S16 Thresholds for internal temperature monitor: 1/256 degree Celsius increments,,8-62,Agrees,TempHighAlarm
TempMonLowAlarmThreshold,TempMonLowAlarmThreshold,0x02,130,2,,,s16,degC,0.00390625,Big-endian,,RO,Normal,Cnd,,S16 Thresholds for internal temperature monitor: 1/256 degree Celsius increments,,8-62,Agrees,TempLowAlarm
TempMonHighWarningThreshold,TempMonHighWarningThreshold,0x02,132,2,,,s16,degC,0.00390625,Big-endian,,RO,Normal,Cnd,,S16 Thresholds for internal temperature monitor: 1/256 degree Celsius increments,,8-62,Agrees,TempHighWarning
TempMonLowWarningThreshold,TempMonLowWarningThreshold,0x02,134,2,,,s16,degC,0.00390625,Big-endian,,RO,Normal,Cnd,,S16 Thresholds for internal temperature monitor: 1/256 degree Celsius increments,,8-62,Agrees,TempLowWarning
VccMonHighAlarmThreshold,VccMonHighAlarmThreshold,0x02,136,2,,,u16,uV,100,Big-endian,,RO,Normal,Cnd,,U16 Thresholds for internal 3.3 volt input supply voltage monitor: 100 µV increments,,8-62,Agrees,VoltageHighAlarm
VccMonLowAlarmThreshold,VccMonLowAlarmThreshold,0x02,138,2,,,u16,uV,100,Big-endian,,RO,Normal,Cnd,,U16 Thresholds for internal 3.3 volt input supply voltage monitor: 100 µV increments,,8-62,Agrees,VoltageLowAlarm
VccMonHighWarningThreshold,VccMonHighWarningThreshold,0x02,140,2,,,u16,uV,100,Big-endian,,RO,Normal,Cnd,,U16 Thresholds for internal 3.3 volt input supply voltage monitor: 100 µV increments,,8-62,Agrees,VoltageHighWarning
VccMonLowWarningThreshold,VccMonLowWarningThreshold,0x02,142,2,,,u16,uV,100,Big-endian,,RO,Normal,Cnd,,U16 Thresholds for internal 3.3 volt input supply voltage monitor: 100 µV increments,,8-62,Agrees,VoltageLowWarning
Aux1MonHighAlarmThreshold,Aux1MonHighAlarmThreshold,0x02,144,2,,,s16,,,Big-endian,"Depends on 01h:145.0: 0b = custom; 1b = TEC current, 100/32767 % of maximum TEC current per LSB (+ heating, - cooling)",RO,Normal,Cnd,,S16 Thresholds for TEC Current monitor or custom Aux 1 monitor TEC Current: 100/32767% increments of maximum TEC current +32767 (100%) – Max Heating -32767 (-100%) – Max Cooling,,8-62,Agrees,Aux1MonitorHighAlarmThreshold
Aux1MonLowAlarmThreshold,Aux1MonLowAlarmThreshold,0x02,146,2,,,s16,,,Big-endian,"Depends on 01h:145.0: 0b = custom; 1b = TEC current, 100/32767 % of maximum TEC current per LSB (+ heating, - cooling)",RO,Normal,Cnd,,S16 Thresholds for TEC Current monitor or custom Aux 1 monitor TEC Current: 100/32767% increments of maximum TEC current +32767 (100%) – Max Heating -32767 (-100%) – Max Cooling,,8-62,Agrees,Aux1MonitorLowAlarmThreshold
Aux1MonHighWarningThreshold,Aux1MonHighWarningThreshold,0x02,148,2,,,s16,,,Big-endian,"Depends on 01h:145.0: 0b = custom; 1b = TEC current, 100/32767 % of maximum TEC current per LSB (+ heating, - cooling)",RO,Normal,Cnd,,S16 Thresholds for TEC Current monitor or custom Aux 1 monitor TEC Current: 100/32767% increments of maximum TEC current +32767 (100%) – Max Heating -32767 (-100%) – Max Cooling,,8-62,Agrees,Aux1MonitorHighWarningThreshold
Aux1MonLowWarningThreshold,Aux1MonLowWarningThreshold,0x02,150,2,,,s16,,,Big-endian,"Depends on 01h:145.0: 0b = custom; 1b = TEC current, 100/32767 % of maximum TEC current per LSB (+ heating, - cooling)",RO,Normal,Cnd,,S16 Thresholds for TEC Current monitor or custom Aux 1 monitor TEC Current: 100/32767% increments of maximum TEC current +32767 (100%) – Max Heating -32767 (-100%) – Max Cooling,,8-62,Agrees,Aux1MonitorLowWarningThreshold
Aux2MonHighAlarmThreshold,Aux2MonHighAlarmThreshold,0x02,152,2,,,s16,,,Big-endian,"Depends on 01h:145.1: 0b = laser temperature, 1/256 degC per LSB; 1b = TEC current, 100/32767 % of maximum TEC current per LSB",RO,Normal,Cnd,,S16 Thresholds for TEC Current or Laser Temperature monitor TEC Current: 100/32767% increments of maximum TEC current +32767 (100%) – Max Heating -32767 (-100%) – Max Cooling Laser Temperature: 1/256 degree Celsius increments,,8-62,Agrees,Aux2MonitorHighAlarmThreshold
Aux2MonLowAlarmThreshold,Aux2MonLowAlarmThreshold,0x02,154,2,,,s16,,,Big-endian,"Depends on 01h:145.1: 0b = laser temperature, 1/256 degC per LSB; 1b = TEC current, 100/32767 % of maximum TEC current per LSB",RO,Normal,Cnd,,S16 Thresholds for TEC Current or Laser Temperature monitor TEC Current: 100/32767% increments of maximum TEC current +32767 (100%) – Max Heating -32767 (-100%) – Max Cooling Laser Temperature: 1/256 degree Celsius increments,,8-62,Agrees,Aux2MonitorLowAlarmThreshold
Aux2MonHighWarningThreshold,Aux2MonHighWarningThreshold,0x02,156,2,,,s16,,,Big-endian,"Depends on 01h:145.1: 0b = laser temperature, 1/256 degC per LSB; 1b = TEC current, 100/32767 % of maximum TEC current per LSB",RO,Normal,Cnd,,S16 Thresholds for TEC Current or Laser Temperature monitor TEC Current: 100/32767% increments of maximum TEC current +32767 (100%) – Max Heating -32767 (-100%) – Max Cooling Laser Temperature: 1/256 degree Celsius increments,,8-62,Agrees,Aux2MonitorHighWarningThreshold
Aux2MonLowWarningThreshold,Aux2MonLowWarningThreshold,0x02,158,2,,,s16,,,Big-endian,"Depends on 01h:145.1: 0b = laser temperature, 1/256 degC per LSB; 1b = TEC current, 100/32767 % of maximum TEC current per LSB",RO,Normal,Cnd,,S16 Thresholds for TEC Current or Laser Temperature monitor TEC Current: 100/32767% increments of maximum TEC current +32767 (100%) – Max Heating -32767 (-100%) – Max Cooling Laser Temperature: 1/256 degree Celsius increments,,8-62,Agrees,Aux2MonitorLowWarningThreshold
Aux3MonHighAlarmThreshold,Aux3MonHighAlarmThreshold,0x02,160,2,,,s16,,,Big-endian,"Depends on 01h:145.2: 0b = laser temperature, 1/256 degC per LSB; 1b = additional supply voltage, 100 uV per LSB",RO,Normal,Cnd,,S16 Thresholds for Laser Temperature or additional supply voltage monitor Laser Temperature: 1/256 degree Celsius increments,,8-62,Agrees,Aux3MonitorHighAlarmThreshold
Aux3MonLowAlarmThreshold,Aux3MonLowAlarmThreshold,0x02,162,2,,,s16,,,Big-endian,"Depends on 01h:145.2: 0b = laser temperature, 1/256 degC per LSB; 1b = additional supply voltage, 100 uV per LSB",RO,Normal,Cnd,,S16 Thresholds for Laser Temperature or additional supply voltage monitor Laser Temperature: 1/256 degree Celsius increments,,8-62,Agrees,Aux3MonitorLowAlarmThreshold
Aux3MonHighWarningThreshold,Aux3MonHighWarningThreshold,0x02,164,2,,,s16,,,Big-endian,"Depends on 01h:145.2: 0b = laser temperature, 1/256 degC per LSB; 1b = additional supply voltage, 100 uV per LSB",RO,Normal,Cnd,,S16 Thresholds for Laser Temperature or additional supply voltage monitor Laser Temperature: 1/256 degree Celsius increments,,8-62,Agrees,Aux3MonitorHighWarningThreshold
Aux3MonLowWarningThreshold,Aux3MonLowWarningThreshold,0x02,166,2,,,s16,,,,"Depends on 01h:145.2: 0b = laser temperature, 1/256 degC per LSB; 1b = additional supply voltage, 100 uV per LSB",RO,Normal,Cnd,,NOTE: Laser Temp can be below 0 if uncooled or in Tx Output Disable. Additional supply voltage monitor: 100 µV increments,,8-62,Agrees,Aux3MonitorLowWarningThreshold
CustomMonHighAlarmThreshold,CustomMonHighAlarmThreshold,0x02,168,2,,,s16,,,Big-endian,"Custom monitor: S16 or U16, units defined by the vendor",RO,Normal,Cnd,,S16 or U16 Custom monitor,,8-62,Not in SONiC,
CustomMonLowAlarmThreshold,CustomMonLowAlarmThreshold,0x02,170,2,,,s16|u16,,,Big-endian,"Custom monitor: S16 or U16, units defined by the vendor",RO,Normal,Cnd,,S16 or U16 Custom monitor,,8-62,Not in SONiC,
CustomMonHighWarningThreshold,CustomMonHighWarningThreshold,0x02,172,2,,,s16|u16,,,Big-endian,"Custom monitor: S16 or U16, units defined by the vendor",RO,Normal,Cnd,,S16 or U16 Custom monitor,,8-62,Not in SONiC,
CustomMonLowWarningThreshold,CustomMonLowWarningThreshold,0x02,174,2,,,s16|u16,,,Big-endian,"Custom monitor: S16 or U16, units defined by the vendor",RO,Normal,Cnd,,S16 or U16 Custom monitor,,8-62,Not in SONiC,
OpticalPowerTxHighAlarmThreshold,OpticalPowerTxHighAlarmThreshold,0x02,176,2,,,u16,uW,0.1,Big-endian,,RO,Normal,Cnd,,U16 Thresholds for Tx optical power monitor: in 0.1 uW increments Total measurement range of 0 to 6.5535 mW (~-40 dBm to +8.2 dBm for non-zero values),,8-63,Agrees,TxPowerHighAlarm
OpticalPowerTxLowAlarmThreshold,OpticalPowerTxLowAlarmThreshold,0x02,178,2,,,u16,uW,0.1,Big-endian,,RO,Normal,Cnd,,U16 Thresholds for Tx optical power monitor: in 0.1 uW increments Total measurement range of 0 to 6.5535 mW (~-40 dBm to +8.2 dBm for non-zero values),,8-63,Agrees,TxPowerLowAlarm
OpticalPowerTxHighWarningThreshold,OpticalPowerTxHighWarningThreshold,0x02,180,2,,,u16,uW,0.1,Big-endian,,RO,Normal,Cnd,,U16 Thresholds for Tx optical power monitor: in 0.1 uW increments Total measurement range of 0 to 6.5535 mW (~-40 dBm to +8.2 dBm for non-zero values),,8-63,Agrees,TxPowerHighWarning
OpticalPowerTxLowWarningThreshold,OpticalPowerTxLowWarningThreshold,0x02,182,2,,,u16,uW,0.1,Big-endian,,RO,Normal,Cnd,,U16 Thresholds for Tx optical power monitor: in 0.1 uW increments Total measurement range of 0 to 6.5535 mW (~-40 dBm to +8.2 dBm for non-zero values),,8-63,Agrees,TxPowerLowWarning
LaserBiasCurrentHighAlarmThreshold,LaserBiasCurrentHighAlarmThreshold,0x02,184,2,,,u16,uA,2,Big-endian,"Multiply also by TxBiasCurrentScalingFactor (01h:160.4-3): 00b x1, 01b x2, 10b x4",RO,Normal,Cnd,,"U16 Thresholds for Tx laser bias monitor: 2 uA increments, times the multiplier encoded in 01h:160.4-3 (see Table 8-52)",,8-63,Agrees,TxHighAlarm
LaserBiasCurrentLowAlarmThreshold,LaserBiasCurrentLowAlarmThreshold,0x02,186,2,,,u16,uA,2,Big-endian,"Multiply also by TxBiasCurrentScalingFactor (01h:160.4-3): 00b x1, 01b x2, 10b x4",RO,Normal,Cnd,,"U16 Thresholds for Tx laser bias monitor: 2 uA increments, times the multiplier encoded in 01h:160.4-3 (see Table 8-52)",,8-63,Agrees,TxLowAlarm
LaserBiasCurrentHighWarningThreshold,LaserBiasCurrentHighWarningThreshold,0x02,188,2,,,u16,uA,2,Big-endian,"Multiply also by TxBiasCurrentScalingFactor (01h:160.4-3): 00b x1, 01b x2, 10b x4",RO,Normal,Cnd,,"U16 Thresholds for Tx laser bias monitor: 2 uA increments, times the multiplier encoded in 01h:160.4-3 (see Table 8-52)",,8-63,Agrees,TxHighWarning
LaserBiasCurrentLowWarningThreshold,LaserBiasCurrentLowWarningThreshold,0x02,190,2,,,u16,uA,2,Big-endian,"Multiply also by TxBiasCurrentScalingFactor (01h:160.4-3): 00b x1, 01b x2, 10b x4",RO,Normal,Cnd,,"U16 Thresholds for Tx laser bias monitor: 2 uA increments, times the multiplier encoded in 01h:160.4-3 (see Table 8-52)",,8-63,Agrees,TxLowWarning
OpticalPowerRxHighAlarmThreshold,OpticalPowerRxHighAlarmThreshold,0x02,192,2,,,u16,uW,0.1,Big-endian,,RO,Normal,Cnd,,U16 Thresholds for Rx optical power monitor: 0.1 uW increments Total measurement range of 0 to 6.5535 mW (~-40 dBm to +8.2 dBm for non-zero values),,8-63,Agrees,RxPowerHighAlarm
OpticalPowerRxLowAlarmThreshold,OpticalPowerRxLowAlarmThreshold,0x02,194,2,,,u16,uW,0.1,Big-endian,,RO,Normal,Cnd,,U16 Thresholds for Rx optical power monitor: 0.1 uW increments Total measurement range of 0 to 6.5535 mW (~-40 dBm to +8.2 dBm for non-zero values),,8-63,Agrees,RxPowerLowAlarm
OpticalPowerRxHighWarningThreshold,OpticalPowerRxHighWarningThreshold,0x02,196,2,,,u16,uW,0.1,Big-endian,,RO,Normal,Cnd,,U16 Thresholds for Rx optical power monitor: 0.1 uW increments Total measurement range of 0 to 6.5535 mW (~-40 dBm to +8.2 dBm for non-zero values),,8-63,Agrees,RxPowerHighWarning
OpticalPowerRxLowWarningThreshold,OpticalPowerRxLowWarningThreshold,0x02,198,2,,,u16,uW,0.1,Big-endian,,RO,Normal,Cnd,,U16 Thresholds for Rx optical power monitor: 0.1 uW increments Total measurement range of 0 to 6.5535 mW (~-40 dBm to +8.2 dBm for non-zero values),,8-63,Agrees,RxPowerLowWarning
PageChecksum.02h,PageChecksum,0x02,255,1,,,u8,,,,,RO,Normal,,,Covers bytes 128-254,8.5.3,8-61,Not in SONiC,
GridSupported75GHz,GridSupported75GHz,0x04,128,1,0x80,,bool,,,,,RO,Normal,Rqd,,Bool: Indicates whether the module supports channel-based tuning on the 75 GHz grid defined as: Frequency (THz) = 193.1 + n × 0.025 where n must be an integer multiple of 3. 0b: 75 GHz Grid not supported 1b: 75 GHz Grid supported n is the 16-bit signed channel number that is referred to in the highest/lowest supported channel numbers in Page 04h,,8-66,SONiC wider,GridSupported
GridSupported33GHz,GridSupported33GHz,0x04,128,1,0x40,,bool,,,,,RO,Normal,Rqd,,Bool: Indicates whether the module supports channel-based tuning on the 33 GHz grid defined as: Frequency (THz) = 193.1 + n × 0.1/3 0b: 33 GHz Grid not supported 1b: 33 GHz Grid supported,,8-66,SONiC wider,GridSupported
GridSupported100GHz,GridSupported100GHz,0x04,128,1,0x20,,bool,,,,,RO,Normal,Rqd,,Bool: Indicates whether the module supports channel-based tuning on the 100 GHz grid defined as: Frequency (THz) = 193.1 + n × 0.1 0b: 100 GHz Grid not supported 1b: 100 GHz Grid supported,,8-66,SONiC wider,GridSupported
GridSupported50GHz,GridSupported50GHz,0x04,128,1,0x10,,bool,,,,,RO,Normal,Rqd,,Bool: Indicates whether the module supports channel-based tuning on the 50 GHz grid defined as: Frequency (THz) = 193.1 + n × 0.05 0b: 50 GHz Grid not supported 1b: 50 GHz Grid supported,,8-66,SONiC wider,GridSupported
GridSupported25GHz,GridSupported25GHz,0x04,128,1,0x08,,bool,,,,,RO,Normal,Rqd,,Bool: Indicates whether the module supports channel-based tuning on the 25 GHz grid defined as: Frequency (THz) = 193.1 + n × 0.025 0b: 25 GHz Grid not supported 1b: 25 GHz Grid supported,,8-66,SONiC wider,GridSupported
GridSupported12p5GHz,GridSupported12p5GHz,0x04,128,1,0x04,,bool,,,,,RO,Normal,Rqd,,Bool: Indicates whether the module supports channel-based tuning on the 12.5 GHz grid defined as: Frequency (THz) = 193.1 + n × 0.0125 0b: 12.5 GHz Grid not supported 1b: 12.5 GHz Grid supported,,8-66,SONiC wider,GridSupported
GridSupported6p25GHz,GridSupported6p25GHz,0x04,128,1,0x02,,bool,,,,,RO,Normal,Rqd,,Bool: Indicates whether the module supports channel-based tuning on the 6.25 GHz grid defined as: Frequency (THz) = 193.1 + n × 0.00625 0b: 6.25 GHz Grid not supported 1b: 6.25 GHz Grid supported,,8-66,SONiC wider,GridSupported
GridSupported3p125GHz,GridSupported3p125GHz,0x04,128,1,0x01,,bool,,,,,RO,Normal,Rqd,,Bool: Indicates whether the module supports channel-based tuning on 3.125 GHz grid defined as: Frequency (THz) = 193.1 + n × 0.003125 0b: 3.125 GHz Grid not supported 1b: 3.125 GHz Grid supported,,8-66,SONiC wider,GridSupported
FineTuningSupported,FineTuningSupported,0x04,129,1,0x80,,bool,,,,,RO,Normal,Rqd,,Bool: Indicates whether the module supports fine-tuning of laser frequency in the vicinity of an on-grid channel. 0b: module does not support fine-tuning 1b: module supports fine-tuning,,8-66,Not in SONiC,
GridSupported150GHz,GridSupported150GHz,0x04,129,1,0x40,,bool,,,,,RO,Normal,Rqd,,Bool: Indicates whether the module supports channel-based tuning on the 150 GHz grid defined as: Frequency (THz) = 193.1 + (n+3) × 0.025 where n must be an integer multiple of 6. 0b: 150 GHz Grid not supported 1b: 150 GHz Grid supported,,8-66,Not in SONiC,
Reserved.04h.129,Reserved,0x04,129,1,0x3F,,,,,,,RO,Normal,,,Reserved for future channel spacing advertisements,,8-66,Not in SONiC,
GridLowChannel3p125GHz,GridLowChannel3p125GHz,0x04,130,2,,,s16,,,Big-endian,,RO,Normal,Rqd,,S16 Lowest supported n for 3.125 GHz spacing,,8-66,Not in SONiC,
GridHighChannel3p125GHz,GridHighChannel3p125GHz,0x04,132,2,,,s16,,,Big-endian,,RO,Normal,Rqd,,S16 Highest supported n for 3.125 GHz spacing,,8-66,Not in SONiC,
GridLowChannel6p25GHz,GridLowChannel6p25GHz,0x04,134,2,,,s16,,,Big-endian,,RO,Normal,Rqd,,S16 Lowest supported n for 6.25 GHz spacing,,8-66,Not in SONiC,
GridHighChannel6p25GHz,GridHighChannel6p25GHz,0x04,136,2,,,s16,,,Big-endian,,RO,Normal,Rqd,,S16 Highest supported n for 6.25 GHz spacing,,8-66,Not in SONiC,
GridLowChannel12p5GHz,GridLowChannel12p5GHz,0x04,138,2,,,s16,,,Big-endian,,RO,Normal,Rqd,,S16 Lowest supported n for 12.5 GHz spacing,,8-66,Not in SONiC,
GridHighChannel12p5GHz,GridHighChannel12p5GHz,0x04,140,2,,,s16,,,Big-endian,,RO,Normal,Rqd,,S16 Highest supported n for 12.5 GHz spacing,,8-66,Not in SONiC,
GridLowChannel25GHz,GridLowChannel25GHz,0x04,142,2,,,s16,,,Big-endian,,RO,Normal,Rqd,,S16 Lowest supported n for 25 GHz spacing,,8-66,Not in SONiC,
GridHighChannel25GHz,GridHighChannel25GHz,0x04,144,2,,,s16,,,Big-endian,,RO,Normal,Rqd,,S16 Highest supported n for 25 GHz spacing,,8-66,Not in SONiC,
GridLowChannel50GHz,GridLowChannel50GHz,0x04,146,2,,,s16,,,Big-endian,,RO,Normal,Rqd,,S16 Lowest supported n for 50 GHz spacing,,8-66,Not in SONiC,
GridHighChannel50GHz,GridHighChannel50GHz,0x04,148,2,,,s16,,,Big-endian,,RO,Normal,Rqd,,S16 Highest supported n for 50 GHz spacing,,8-66,Not in SONiC,
GridLowChannel100GHz,GridLowChannel100GHz,0x04,150,2,,,s16,,,Big-endian,,RO,Normal,Rqd,,S16 Lowest supported n for 100 GHz spacing,,8-66,Not in SONiC,
GridHighChannel100GHz,GridHighChannel100GHz,0x04,152,2,,,s16,,,Big-endian,,RO,Normal,Rqd,,S16 Highest supported n for 100 GHz spacing,,8-66,Not in SONiC,
GridLowChannel33GHz,GridLowChannel33GHz,0x04,154,2,,,s16,,,Big-endian,,RO,Normal,Rqd,,S16 Lowest supported n for 33 GHz spacing,,8-66,Not in SONiC,
GridHighChannel33GHz,GridHighChannel33GHz,0x04,156,2,,,s16,,,Big-endian,,RO,Normal,Rqd,,S16 Highest supported n for 33 GHz spacing,,8-66,Not in SONiC,
GridLowChannel75GHz,GridLowChannel75GHz,0x04,158,2,,,s16,,,Big-endian,,RO,Normal,Rqd,,S16 Lowest supported n for 75 GHz spacing,,8-66,Agrees,LowChannel75GHz
GridHighChannel75GHz,GridHighChannel75GHz,0x04,160,2,,,s16,,,Big-endian,,RO,Normal,Rqd,,S16 Highest supported n for 75 GHz spacing,,8-66,Agrees,HighChannel75GHz
GridLowChannel150GHz,GridLowChannel150GHz,0x04,162,2,,,s16,,,Big-endian,,RO,Normal,Rqd,,S16 Lowest supported n for 150 GHz spacing,,8-66,Not in SONiC,
GridHighChannel150GHz,GridHighChannel150GHz,0x04,164,2,,,s16,,,Big-endian,,RO,Normal,Rqd,,S16 Highest supported n for 150 GHz spacing,,8-66,Not in SONiC,
Reserved.04h.166,Reserved,0x04,166,24,,,,,,,,RO,Normal,,,Reserved[24] for future channel spacing support,,8-66,Not in SONiC,
FineTuningResolution,FineTuningResolution,0x04,190,2,,,u16,GHz,0.001,Big-endian,,RO,Normal,Rqd,,"U16 Fine-tuning resolution, increments of 0.001 GHz",,8-66,Not in SONiC,
FineTuningLowOffset,FineTuningLowOffset,0x04,192,2,,,s16,GHz,0.001,Big-endian,,RO,Normal,Rqd,,S16 lowest fine-tuning offset with resolution of 0.001 GHz,,8-66,Not in SONiC,
FineTuningHighOffset,FineTuningHighOffset,0x04,194,2,,,s16,GHz,0.001,Big-endian,,RO,Normal,Rqd,,S16 highest fine-tuning offset in increments of 0.001 GHz,,8-66,Not in SONiC,
ProgOutputPowerPerLaneSupported,ProgOutputPowerPerLaneSupported,0x04,196,1,0x80,,bool,,,,,RO,Normal,Rqd,,0b: Programmable output power per lane not supported 1b: Programmable output power per lane supported,,8-66,Not in SONiC,
Reserved.04h.196,Reserved,0x04,196,1,0x7F,,,,,,,,,,,Reserved,,8-66,Not in SONiC,
Reserved.04h.197,Reserved,0x04,197,1,,,,,,,,RO,Normal,,,Reserved[1],,8-66,Not in SONiC,
ProgOutputPowerMin,ProgOutputPowerMin,0x04,198,2,,,s16,dBm,0.01,Big-endian,,RO,Normal,Rqd,,S16 Minimum Programmable Output Power in increments of 0.01 dBm,,8-66,Agrees,MinProgOutputPower
ProgOutputPowerMax,ProgOutputPowerMax,0x04,200,2,,,s16,dBm,0.01,Big-endian,,RO,Normal,Rqd,,S16 Maximum Programmable Output Power in increments of 0.01 dBm,,8-66,Agrees,MaxProgOutputPower
Reserved.04h.202,Reserved,0x04,202,53,,,,,,,,RO,Normal,,,Reserved[53],,8-66,Not in SONiC,
PageChecksum.04h,PageChecksum,0x04,255,1,,,u8,,,,,RO,Normal,Rqd,,Page Checksum over bytes 128-254 (see section 8.1.4.3),,8-66,Not in SONiC,
DPDeinitLane8,DPDeinitLane8,0x10,128,1,0x80,Lane-banked,bool,,,,,RW,Normal,Rqd,,"DPDeinitLane<i> Data Path initialization control for host lane <i> 0b: Initialize the Data Path associated with host lane 1b: Deinitialize the Data Path associated with host lane All lanes of a Data Path must have the same value Note: These bits represent static requests, not trigger events",,8-68,SONiC wider,Data Path Deinit
DPDeinitLane7,DPDeinitLane7,0x10,128,1,0x40,Lane-banked,bool,,,,,RW,Normal,Rqd,,"DPDeinitLane<i> Data Path initialization control for host lane <i> 0b: Initialize the Data Path associated with host lane 1b: Deinitialize the Data Path associated with host lane All lanes of a Data Path must have the same value Note: These bits represent static requests, not trigger events",,8-68,SONiC wider,Data Path Deinit
DPDeinitLane6,DPDeinitLane6,0x10,128,1,0x20,Lane-banked,bool,,,,,RW,Normal,Rqd,,"DPDeinitLane<i> Data Path initialization control for host lane <i> 0b: Initialize the Data Path associated with host lane 1b: Deinitialize the Data Path associated with host lane All lanes of a Data Path must have the same value Note: These bits represent static requests, not trigger events",,8-68,SONiC wider,Data Path Deinit
DPDeinitLane5,DPDeinitLane5,0x10,128,1,0x10,Lane-banked,bool,,,,,RW,Normal,Rqd,,"DPDeinitLane<i> Data Path initialization control for host lane <i> 0b: Initialize the Data Path associated with host lane 1b: Deinitialize the Data Path associated with host lane All lanes of a Data Path must have the same value Note: These bits represent static requests, not trigger events",,8-68,SONiC wider,Data Path Deinit
DPDeinitLane4,DPDeinitLane4,0x10,128,1,0x08,Lane-banked,bool,,,,,RW,Normal,Rqd,,"DPDeinitLane<i> Data Path initialization control for host lane <i> 0b: Initialize the Data Path associated with host lane 1b: Deinitialize the Data Path associated with host lane All lanes of a Data Path must have the same value Note: These bits represent static requests, not trigger events",,8-68,SONiC wider,Data Path Deinit
DPDeinitLane3,DPDeinitLane3,0x10,128,1,0x04,Lane-banked,bool,,,,,RW,Normal,Rqd,,"DPDeinitLane<i> Data Path initialization control for host lane <i> 0b: Initialize the Data Path associated with host lane 1b: Deinitialize the Data Path associated with host lane All lanes of a Data Path must have the same value Note: These bits represent static requests, not trigger events",,8-68,SONiC wider,Data Path Deinit
DPDeinitLane2,DPDeinitLane2,0x10,128,1,0x02,Lane-banked,bool,,,,,RW,Normal,Rqd,,"DPDeinitLane<i> Data Path initialization control for host lane <i> 0b: Initialize the Data Path associated with host lane 1b: Deinitialize the Data Path associated with host lane All lanes of a Data Path must have the same value Note: These bits represent static requests, not trigger events",,8-68,SONiC wider,Data Path Deinit
DPDeinitLane1,DPDeinitLane1,0x10,128,1,0x01,Lane-banked,bool,,,,,RW,Normal,Rqd,,"DPDeinitLane<i> Data Path initialization control for host lane <i> 0b: Initialize the Data Path associated with host lane 1b: Deinitialize the Data Path associated with host lane All lanes of a Data Path must have the same value Note: These bits represent static requests, not trigger events",,8-68,SONiC wider,Data Path Deinit
InputPolarityFlipTx8,InputPolarityFlipTx8,0x10,129,1,0x80,Lane-banked,bool,,,,,RW,Normal,Adv,,InputPolarityFlipTx<i> 0b: No Tx input polarity flip for lane <i> 1b: Tx input polarity flip for lane <i> Advertisement: 01h:155.0,,8-69,Not in SONiC,
InputPolarityFlipTx7,InputPolarityFlipTx7,0x10,129,1,0x40,Lane-banked,bool,,,,,RW,Normal,Adv,,InputPolarityFlipTx<i> 0b: No Tx input polarity flip for lane <i> 1b: Tx input polarity flip for lane <i> Advertisement: 01h:155.0,,8-69,Not in SONiC,
InputPolarityFlipTx6,InputPolarityFlipTx6,0x10,129,1,0x20,Lane-banked,bool,,,,,RW,Normal,Adv,,InputPolarityFlipTx<i> 0b: No Tx input polarity flip for lane <i> 1b: Tx input polarity flip for lane <i> Advertisement: 01h:155.0,,8-69,Not in SONiC,
InputPolarityFlipTx5,InputPolarityFlipTx5,0x10,129,1,0x10,Lane-banked,bool,,,,,RW,Normal,Adv,,InputPolarityFlipTx<i> 0b: No Tx input polarity flip for lane <i> 1b: Tx input polarity flip for lane <i> Advertisement: 01h:155.0,,8-69,Not in SONiC,
InputPolarityFlipTx4,InputPolarityFlipTx4,0x10,129,1,0x08,Lane-banked,bool,,,,,RW,Normal,Adv,,InputPolarityFlipTx<i> 0b: No Tx input polarity flip for lane <i> 1b: Tx input polarity flip for lane <i> Advertisement: 01h:155.0,,8-69,Not in SONiC,
InputPolarityFlipTx3,InputPolarityFlipTx3,0x10,129,1,0x04,Lane-banked,bool,,,,,RW,Normal,Adv,,InputPolarityFlipTx<i> 0b: No Tx input polarity flip for lane <i> 1b: Tx input polarity flip for lane <i> Advertisement: 01h:155.0,,8-69,Not in SONiC,
InputPolarityFlipTx2,InputPolarityFlipTx2,0x10,129,1,0x02,Lane-banked,bool,,,,,RW,Normal,Adv,,InputPolarityFlipTx<i> 0b: No Tx input polarity flip for lane <i> 1b: Tx input polarity flip for lane <i> Advertisement: 01h:155.0,,8-69,Not in SONiC,
InputPolarityFlipTx1,InputPolarityFlipTx1,0x10,129,1,0x01,Lane-banked,bool,,,,,RW,Normal,Adv,,InputPolarityFlipTx<i> 0b: No Tx input polarity flip for lane <i> 1b: Tx input polarity flip for lane <i> Advertisement: 01h:155.0,,8-69,Not in SONiC,
OutputDisableTx8,OutputDisableTx8,0x10,130,1,0x80,Lane-banked,bool,,,,,RW,Normal,Adv,,OutputDisableTx<i> 0b: Tx output enabled for media lane <i> 1b: Tx output disabled for media lane <i> A dvertisement: 01h:155.1,,8-69,SONiC wider,TxDisable
OutputDisableTx7,OutputDisableTx7,0x10,130,1,0x40,Lane-banked,bool,,,,,RW,Normal,Adv,,OutputDisableTx<i> 0b: Tx output enabled for media lane <i> 1b: Tx output disabled for media lane <i> A dvertisement: 01h:155.1,,8-69,SONiC wider,TxDisable
OutputDisableTx6,OutputDisableTx6,0x10,130,1,0x20,Lane-banked,bool,,,,,RW,Normal,Adv,,OutputDisableTx<i> 0b: Tx output enabled for media lane <i> 1b: Tx output disabled for media lane <i> A dvertisement: 01h:155.1,,8-69,SONiC wider,TxDisable
OutputDisableTx5,OutputDisableTx5,0x10,130,1,0x10,Lane-banked,bool,,,,,RW,Normal,Adv,,OutputDisableTx<i> 0b: Tx output enabled for media lane <i> 1b: Tx output disabled for media lane <i> A dvertisement: 01h:155.1,,8-69,SONiC wider,TxDisable
OutputDisableTx4,OutputDisableTx4,0x10,130,1,0x08,Lane-banked,bool,,,,,RW,Normal,Adv,,OutputDisableTx<i> 0b: Tx output enabled for media lane <i> 1b: Tx output disabled for media lane <i> A dvertisement: 01h:155.1,,8-69,SONiC wider,TxDisable
OutputDisableTx3,OutputDisableTx3,0x10,130,1,0x04,Lane-banked,bool,,,,,RW,Normal,Adv,,OutputDisableTx<i> 0b: Tx output enabled for media lane <i> 1b: Tx output disabled for media lane <i> A dvertisement: 01h:155.1,,8-69,SONiC wider,TxDisable
OutputDisableTx2,OutputDisableTx2,0x10,130,1,0x02,Lane-banked,bool,,,,,RW,Normal,Adv,,OutputDisableTx<i> 0b: Tx output enabled for media lane <i> 1b: Tx output disabled for media lane <i> A dvertisement: 01h:155.1,,8-69,SONiC wider,TxDisable
OutputDisableTx1,OutputDisableTx1,0x10,130,1,0x01,Lane-banked,bool,,,,,RW,Normal,Adv,,OutputDisableTx<i> 0b: Tx output enabled for media lane <i> 1b: Tx output disabled for media lane <i> A dvertisement: 01h:155.1,,8-69,SONiC wider,TxDisable
AutoSquelchDisableTx8,AutoSquelchDisableTx8,0x10,131,1,0x80,Lane-banked,bool,,,,,RW,Normal,Adv,,AutoSquelchDisableTx<i> 0b: Automatic Tx output squelching control enabled for media lane <i>,,8-69,Not in SONiC,
AutoSquelchDisableTx7,AutoSquelchDisableTx7,0x10,131,1,0x40,Lane-banked,bool,,,,,RW,Normal,Adv,,AutoSquelchDisableTx<i> 0b: Automatic Tx output squelching control enabled for media lane <i>,,8-69,Not in SONiC,
AutoSquelchDisableTx6,AutoSquelchDisableTx6,0x10,131,1,0x20,Lane-banked,bool,,,,,RW,Normal,Adv,,AutoSquelchDisableTx<i> 0b: Automatic Tx output squelching control enabled for media lane <i>,,8-69,Not in SONiC,
AutoSquelchDisableTx5,AutoSquelchDisableTx5,0x10,131,1,0x10,Lane-banked,bool,,,,,RW,Normal,Adv,,AutoSquelchDisableTx<i> 0b: Automatic Tx output squelching control enabled for media lane <i>,,8-69,Not in SONiC,
AutoSquelchDisableTx4,AutoSquelchDisableTx4,0x10,131,1,0x08,Lane-banked,bool,,,,,RW,Normal,Adv,,1b: Automatic Tx output squelching control disabled for media lane<i> A dvertisement: 01h:155.2,,8-69,Not in SONiC,
AutoSquelchDisableTx3,AutoSquelchDisableTx3,0x10,131,1,0x04,Lane-banked,bool,,,,,RW,Normal,Adv,,1b: Automatic Tx output squelching control disabled for media lane<i> A dvertisement: 01h:155.2,,8-69,Not in SONiC,
AutoSquelchDisableTx2,AutoSquelchDisableTx2,0x10,131,1,0x02,Lane-banked,bool,,,,,RW,Normal,Adv,,1b: Automatic Tx output squelching control disabled for media lane<i> A dvertisement: 01h:155.2,,8-69,Not in SONiC,
AutoSquelchDisableTx1,AutoSquelchDisableTx1,0x10,131,1,0x01,Lane-banked,bool,,,,,RW,Normal,Adv,,1b: Automatic Tx output squelching control disabled for media lane<i> A dvertisement: 01h:155.2,,8-69,Not in SONiC,
OutputSquelchForceTx8,OutputSquelchForceTx8,0x10,132,1,0x80,Lane-banked,bool,,,,,RW,Normal,Adv,,OutputSquelchForceTx<i> 0b: No impact on Tx output for media lane <i> 1b: Tx output squelched for media lane <i> Advertisement: 01h:155.3,,8-69,Not in SONiC,
OutputSquelchForceTx7,OutputSquelchForceTx7,0x10,132,1,0x40,Lane-banked,bool,,,,,RW,Normal,Adv,,OutputSquelchForceTx<i> 0b: No impact on Tx output for media lane <i> 1b: Tx output squelched for media lane <i> Advertisement: 01h:155.3,,8-69,Not in SONiC,
OutputSquelchForceTx6,OutputSquelchForceTx6,0x10,132,1,0x20,Lane-banked,bool,,,,,RW,Normal,Adv,,OutputSquelchForceTx<i> 0b: No impact on Tx output for media lane <i> 1b: Tx output squelched for media lane <i> Advertisement: 01h:155.3,,8-69,Not in SONiC,
OutputSquelchForceTx5,OutputSquelchForceTx5,0x10,132,1,0x10,Lane-banked,bool,,,,,RW,Normal,Adv,,OutputSquelchForceTx<i> 0b: No impact on Tx output for media lane <i> 1b: Tx output squelched for media lane <i> Advertisement: 01h:155.3,,8-69,Not in SONiC,
OutputSquelchForceTx4,OutputSquelchForceTx4,0x10,132,1,0x08,Lane-banked,bool,,,,,RW,Normal,Adv,,OutputSquelchForceTx<i> 0b: No impact on Tx output for media lane <i> 1b: Tx output squelched for media lane <i> Advertisement: 01h:155.3,,8-69,Not in SONiC,
OutputSquelchForceTx3,OutputSquelchForceTx3,0x10,132,1,0x04,Lane-banked,bool,,,,,RW,Normal,Adv,,OutputSquelchForceTx<i> 0b: No impact on Tx output for media lane <i> 1b: Tx output squelched for media lane <i> Advertisement: 01h:155.3,,8-69,Not in SONiC,
OutputSquelchForceTx2,OutputSquelchForceTx2,0x10,132,1,0x02,Lane-banked,bool,,,,,RW,Normal,Adv,,OutputSquelchForceTx<i> 0b: No impact on Tx output for media lane <i> 1b: Tx output squelched for media lane <i> Advertisement: 01h:155.3,,8-69,Not in SONiC,
OutputSquelchForceTx1,OutputSquelchForceTx1,0x10,132,1,0x01,Lane-banked,bool,,,,,RW,Normal,Adv,,OutputSquelchForceTx<i> 0b: No impact on Tx output for media lane <i> 1b: Tx output squelched for media lane <i> Advertisement: 01h:155.3,,8-69,Not in SONiC,
Reserved.10h.133,Reserved,0x10,133,1,,Lane-banked,,,,,,RO,Normal,,,Reserved[1],,8-69,Not in SONiC,
AdaptiveInputEqFreezeTx8,AdaptiveInputEqFreezeTx8,0x10,134,1,0x80,Lane-banked,bool,,,,,RW,Normal,Adv,,AdaptiveInputEqFreezeTx<i> 0b: No impact on Tx input eq adaptation behavior for lane <i> 1b: Tx input equalizer adaptation frozen at last value for lane <i> See section 6.2.5.4 A dvertisement: 01h:161.4,,8-69,Not in SONiC,
AdaptiveInputEqFreezeTx7,AdaptiveInputEqFreezeTx7,0x10,134,1,0x40,Lane-banked,bool,,,,,RW,Normal,Adv,,AdaptiveInputEqFreezeTx<i> 0b: No impact on Tx input eq adaptation behavior for lane <i> 1b: Tx input equalizer adaptation frozen at last value for lane <i> See section 6.2.5.4 A dvertisement: 01h:161.4,,8-69,Not in SONiC,
AdaptiveInputEqFreezeTx6,AdaptiveInputEqFreezeTx6,0x10,134,1,0x20,Lane-banked,bool,,,,,RW,Normal,Adv,,AdaptiveInputEqFreezeTx<i> 0b: No impact on Tx input eq adaptation behavior for lane <i> 1b: Tx input equalizer adaptation frozen at last value for lane <i> See section 6.2.5.4 A dvertisement: 01h:161.4,,8-69,Not in SONiC,
AdaptiveInputEqFreezeTx5,AdaptiveInputEqFreezeTx5,0x10,134,1,0x10,Lane-banked,bool,,,,,RW,Normal,Adv,,AdaptiveInputEqFreezeTx<i> 0b: No impact on Tx input eq adaptation behavior for lane <i> 1b: Tx input equalizer adaptation frozen at last value for lane <i> See section 6.2.5.4 A dvertisement: 01h:161.4,,8-69,Not in SONiC,
AdaptiveInputEqFreezeTx4,AdaptiveInputEqFreezeTx4,0x10,134,1,0x08,Lane-banked,bool,,,,,RW,Normal,Adv,,AdaptiveInputEqFreezeTx<i> 0b: No impact on Tx input eq adaptation behavior for lane <i> 1b: Tx input equalizer adaptation frozen at last value for lane <i> See section 6.2.5.4 A dvertisement: 01h:161.4,,8-69,Not in SONiC,
AdaptiveInputEqFreezeTx3,AdaptiveInputEqFreezeTx3,0x10,134,1,0x04,Lane-banked,bool,,,,,RW,Normal,Adv,,AdaptiveInputEqFreezeTx<i> 0b: No impact on Tx input eq adaptation behavior for lane <i> 1b: Tx input equalizer adaptation frozen at last value for lane <i> See section 6.2.5.4 A dvertisement: 01h:161.4,,8-69,Not in SONiC,
AdaptiveInputEqFreezeTx2,AdaptiveInputEqFreezeTx2,0x10,134,1,0x02,Lane-banked,bool,,,,,RW,Normal,Adv,,AdaptiveInputEqFreezeTx<i> 0b: No impact on Tx input eq adaptation behavior for lane <i> 1b: Tx input equalizer adaptation frozen at last value for lane <i> See section 6.2.5.4 A dvertisement: 01h:161.4,,8-69,Not in SONiC,
AdaptiveInputEqFreezeTx1,AdaptiveInputEqFreezeTx1,0x10,134,1,0x01,Lane-banked,bool,,,,,RW,Normal,Adv,,AdaptiveInputEqFreezeTx<i> 0b: No impact on Tx input eq adaptation behavior for lane <i> 1b: Tx input equalizer adaptation frozen at last value for lane <i> See section 6.2.5.4 A dvertisement: 01h:161.4,,8-69,Not in SONiC,
AdaptiveInputEqStoreTx4,AdaptiveInputEqStoreTx4,0x10,135,1,0xC0,Lane-banked,enum2,,,,,WO,Normal,Adv,,AdaptiveInputEqStoreTx<i> Tx Input Equalizer Adaptation Store location for lane <i> 00b: reserved 01b: store to recall buffer 1 10b: store to recall buffer 2 11b: reserved See section 6.2.5.4 A dvertisement: 01h:161.6-5,,8-69,Not in SONiC,
AdaptiveInputEqStoreTx3,AdaptiveInputEqStoreTx3,0x10,135,1,0x30,Lane-banked,bitfield2,,,,,WO,Normal,Adv,,AdaptiveInputEqStoreTx<i> Tx Input Equalizer Adaptation Store location for lane <i> 00b: reserved 01b: store to recall buffer 1 10b: store to recall buffer 2 11b: reserved See section 6.2.5.4 A dvertisement: 01h:161.6-5,,8-69,Not in SONiC,
AdaptiveInputEqStoreTx2,AdaptiveInputEqStoreTx2,0x10,135,1,0x0C,Lane-banked,bitfield2,,,,,WO,Normal,Adv,,AdaptiveInputEqStoreTx<i> Tx Input Equalizer Adaptation Store location for lane <i> 00b: reserved 01b: store to recall buffer 1 10b: store to recall buffer 2 11b: reserved See section 6.2.5.4 A dvertisement: 01h:161.6-5,,8-69,Not in SONiC,
AdaptiveInputEqStoreTx1,AdaptiveInputEqStoreTx1,0x10,135,1,0x03,Lane-banked,bitfield2,,,,,WO,Normal,Adv,,AdaptiveInputEqStoreTx<i> Tx Input Equalizer Adaptation Store location for lane <i> 00b: reserved 01b: store to recall buffer 1 10b: store to recall buffer 2 11b: reserved See section 6.2.5.4 A dvertisement: 01h:161.6-5,,8-69,Not in SONiC,
AdaptiveInputEqStoreTx8,AdaptiveInputEqStoreTx8,0x10,136,1,0xC0,Lane-banked,bitfield2,,,,,WO,Normal,Adv,,AdaptiveInputEqStoreTx<i> Tx Input Equalizer Adaptation Store location for lane <i> 00b: reserved 01b: store to recall buffer 1 10b: store to recall buffer 2 11b: reserved See section 6.2.5.4 A dvertisement: 01h:161.6-5,,8-69,Not in SONiC,
AdaptiveInputEqStoreTx7,AdaptiveInputEqStoreTx7,0x10,136,1,0x30,Lane-banked,bitfield2,,,,,WO,Normal,Adv,,AdaptiveInputEqStoreTx<i> Tx Input Equalizer Adaptation Store location for lane <i> 00b: reserved 01b: store to recall buffer 1 10b: store to recall buffer 2 11b: reserved See section 6.2.5.4 A dvertisement: 01h:161.6-5,,8-69,Not in SONiC,
AdaptiveInputEqStoreTx6,AdaptiveInputEqStoreTx6,0x10,136,1,0x0C,Lane-banked,bitfield2,,,,,WO,Normal,Adv,,AdaptiveInputEqStoreTx<i> Tx Input Equalizer Adaptation Store location for lane <i> 00b: reserved 01b: store to recall buffer 1 10b: store to recall buffer 2 11b: reserved See section 6.2.5.4 A dvertisement: 01h:161.6-5,,8-69,Not in SONiC,
AdaptiveInputEqStoreTx5,AdaptiveInputEqStoreTx5,0x10,136,1,0x03,Lane-banked,bitfield2,,,,,WO,Normal,Adv,,AdaptiveInputEqStoreTx<i> Tx Input Equalizer Adaptation Store location for lane <i> 00b: reserved 01b: store to recall buffer 1 10b: store to recall buffer 2 11b: reserved See section 6.2.5.4 A dvertisement: 01h:161.6-5,,8-69,Not in SONiC,
OutputPolarityFlipRx8,OutputPolarityFlipRx8,0x10,137,1,0x80,Lane-banked,bool,,,,,RW,Normal,Adv,,OutputPolarityFlipRx<i> 0b: No Rx output polarity flip for lane <i> 1b: Rx output polarity flip for lane <i> A dvertisement: 01h:156.0,,8-69,Not in SONiC,
OutputPolarityFlipRx7,OutputPolarityFlipRx7,0x10,137,1,0x40,Lane-banked,bool,,,,,RW,Normal,Adv,,OutputPolarityFlipRx<i> 0b: No Rx output polarity flip for lane <i> 1b: Rx output polarity flip for lane <i> A dvertisement: 01h:156.0,,8-69,Not in SONiC,
OutputPolarityFlipRx6,OutputPolarityFlipRx6,0x10,137,1,0x20,Lane-banked,bool,,,,,RW,Normal,Adv,,OutputPolarityFlipRx<i> 0b: No Rx output polarity flip for lane <i> 1b: Rx output polarity flip for lane <i> A dvertisement: 01h:156.0,,8-69,Not in SONiC,
OutputPolarityFlipRx5,OutputPolarityFlipRx5,0x10,137,1,0x10,Lane-banked,bool,,,,,RW,Normal,Adv,,OutputPolarityFlipRx<i> 0b: No Rx output polarity flip for lane <i> 1b: Rx output polarity flip for lane <i> A dvertisement: 01h:156.0,,8-69,Not in SONiC,
OutputPolarityFlipRx4,OutputPolarityFlipRx4,0x10,137,1,0x08,Lane-banked,bool,,,,,RW,Normal,Adv,,OutputPolarityFlipRx<i> 0b: No Rx output polarity flip for lane <i> 1b: Rx output polarity flip for lane <i> A dvertisement: 01h:156.0,,8-69,Not in SONiC,
OutputPolarityFlipRx3,OutputPolarityFlipRx3,0x10,137,1,0x04,Lane-banked,bool,,,,,RW,Normal,Adv,,OutputPolarityFlipRx<i> 0b: No Rx output polarity flip for lane <i> 1b: Rx output polarity flip for lane <i> A dvertisement: 01h:156.0,,8-69,Not in SONiC,
OutputPolarityFlipRx2,OutputPolarityFlipRx2,0x10,137,1,0x02,Lane-banked,bool,,,,,RW,Normal,Adv,,OutputPolarityFlipRx<i> 0b: No Rx output polarity flip for lane <i> 1b: Rx output polarity flip for lane <i> A dvertisement: 01h:156.0,,8-69,Not in SONiC,
OutputPolarityFlipRx1,OutputPolarityFlipRx1,0x10,137,1,0x01,Lane-banked,bool,,,,,RW,Normal,Adv,,OutputPolarityFlipRx<i> 0b: No Rx output polarity flip for lane <i> 1b: Rx output polarity flip for lane <i> A dvertisement: 01h:156.0,,8-69,Not in SONiC,
OutputDisableRx8,OutputDisableRx8,0x10,138,1,0x80,Lane-banked,bool,,,,,RW,Normal,Adv,,OutputDisableRx<i> 0b: Rx output enabled for lane <i> 1b: Rx output disabled for lane <i> A dvertisement: 01h:156.1,,8-69,Agrees,RxDisable_8
OutputDisableRx7,OutputDisableRx7,0x10,138,1,0x40,Lane-banked,bool,,,,,RW,Normal,Adv,,OutputDisableRx<i> 0b: Rx output enabled for lane <i> 1b: Rx output disabled for lane <i> A dvertisement: 01h:156.1,,8-69,Agrees,RxDisable_7
OutputDisableRx6,OutputDisableRx6,0x10,138,1,0x20,Lane-banked,bool,,,,,RW,Normal,Adv,,OutputDisableRx<i> 0b: Rx output enabled for lane <i> 1b: Rx output disabled for lane <i> A dvertisement: 01h:156.1,,8-69,Agrees,RxDisable_6
OutputDisableRx5,OutputDisableRx5,0x10,138,1,0x10,Lane-banked,bool,,,,,RW,Normal,Adv,,OutputDisableRx<i> 0b: Rx output enabled for lane <i> 1b: Rx output disabled for lane <i> A dvertisement: 01h:156.1,,8-69,Agrees,RxDisable_5
OutputDisableRx4,OutputDisableRx4,0x10,138,1,0x08,Lane-banked,bool,,,,,RW,Normal,Adv,,OutputDisableRx<i> 0b: Rx output enabled for lane <i> 1b: Rx output disabled for lane <i> A dvertisement: 01h:156.1,,8-69,Agrees,RxDisable_4
OutputDisableRx3,OutputDisableRx3,0x10,138,1,0x04,Lane-banked,bool,,,,,RW,Normal,Adv,,OutputDisableRx<i> 0b: Rx output enabled for lane <i> 1b: Rx output disabled for lane <i> A dvertisement: 01h:156.1,,8-69,Agrees,RxDisable_3
OutputDisableRx2,OutputDisableRx2,0x10,138,1,0x02,Lane-banked,bool,,,,,RW,Normal,Adv,,OutputDisableRx<i> 0b: Rx output enabled for lane <i> 1b: Rx output disabled for lane <i> A dvertisement: 01h:156.1,,8-69,Agrees,RxDisable_2
OutputDisableRx1,OutputDisableRx1,0x10,138,1,0x01,Lane-banked,bool,,,,,RW,Normal,Adv,,OutputDisableRx<i> 0b: Rx output enabled for lane <i> 1b: Rx output disabled for lane <i> A dvertisement: 01h:156.1,,8-69,Agrees,RxDisable_1
AutoSquelchDisableRx8,AutoSquelchDisableRx8,0x10,139,1,0x80,Lane-banked,bool,,,,,RW,Normal,Adv,,"AutoSquelchDisableRx<i> 0b: Automatic Rx output squelching enabled for host lane <i> 1b: Automatic Rx output squelching disabled for host lane <i> Note: Automatic Rx output squelching control is not advertised, hence always assumed to be supported. Advertisement: 01h:156.2",,8-69,Not in SONiC,
AutoSquelchDisableRx7,AutoSquelchDisableRx7,0x10,139,1,0x40,Lane-banked,bool,,,,,RW,Normal,Adv,,"AutoSquelchDisableRx<i> 0b: Automatic Rx output squelching enabled for host lane <i> 1b: Automatic Rx output squelching disabled for host lane <i> Note: Automatic Rx output squelching control is not advertised, hence always assumed to be supported. Advertisement: 01h:156.2",,8-69,Not in SONiC,
AutoSquelchDisableRx6,AutoSquelchDisableRx6,0x10,139,1,0x20,Lane-banked,bool,,,,,RW,Normal,Adv,,"AutoSquelchDisableRx<i> 0b: Automatic Rx output squelching enabled for host lane <i> 1b: Automatic Rx output squelching disabled for host lane <i> Note: Automatic Rx output squelching control is not advertised, hence always assumed to be supported. Advertisement: 01h:156.2",,8-69,Not in SONiC,
AutoSquelchDisableRx5,AutoSquelchDisableRx5,0x10,139,1,0x10,Lane-banked,bool,,,,,RW,Normal,Adv,,"AutoSquelchDisableRx<i> 0b: Automatic Rx output squelching enabled for host lane <i> 1b: Automatic Rx output squelching disabled for host lane <i> Note: Automatic Rx output squelching control is not advertised, hence always assumed to be supported. Advertisement: 01h:156.2",,8-69,Not in SONiC,
AutoSquelchDisableRx4,AutoSquelchDisableRx4,0x10,139,1,0x08,Lane-banked,bool,,,,,RW,Normal,Adv,,"AutoSquelchDisableRx<i> 0b: Automatic Rx output squelching enabled for host lane <i> 1b: Automatic Rx output squelching disabled for host lane <i> Note: Automatic Rx output squelching control is not advertised, hence always assumed to be supported. Advertisement: 01h:156.2",,8-69,Not in SONiC,
AutoSquelchDisableRx3,AutoSquelchDisableRx3,0x10,139,1,0x04,Lane-banked,bool,,,,,RW,Normal,Adv,,"AutoSquelchDisableRx<i> 0b: Automatic Rx output squelching enabled for host lane <i> 1b: Automatic Rx output squelching disabled for host lane <i> Note: Automatic Rx output squelching control is not advertised, hence always assumed to be supported. Advertisement: 01h:156.2",,8-69,Not in SONiC,
AutoSquelchDisableRx2,AutoSquelchDisableRx2,0x10,139,1,0x02,Lane-banked,bool,,,,,RW,Normal,Adv,,"AutoSquelchDisableRx<i> 0b: Automatic Rx output squelching enabled for host lane <i> 1b: Automatic Rx output squelching disabled for host lane <i> Note: Automatic Rx output squelching control is not advertised, hence always assumed to be supported. Advertisement: 01h:156.2",,8-69,Not in SONiC,
AutoSquelchDisableRx1,AutoSquelchDisableRx1,0x10,139,1,0x01,Lane-banked,bool,,,,,RW,Normal,Adv,,"AutoSquelchDisableRx<i> 0b: Automatic Rx output squelching enabled for host lane <i> 1b: Automatic Rx output squelching disabled for host lane <i> Note: Automatic Rx output squelching control is not advertised, hence always assumed to be supported. Advertisement: 01h:156.2",,8-69,Not in SONiC,
Reserved.10h.140,Reserved,0x10,140,3,,Lane-banked,,,,,,RO,Normal,,,Reserved[3],,8-69,Not in SONiC,
ApplyDPInitLane8.143,ApplyDPInitLane8,0x10,143,1,0x80,Lane-banked,bool,,,,,WO,Normal,Rqd,,"SCS0::ApplyDPInitLane<i> 0b: No action for host lane <i> 1b: Trigger the Provision procedure using the Staged Control Set 0 settings for host lane <i>, with feedback provided in the associated ConfigStatusLane<i> field Restriction: This byte must be written in a single-byte WRITE Note: See Table 6-3 for preconditions and state dependencies",,8-70,SONiC wider,Staged Control Set Apply DataPathInit_0
ApplyDPInitLane7.143,ApplyDPInitLane7,0x10,143,1,0x40,Lane-banked,bool,,,,,WO,Normal,Rqd,,"SCS0::ApplyDPInitLane<i> 0b: No action for host lane <i> 1b: Trigger the Provision procedure using the Staged Control Set 0 settings for host lane <i>, with feedback provided in the associated ConfigStatusLane<i> field Restriction: This byte must be written in a single-byte WRITE Note: See Table 6-3 for preconditions and state dependencies",,8-70,SONiC wider,Staged Control Set Apply DataPathInit_0
ApplyDPInitLane6.143,ApplyDPInitLane6,0x10,143,1,0x20,Lane-banked,bool,,,,,WO,Normal,Rqd,,"SCS0::ApplyDPInitLane<i> 0b: No action for host lane <i> 1b: Trigger the Provision procedure using the Staged Control Set 0 settings for host lane <i>, with feedback provided in the associated ConfigStatusLane<i> field Restriction: This byte must be written in a single-byte WRITE Note: See Table 6-3 for preconditions and state dependencies",,8-70,SONiC wider,Staged Control Set Apply DataPathInit_0
ApplyDPInitLane5.143,ApplyDPInitLane5,0x10,143,1,0x10,Lane-banked,bool,,,,,WO,Normal,Rqd,,"SCS0::ApplyDPInitLane<i> 0b: No action for host lane <i> 1b: Trigger the Provision procedure using the Staged Control Set 0 settings for host lane <i>, with feedback provided in the associated ConfigStatusLane<i> field Restriction: This byte must be written in a single-byte WRITE Note: See Table 6-3 for preconditions and state dependencies",,8-70,SONiC wider,Staged Control Set Apply DataPathInit_0
ApplyDPInitLane4.143,ApplyDPInitLane4,0x10,143,1,0x08,Lane-banked,bool,,,,,WO,Normal,Rqd,,"SCS0::ApplyDPInitLane<i> 0b: No action for host lane <i> 1b: Trigger the Provision procedure using the Staged Control Set 0 settings for host lane <i>, with feedback provided in the associated ConfigStatusLane<i> field Restriction: This byte must be written in a single-byte WRITE Note: See Table 6-3 for preconditions and state dependencies",,8-70,SONiC wider,Staged Control Set Apply DataPathInit_0
ApplyDPInitLane3.143,ApplyDPInitLane3,0x10,143,1,0x04,Lane-banked,bool,,,,,WO,Normal,Rqd,,"SCS0::ApplyDPInitLane<i> 0b: No action for host lane <i> 1b: Trigger the Provision procedure using the Staged Control Set 0 settings for host lane <i>, with feedback provided in the associated ConfigStatusLane<i> field Restriction: This byte must be written in a single-byte WRITE Note: See Table 6-3 for preconditions and state dependencies",,8-70,SONiC wider,Staged Control Set Apply DataPathInit_0
ApplyDPInitLane2.143,ApplyDPInitLane2,0x10,143,1,0x02,Lane-banked,bool,,,,,WO,Normal,Rqd,,"SCS0::ApplyDPInitLane<i> 0b: No action for host lane <i> 1b: Trigger the Provision procedure using the Staged Control Set 0 settings for host lane <i>, with feedback provided in the associated ConfigStatusLane<i> field Restriction: This byte must be written in a single-byte WRITE Note: See Table 6-3 for preconditions and state dependencies",,8-70,SONiC wider,Staged Control Set Apply DataPathInit_0
ApplyDPInitLane1.143,ApplyDPInitLane1,0x10,143,1,0x01,Lane-banked,bool,,,,,WO,Normal,Rqd,,"SCS0::ApplyDPInitLane<i> 0b: No action for host lane <i> 1b: Trigger the Provision procedure using the Staged Control Set 0 settings for host lane <i>, with feedback provided in the associated ConfigStatusLane<i> field Restriction: This byte must be written in a single-byte WRITE Note: See Table 6-3 for preconditions and state dependencies",,8-70,SONiC wider,Staged Control Set Apply DataPathInit_0
ApplyImmediateLane8.144,ApplyImmediateLane8,0x10,144,1,0x80,Lane-banked,bool,,,,,WO,Normal,Cnd,,"SCS0::ApplyImmediate<i> 0b: No action for host lane <i> 1b: Trigger the Provision-and-Commission procedure using the Staged Control Set 0 settings for host lane <i>, with feedback provided in the associated ConfigStatusLane<i> field Restriction: This byte must be written in a single-byte WRITE Condition: SteppedConfigOnly (00h:2.6) = 0b Note: See Table 6-3 for preconditions and state dependencies",,8-70,SONiC wider,Staged Control Set Apply Immediate_0
ApplyImmediateLane7.144,ApplyImmediateLane7,0x10,144,1,0x40,Lane-banked,bool,,,,,WO,Normal,Cnd,,"SCS0::ApplyImmediate<i> 0b: No action for host lane <i> 1b: Trigger the Provision-and-Commission procedure using the Staged Control Set 0 settings for host lane <i>, with feedback provided in the associated ConfigStatusLane<i> field Restriction: This byte must be written in a single-byte WRITE Condition: SteppedConfigOnly (00h:2.6) = 0b Note: See Table 6-3 for preconditions and state dependencies",,8-70,SONiC wider,Staged Control Set Apply Immediate_0
ApplyImmediateLane6.144,ApplyImmediateLane6,0x10,144,1,0x20,Lane-banked,bool,,,,,WO,Normal,Cnd,,"SCS0::ApplyImmediate<i> 0b: No action for host lane <i> 1b: Trigger the Provision-and-Commission procedure using the Staged Control Set 0 settings for host lane <i>, with feedback provided in the associated ConfigStatusLane<i> field Restriction: This byte must be written in a single-byte WRITE Condition: SteppedConfigOnly (00h:2.6) = 0b Note: See Table 6-3 for preconditions and state dependencies",,8-70,SONiC wider,Staged Control Set Apply Immediate_0
ApplyImmediateLane5.144,ApplyImmediateLane5,0x10,144,1,0x10,Lane-banked,bool,,,,,WO,Normal,Cnd,,"SCS0::ApplyImmediate<i> 0b: No action for host lane <i> 1b: Trigger the Provision-and-Commission procedure using the Staged Control Set 0 settings for host lane <i>, with feedback provided in the associated ConfigStatusLane<i> field Restriction: This byte must be written in a single-byte WRITE Condition: SteppedConfigOnly (00h:2.6) = 0b Note: See Table 6-3 for preconditions and state dependencies",,8-70,SONiC wider,Staged Control Set Apply Immediate_0
ApplyImmediateLane4.144,ApplyImmediateLane4,0x10,144,1,0x08,Lane-banked,bool,,,,,WO,Normal,Cnd,,"SCS0::ApplyImmediate<i> 0b: No action for host lane <i> 1b: Trigger the Provision-and-Commission procedure using the Staged Control Set 0 settings for host lane <i>, with feedback provided in the associated ConfigStatusLane<i> field Restriction: This byte must be written in a single-byte WRITE Condition: SteppedConfigOnly (00h:2.6) = 0b Note: See Table 6-3 for preconditions and state dependencies",,8-70,SONiC wider,Staged Control Set Apply Immediate_0
ApplyImmediateLane3.144,ApplyImmediateLane3,0x10,144,1,0x04,Lane-banked,bool,,,,,WO,Normal,Cnd,,"SCS0::ApplyImmediate<i> 0b: No action for host lane <i> 1b: Trigger the Provision-and-Commission procedure using the Staged Control Set 0 settings for host lane <i>, with feedback provided in the associated ConfigStatusLane<i> field Restriction: This byte must be written in a single-byte WRITE Condition: SteppedConfigOnly (00h:2.6) = 0b Note: See Table 6-3 for preconditions and state dependencies",,8-70,SONiC wider,Staged Control Set Apply Immediate_0
ApplyImmediateLane2.144,ApplyImmediateLane2,0x10,144,1,0x02,Lane-banked,bool,,,,,WO,Normal,Cnd,,"SCS0::ApplyImmediate<i> 0b: No action for host lane <i> 1b: Trigger the Provision-and-Commission procedure using the Staged Control Set 0 settings for host lane <i>, with feedback provided in the associated ConfigStatusLane<i> field Restriction: This byte must be written in a single-byte WRITE Condition: SteppedConfigOnly (00h:2.6) = 0b Note: See Table 6-3 for preconditions and state dependencies",,8-70,SONiC wider,Staged Control Set Apply Immediate_0
ApplyImmediateLane1.144,ApplyImmediateLane1,0x10,144,1,0x01,Lane-banked,bool,,,,,WO,Normal,Cnd,,"SCS0::ApplyImmediate<i> 0b: No action for host lane <i> 1b: Trigger the Provision-and-Commission procedure using the Staged Control Set 0 settings for host lane <i>, with feedback provided in the associated ConfigStatusLane<i> field Restriction: This byte must be written in a single-byte WRITE Condition: SteppedConfigOnly (00h:2.6) = 0b Note: See Table 6-3 for preconditions and state dependencies",,8-70,SONiC wider,Staged Control Set Apply Immediate_0
AppSelCodeLane1.10h.145,AppSelCodeLane1,0x10,145,1,0xF0,Lane-banked,bitfield4,,,,,RW,Normal,Rqd,,SCS0::DPConfigLane1 See Table 8-71,,8-72,SONiC wider,Staged Control Set ApSel_0_1
DataPathIDLane1.10h.145,DataPathIDLane1,0x10,145,1,0x0E,Lane-banked,bitfield3,,,,,RW,Normal,Rqd,,SCS0::DPConfigLane1 See Table 8-71,,8-72,SONiC wider,Staged Control Set ApSel_0_1
ExplicitControlLane1.10h.145,ExplicitControlLane1,0x10,145,1,0x01,Lane-banked,bool,,,,,RW,Normal,Rqd,,SCS0::DPConfigLane1 See Table 8-71,,8-72,SONiC wider,Staged Control Set ApSel_0_1
AppSelCodeLane2.10h.146,AppSelCodeLane2,0x10,146,1,0xF0,Lane-banked,bitfield4,,,,,RW,Normal,Rqd,,SCS0::DPConfigLane2 See Table 8-71,,8-72,SONiC wider,Staged Control Set ApSel_0_2
DataPathIDLane2.10h.146,DataPathIDLane2,0x10,146,1,0x0E,Lane-banked,bitfield3,,,,,RW,Normal,Rqd,,SCS0::DPConfigLane2 See Table 8-71,,8-72,SONiC wider,Staged Control Set ApSel_0_2
ExplicitControlLane2.10h.146,ExplicitControlLane2,0x10,146,1,0x01,Lane-banked,bool,,,,,RW,Normal,Rqd,,SCS0::DPConfigLane2 See Table 8-71,,8-72,SONiC wider,Staged Control Set ApSel_0_2
AppSelCodeLane3.10h.147,AppSelCodeLane3,0x10,147,1,0xF0,Lane-banked,bitfield4,,,,,RW,Normal,Rqd,,SCS0::DPConfigLane3 See Table 8-71,,8-72,SONiC wider,Staged Control Set ApSel_0_3
DataPathIDLane3.10h.147,DataPathIDLane3,0x10,147,1,0x0E,Lane-banked,bitfield3,,,,,RW,Normal,Rqd,,SCS0::DPConfigLane3 See Table 8-71,,8-72,SONiC wider,Staged Control Set ApSel_0_3
ExplicitControlLane3.10h.147,ExplicitControlLane3,0x10,147,1,0x01,Lane-banked,bool,,,,,RW,Normal,Rqd,,SCS0::DPConfigLane3 See Table 8-71,,8-72,SONiC wider,Staged Control Set ApSel_0_3
AppSelCodeLane4.10h.148,AppSelCodeLane4,0x10,148,1,0xF0,Lane-banked,bitfield4,,,,,RW,Normal,Rqd,,SCS0::DPConfigLane4 See Table 8-71,,8-72,SONiC wider,Staged Control Set ApSel_0_4
DataPathIDLane4.10h.148,DataPathIDLane4,0x10,148,1,0x0E,Lane-banked,bitfield3,,,,,RW,Normal,Rqd,,SCS0::DPConfigLane4 See Table 8-71,,8-72,SONiC wider,Staged Control Set ApSel_0_4
ExplicitControlLane4.10h.148,ExplicitControlLane4,0x10,148,1,0x01,Lane-banked,bool,,,,,RW,Normal,Rqd,,SCS0::DPConfigLane4 See Table 8-71,,8-72,SONiC wider,Staged Control Set ApSel_0_4
AppSelCodeLane5.10h.149,AppSelCodeLane5,0x10,149,1,0xF0,Lane-banked,bitfield4,,,,,RW,Normal,Rqd,,SCS0::DPConfigLane5 See Table 8-71,,8-72,SONiC wider,Staged Control Set ApSel_0_5
DataPathIDLane5.10h.149,DataPathIDLane5,0x10,149,1,0x0E,Lane-banked,bitfield3,,,,,RW,Normal,Rqd,,SCS0::DPConfigLane5 See Table 8-71,,8-72,SONiC wider,Staged Control Set ApSel_0_5
ExplicitControlLane5.10h.149,ExplicitControlLane5,0x10,149,1,0x01,Lane-banked,bool,,,,,RW,Normal,Rqd,,SCS0::DPConfigLane5 See Table 8-71,,8-72,SONiC wider,Staged Control Set ApSel_0_5
AppSelCodeLane6.10h.150,AppSelCodeLane6,0x10,150,1,0xF0,Lane-banked,bitfield4,,,,,RW,Normal,Rqd,,SCS0::DPConfigLane6 See Table 8-71,,8-72,SONiC wider,Staged Control Set ApSel_0_6
DataPathIDLane6.10h.150,DataPathIDLane6,0x10,150,1,0x0E,Lane-banked,bitfield3,,,,,RW,Normal,Rqd,,SCS0::DPConfigLane6 See Table 8-71,,8-72,SONiC wider,Staged Control Set ApSel_0_6
ExplicitControlLane6.10h.150,ExplicitControlLane6,0x10,150,1,0x01,Lane-banked,bool,,,,,RW,Normal,Rqd,,SCS0::DPConfigLane6 See Table 8-71,,8-72,SONiC wider,Staged Control Set ApSel_0_6
AppSelCodeLane7.10h.151,AppSelCodeLane7,0x10,151,1,0xF0,Lane-banked,bitfield4,,,,,RW,Normal,Rqd,,SCS0::DPConfigLane7 See Table 8-71,,8-72,SONiC wider,Staged Control Set ApSel_0_7
DataPathIDLane7.10h.151,DataPathIDLane7,0x10,151,1,0x0E,Lane-banked,bitfield3,,,,,RW,Normal,Rqd,,SCS0::DPConfigLane7 See Table 8-71,,8-72,SONiC wider,Staged Control Set ApSel_0_7
ExplicitControlLane7.10h.151,ExplicitControlLane7,0x10,151,1,0x01,Lane-banked,bool,,,,,RW,Normal,Rqd,,SCS0::DPConfigLane7 See Table 8-71,,8-72,SONiC wider,Staged Control Set ApSel_0_7
AppSelCodeLane8.10h.152,AppSelCodeLane8,0x10,152,1,0xF0,Lane-banked,bitfield4,,,,,RW,Normal,Rqd,,SCS0::DPConfigLane8 See Table 8-71,,8-72,SONiC wider,Staged Control Set ApSel_0_8
DataPathIDLane8.10h.152,DataPathIDLane8,0x10,152,1,0x0E,Lane-banked,bitfield3,,,,,RW,Normal,Rqd,,SCS0::DPConfigLane8 See Table 8-71,,8-72,SONiC wider,Staged Control Set ApSel_0_8
ExplicitControlLane8.10h.152,ExplicitControlLane8,0x10,152,1,0x01,Lane-banked,bool,,,,,RW,Normal,Rqd,,SCS0::DPConfigLane8 See Table 8-71,,8-72,SONiC wider,Staged Control Set ApSel_0_8
AdaptiveInputEqEnableTx8.10h.153,AdaptiveInputEqEnableTx8,0x10,153,1,0x80,Lane-banked,bool,,,,,RW,Normal,Adv,,SCS0::AdaptiveInputEqEnableTx<i> Adaptive Tx input equalizer for host lane <i> 1b: Enable 0b: Disable (allow host-controlled equalization) A dvertisement: 01h:161.3,,8-73,Agrees,AdaptiveInputEqEnableTx8
AdaptiveInputEqEnableTx7.10h.153,AdaptiveInputEqEnableTx7,0x10,153,1,0x40,Lane-banked,bool,,,,,RW,Normal,Adv,,SCS0::AdaptiveInputEqEnableTx<i> Adaptive Tx input equalizer for host lane <i> 1b: Enable 0b: Disable (allow host-controlled equalization) A dvertisement: 01h:161.3,,8-73,Agrees,AdaptiveInputEqEnableTx7
AdaptiveInputEqEnableTx6.10h.153,AdaptiveInputEqEnableTx6,0x10,153,1,0x20,Lane-banked,bool,,,,,RW,Normal,Adv,,SCS0::AdaptiveInputEqEnableTx<i> Adaptive Tx input equalizer for host lane <i> 1b: Enable 0b: Disable (allow host-controlled equalization) A dvertisement: 01h:161.3,,8-73,Agrees,AdaptiveInputEqEnableTx6
AdaptiveInputEqEnableTx5.10h.153,AdaptiveInputEqEnableTx5,0x10,153,1,0x10,Lane-banked,bool,,,,,RW,Normal,Adv,,SCS0::AdaptiveInputEqEnableTx<i> Adaptive Tx input equalizer for host lane <i> 1b: Enable 0b: Disable (allow host-controlled equalization) A dvertisement: 01h:161.3,,8-73,Agrees,AdaptiveInputEqEnableTx5
AdaptiveInputEqEnableTx4.10h.153,AdaptiveInputEqEnableTx4,0x10,153,1,0x08,Lane-banked,bool,,,,,RW,Normal,Adv,,SCS0::AdaptiveInputEqEnableTx<i> Adaptive Tx input equalizer for host lane <i> 1b: Enable 0b: Disable (allow host-controlled equalization) A dvertisement: 01h:161.3,,8-73,Agrees,AdaptiveInputEqEnableTx4
AdaptiveInputEqEnableTx3.10h.153,AdaptiveInputEqEnableTx3,0x10,153,1,0x04,Lane-banked,bool,,,,,RW,Normal,Adv,,SCS0::AdaptiveInputEqEnableTx<i> Adaptive Tx input equalizer for host lane <i> 1b: Enable 0b: Disable (allow host-controlled equalization) A dvertisement: 01h:161.3,,8-73,Agrees,AdaptiveInputEqEnableTx3
AdaptiveInputEqEnableTx2.10h.153,AdaptiveInputEqEnableTx2,0x10,153,1,0x02,Lane-banked,bool,,,,,RW,Normal,Adv,,SCS0::AdaptiveInputEqEnableTx<i> Adaptive Tx input equalizer for host lane <i> 1b: Enable 0b: Disable (allow host-controlled equalization) A dvertisement: 01h:161.3,,8-73,Agrees,AdaptiveInputEqEnableTx2
AdaptiveInputEqEnableTx1.10h.153,AdaptiveInputEqEnableTx1,0x10,153,1,0x01,Lane-banked,bool,,,,,RW,Normal,Adv,,SCS0::AdaptiveInputEqEnableTx<i> Adaptive Tx input equalizer for host lane <i> 1b: Enable 0b: Disable (allow host-controlled equalization) A dvertisement: 01h:161.3,,8-73,Agrees,AdaptiveInputEqEnableTx1
AdaptiveInputEqRecallTx4.154,AdaptiveInputEqRecallTx4,0x10,154,1,0xC0,Lane-banked,enum2,,,,,RW,Normal,Adv,,SCS0::AdaptiveInputEqRecallTx<i> Recall stored Tx input equalizer adaptation settings for host lane <i> when Staged Control Set is copied to Active Control Set. See section 6.2.5.4 for Store/Recall 00b: do not recall 01b: recall buffer 1 10b: recall buffer 2 11b: reserved Advertisement: 01h:161.6-5,,8-73,Agrees,AdaptiveInputEqRecalledTx4
AdaptiveInputEqRecallTx3.154,AdaptiveInputEqRecallTx3,0x10,154,1,0x30,Lane-banked,bitfield2,,,,,RW,Normal,Adv,,SCS0::AdaptiveInputEqRecallTx<i> Recall stored Tx input equalizer adaptation settings for host lane <i> when Staged Control Set is copied to Active Control Set. See section 6.2.5.4 for Store/Recall 00b: do not recall 01b: recall buffer 1 10b: recall buffer 2 11b: reserved Advertisement: 01h:161.6-5,,8-73,Agrees,AdaptiveInputEqRecalledTx3
AdaptiveInputEqRecallTx2.154,AdaptiveInputEqRecallTx2,0x10,154,1,0x0C,Lane-banked,bitfield2,,,,,RW,Normal,Adv,,SCS0::AdaptiveInputEqRecallTx<i> Recall stored Tx input equalizer adaptation settings for host lane <i> when Staged Control Set is copied to Active Control Set. See section 6.2.5.4 for Store/Recall 00b: do not recall 01b: recall buffer 1 10b: recall buffer 2 11b: reserved Advertisement: 01h:161.6-5,,8-73,Agrees,AdaptiveInputEqRecalledTx2
AdaptiveInputEqRecallTx1.154,AdaptiveInputEqRecallTx1,0x10,154,1,0x03,Lane-banked,bitfield2,,,,,RW,Normal,Adv,,SCS0::AdaptiveInputEqRecallTx<i> Recall stored Tx input equalizer adaptation settings for host lane <i> when Staged Control Set is copied to Active Control Set. See section 6.2.5.4 for Store/Recall 00b: do not recall 01b: recall buffer 1 10b: recall buffer 2 11b: reserved Advertisement: 01h:161.6-5,,8-73,Agrees,AdaptiveInputEqRecalledTx1
AdaptiveInputEqRecallTx8.155,AdaptiveInputEqRecallTx8,0x10,155,1,0xC0,Lane-banked,bitfield2,,,,,RW,Normal,Adv,,SCS0::AdaptiveInputEqRecallTx<i> Recall stored Tx input equalizer adaptation settings for host lane <i> when Staged Control Set is copied to Active Control Set. See section 6.2.5.4 for Store/Recall 00b: do not recall 01b: recall buffer 1 10b: recall buffer 2 11b: reserved Advertisement: 01h:161.6-5,,8-73,Agrees,AdaptiveInputEqRecalledTx8
AdaptiveInputEqRecallTx7.155,AdaptiveInputEqRecallTx7,0x10,155,1,0x30,Lane-banked,bitfield2,,,,,RW,Normal,Adv,,SCS0::AdaptiveInputEqRecallTx<i> Recall stored Tx input equalizer adaptation settings for host lane <i> when Staged Control Set is copied to Active Control Set. See section 6.2.5.4 for Store/Recall 00b: do not recall 01b: recall buffer 1 10b: recall buffer 2 11b: reserved Advertisement: 01h:161.6-5,,8-73,Agrees,AdaptiveInputEqRecalledTx7
AdaptiveInputEqRecallTx6.155,AdaptiveInputEqRecallTx6,0x10,155,1,0x0C,Lane-banked,bitfield2,,,,,RW,Normal,Adv,,SCS0::AdaptiveInputEqRecallTx<i> Recall stored Tx input equalizer adaptation settings for host lane <i> when Staged Control Set is copied to Active Control Set. See section 6.2.5.4 for Store/Recall 00b: do not recall 01b: recall buffer 1 10b: recall buffer 2 11b: reserved Advertisement: 01h:161.6-5,,8-73,Agrees,AdaptiveInputEqRecalledTx6
AdaptiveInputEqRecallTx5.155,AdaptiveInputEqRecallTx5,0x10,155,1,0x03,Lane-banked,bitfield2,,,,,RW,Normal,Adv,,SCS0::AdaptiveInputEqRecallTx<i> Recall stored Tx input equalizer adaptation settings for host lane <i> when Staged Control Set is copied to Active Control Set. See section 6.2.5.4 for Store/Recall 00b: do not recall 01b: recall buffer 1 10b: recall buffer 2 11b: reserved Advertisement: 01h:161.6-5,,8-73,Agrees,AdaptiveInputEqRecalledTx5
HostControlledInputEqTargetTx2.10h.156,HostControlledInputEqTargetTx2,0x10,156,1,0xF0,Lane-banked,enum4,,,,,RW,Normal,Adv,,SCS0:: HostControlledInputEqTargetTx<i> Host-controlled Tx input equalizer target for host lane <i>. Encoding as described in Table 6-6 Advertisement: 01h:161.2,,8-73,Agrees,FixedInputEqTargetTx2
HostControlledInputEqTargetTx1.10h.156,HostControlledInputEqTargetTx1,0x10,156,1,0x0F,Lane-banked,bitfield4,,,,,RW,Normal,Adv,,SCS0:: HostControlledInputEqTargetTx<i> Host-controlled Tx input equalizer target for host lane <i>. Encoding as described in Table 6-6 Advertisement: 01h:161.2,,8-73,Agrees,FixedInputEqTargetTx1
HostControlledInputEqTargetTx4.10h.157,HostControlledInputEqTargetTx4,0x10,157,1,0xF0,Lane-banked,bitfield4,,,,,RW,Normal,Adv,,SCS0:: HostControlledInputEqTargetTx<i> Host-controlled Tx input equalizer target for host lane <i>. Encoding as described in Table 6-6 Advertisement: 01h:161.2,,8-73,Agrees,FixedInputEqTargetTx4
HostControlledInputEqTargetTx3.10h.157,HostControlledInputEqTargetTx3,0x10,157,1,0x0F,Lane-banked,bitfield4,,,,,RW,Normal,Adv,,SCS0:: HostControlledInputEqTargetTx<i> Host-controlled Tx input equalizer target for host lane <i>. Encoding as described in Table 6-6 Advertisement: 01h:161.2,,8-73,Agrees,FixedInputEqTargetTx3
HostControlledInputEqTargetTx6.10h.158,HostControlledInputEqTargetTx6,0x10,158,1,0xF0,Lane-banked,bitfield4,,,,,RW,Normal,Adv,,SCS0:: HostControlledInputEqTargetTx<i> Host-controlled Tx input equalizer target for host lane <i>. Encoding as described in Table 6-6 Advertisement: 01h:161.2,,8-73,Agrees,FixedInputEqTargetTx6
HostControlledInputEqTargetTx5.10h.158,HostControlledInputEqTargetTx5,0x10,158,1,0x0F,Lane-banked,bitfield4,,,,,RW,Normal,Adv,,SCS0:: HostControlledInputEqTargetTx<i> Host-controlled Tx input equalizer target for host lane <i>. Encoding as described in Table 6-6 Advertisement: 01h:161.2,,8-73,Agrees,FixedInputEqTargetTx5
HostControlledInputEqTargetTx8.10h.159,HostControlledInputEqTargetTx8,0x10,159,1,0xF0,Lane-banked,bitfield4,,,,,RW,Normal,Adv,,SCS0:: HostControlledInputEqTargetTx<i> Host-controlled Tx input equalizer target for host lane <i>. Encoding as described in Table 6-6 Advertisement: 01h:161.2,,8-73,Agrees,FixedInputEqTargetTx8
HostControlledInputEqTargetTx7.10h.159,HostControlledInputEqTargetTx7,0x10,159,1,0x0F,Lane-banked,bitfield4,,,,,RW,Normal,Adv,,SCS0:: HostControlledInputEqTargetTx<i> Host-controlled Tx input equalizer target for host lane <i>. Encoding as described in Table 6-6 Advertisement: 01h:161.2,,8-73,Agrees,FixedInputEqTargetTx7
CDREnableTx8.10h.160,CDREnableTx8,0x10,160,1,0x80,Lane-banked,bool,,,,,RW,Normal,Adv,,SCS0::CDREnableTx<i> 1b: CDR enabled 0b: CDR bypassed Advertisement: 01h:161.0-1,,8-73,Agrees,CDREnableTx8
CDREnableTx7.10h.160,CDREnableTx7,0x10,160,1,0x40,Lane-banked,bool,,,,,RW,Normal,Adv,,SCS0::CDREnableTx<i> 1b: CDR enabled 0b: CDR bypassed Advertisement: 01h:161.0-1,,8-73,Agrees,CDREnableTx7
CDREnableTx6.10h.160,CDREnableTx6,0x10,160,1,0x20,Lane-banked,bool,,,,,RW,Normal,Adv,,SCS0::CDREnableTx<i> 1b: CDR enabled 0b: CDR bypassed Advertisement: 01h:161.0-1,,8-73,Agrees,CDREnableTx6
CDREnableTx5.10h.160,CDREnableTx5,0x10,160,1,0x10,Lane-banked,bool,,,,,RW,Normal,Adv,,SCS0::CDREnableTx<i> 1b: CDR enabled 0b: CDR bypassed Advertisement: 01h:161.0-1,,8-73,Agrees,CDREnableTx5
CDREnableTx4.10h.160,CDREnableTx4,0x10,160,1,0x08,Lane-banked,bool,,,,,RW,Normal,Adv,,SCS0::CDREnableTx<i> 1b: CDR enabled 0b: CDR bypassed Advertisement: 01h:161.0-1,,8-73,Agrees,CDREnableTx4
CDREnableTx3.10h.160,CDREnableTx3,0x10,160,1,0x04,Lane-banked,bool,,,,,RW,Normal,Adv,,SCS0::CDREnableTx<i> 1b: CDR enabled 0b: CDR bypassed Advertisement: 01h:161.0-1,,8-73,Agrees,CDREnableTx3
CDREnableTx2.10h.160,CDREnableTx2,0x10,160,1,0x02,Lane-banked,bool,,,,,RW,Normal,Adv,,SCS0::CDREnableTx<i> 1b: CDR enabled 0b: CDR bypassed Advertisement: 01h:161.0-1,,8-73,Agrees,CDREnableTx2
CDREnableTx1.10h.160,CDREnableTx1,0x10,160,1,0x01,Lane-banked,bool,,,,,RW,Normal,Adv,,SCS0::CDREnableTx<i> 1b: CDR enabled 0b: CDR bypassed Advertisement: 01h:161.0-1,,8-73,Agrees,CDREnableTx1
CDREnableRx8.161,CDREnableRx8,0x10,161,1,0x80,Lane-banked,bool,,,,,RW,Normal,Adv,,SCS0::CDREnableRx<i> 1b: CDR enabled 0b: CDR bypassed A dvertisement: 01h:162.0-1,,8-74,Agrees,CDREnableRx8
CDREnableRx7.161,CDREnableRx7,0x10,161,1,0x40,Lane-banked,bool,,,,,RW,Normal,Adv,,SCS0::CDREnableRx<i> 1b: CDR enabled 0b: CDR bypassed A dvertisement: 01h:162.0-1,,8-74,Agrees,CDREnableRx7
CDREnableRx6.161,CDREnableRx6,0x10,161,1,0x20,Lane-banked,bool,,,,,RW,Normal,Adv,,SCS0::CDREnableRx<i> 1b: CDR enabled 0b: CDR bypassed A dvertisement: 01h:162.0-1,,8-74,Agrees,CDREnableRx6
CDREnableRx5.161,CDREnableRx5,0x10,161,1,0x10,Lane-banked,bool,,,,,RW,Normal,Adv,,SCS0::CDREnableRx<i> 1b: CDR enabled 0b: CDR bypassed A dvertisement: 01h:162.0-1,,8-74,Agrees,CDREnableRx5
CDREnableRx4.161,CDREnableRx4,0x10,161,1,0x08,Lane-banked,bool,,,,,RW,Normal,Adv,,SCS0::CDREnableRx<i> 1b: CDR enabled 0b: CDR bypassed A dvertisement: 01h:162.0-1,,8-74,Agrees,CDREnableRx4
CDREnableRx3.161,CDREnableRx3,0x10,161,1,0x04,Lane-banked,bool,,,,,RW,Normal,Adv,,SCS0::CDREnableRx<i> 1b: CDR enabled 0b: CDR bypassed A dvertisement: 01h:162.0-1,,8-74,Agrees,CDREnableRx3
CDREnableRx2.161,CDREnableRx2,0x10,161,1,0x02,Lane-banked,bool,,,,,RW,Normal,Adv,,SCS0::CDREnableRx<i> 1b: CDR enabled 0b: CDR bypassed A dvertisement: 01h:162.0-1,,8-74,Agrees,CDREnableRx2
CDREnableRx1.161,CDREnableRx1,0x10,161,1,0x01,Lane-banked,bool,,,,,RW,Normal,Adv,,SCS0::CDREnableRx<i> 1b: CDR enabled 0b: CDR bypassed A dvertisement: 01h:162.0-1,,8-74,Agrees,CDREnableRx1
OutputEqPreCursorTargetRx2.10h.162,OutputEqPreCursorTargetRx2,0x10,162,1,0xF0,Lane-banked,bitfield4,,,,,RW,Normal,Adv,,SCS0::OutputEqPreCursorTargetRx<i> Rx output equalization pre-cursor target. Used only when both pre- and post-cursor targets are supported. See Table 6-7 and section 6.2.5.2 A dvertisement: 01h:162.4-3,,8-74,Agrees,OutputEqPreCursorTargetRx2
OutputEqPreCursorTargetRx1.10h.162,OutputEqPreCursorTargetRx1,0x10,162,1,0x0F,Lane-banked,bitfield4,,,,,RW,Normal,Adv,,SCS0::OutputEqPreCursorTargetRx<i> Rx output equalization pre-cursor target. Used only when both pre- and post-cursor targets are supported. See Table 6-7 and section 6.2.5.2 A dvertisement: 01h:162.4-3,,8-74,Agrees,OutputEqPreCursorTargetRx1
OutputEqPreCursorTargetRx4.10h.163,OutputEqPreCursorTargetRx4,0x10,163,1,0xF0,Lane-banked,bitfield4,,,,,RW,Normal,Adv,,SCS0::OutputEqPreCursorTargetRx<i> Rx output equalization pre-cursor target. Used only when both pre- and post-cursor targets are supported. See Table 6-7 and section 6.2.5.2 A dvertisement: 01h:162.4-3,,8-74,Agrees,OutputEqPreCursorTargetRx4
OutputEqPreCursorTargetRx3.10h.163,OutputEqPreCursorTargetRx3,0x10,163,1,0x0F,Lane-banked,bitfield4,,,,,RW,Normal,Adv,,SCS0::OutputEqPreCursorTargetRx<i> Rx output equalization pre-cursor target. Used only when both pre- and post-cursor targets are supported. See Table 6-7 and section 6.2.5.2 A dvertisement: 01h:162.4-3,,8-74,Agrees,OutputEqPreCursorTargetRx3
OutputEqPreCursorTargetRx6.10h.164,OutputEqPreCursorTargetRx6,0x10,164,1,0xF0,Lane-banked,bitfield4,,,,,RW,Normal,Adv,,SCS0::OutputEqPreCursorTargetRx<i> Rx output equalization pre-cursor target. Used only when both pre- and post-cursor targets are supported. See Table 6-7 and section 6.2.5.2 A dvertisement: 01h:162.4-3,,8-74,Agrees,OutputEqPreCursorTargetRx6
OutputEqPreCursorTargetRx5.10h.164,OutputEqPreCursorTargetRx5,0x10,164,1,0x0F,Lane-banked,bitfield4,,,,,RW,Normal,Adv,,SCS0::OutputEqPreCursorTargetRx<i> Rx output equalization pre-cursor target. Used only when both pre- and post-cursor targets are supported. See Table 6-7 and section 6.2.5.2 A dvertisement: 01h:162.4-3,,8-74,Agrees,OutputEqPreCursorTargetRx5
OutputEqPreCursorTargetRx8.10h.165,OutputEqPreCursorTargetRx8,0x10,165,1,0xF0,Lane-banked,bitfield4,,,,,RW,Normal,Adv,,SCS0::OutputEqPreCursorTargetRx<i> Rx output equalization pre-cursor target. Used only when both pre- and post-cursor targets are supported. See Table 6-7 and section 6.2.5.2 A dvertisement: 01h:162.4-3,,8-74,Agrees,OutputEqPreCursorTargetRx8
OutputEqPreCursorTargetRx7.10h.165,OutputEqPreCursorTargetRx7,0x10,165,1,0x0F,Lane-banked,bitfield4,,,,,RW,Normal,Adv,,SCS0::OutputEqPreCursorTargetRx<i> Rx output equalization pre-cursor target. Used only when both pre- and post-cursor targets are supported. See Table 6-7 and section 6.2.5.2 A dvertisement: 01h:162.4-3,,8-74,Agrees,OutputEqPreCursorTargetRx7
OutputEqPostCursorTargetRx2.10h.166,OutputEqPostCursorTargetRx2,0x10,166,1,0xF0,Lane-banked,bitfield4,,,,,RW,Normal,Adv,,"SCS0::OutputEqPostCursorTargetRx<i> Rx output equalization post-cursor target, or pre- cursor target when only pre-cursor setting is advertised. See Table 6-7 and section 6.2.5.2 A dvertisement: 01h:162.4-3",,8-74,Agrees,OutputEqPostCursorTargetRx2
OutputEqPostCursorTargetRx1.10h.166,OutputEqPostCursorTargetRx1,0x10,166,1,0x0F,Lane-banked,bitfield4,,,,,RW,Normal,Adv,,"SCS0::OutputEqPostCursorTargetRx<i> Rx output equalization post-cursor target, or pre- cursor target when only pre-cursor setting is advertised. See Table 6-7 and section 6.2.5.2 A dvertisement: 01h:162.4-3",,8-74,Agrees,OutputEqPostCursorTargetRx1
OutputEqPostCursorTargetRx4.10h.167,OutputEqPostCursorTargetRx4,0x10,167,1,0xF0,Lane-banked,bitfield4,,,,,RW,Normal,Adv,,"SCS0::OutputEqPostCursorTargetRx<i> Rx output equalization post-cursor target, or pre- cursor target when only pre-cursor setting is advertised. See Table 6-7 and section 6.2.5.2 A dvertisement: 01h:162.4-3",,8-74,Agrees,OutputEqPostCursorTargetRx4
OutputEqPostCursorTargetRx3.10h.167,OutputEqPostCursorTargetRx3,0x10,167,1,0x0F,Lane-banked,bitfield4,,,,,RW,Normal,Adv,,"SCS0::OutputEqPostCursorTargetRx<i> Rx output equalization post-cursor target, or pre- cursor target when only pre-cursor setting is advertised. See Table 6-7 and section 6.2.5.2 A dvertisement: 01h:162.4-3",,8-74,Agrees,OutputEqPostCursorTargetRx3
OutputEqPostCursorTargetRx6.10h.168,OutputEqPostCursorTargetRx6,0x10,168,1,0xF0,Lane-banked,bitfield4,,,,,RW,Normal,Adv,,"SCS0::OutputEqPostCursorTargetRx<i> Rx output equalization post-cursor target, or pre- cursor target when only pre-cursor setting is advertised. See Table 6-7 and section 6.2.5.2 A dvertisement: 01h:162.4-3",,8-74,Agrees,OutputEqPostCursorTargetRx6
OutputEqPostCursorTargetRx5.10h.168,OutputEqPostCursorTargetRx5,0x10,168,1,0x0F,Lane-banked,bitfield4,,,,,RW,Normal,Adv,,"SCS0::OutputEqPostCursorTargetRx<i> Rx output equalization post-cursor target, or pre- cursor target when only pre-cursor setting is advertised. See Table 6-7 and section 6.2.5.2 A dvertisement: 01h:162.4-3",,8-74,Agrees,OutputEqPostCursorTargetRx5
OutputEqPostCursorTargetRx8.10h.169,OutputEqPostCursorTargetRx8,0x10,169,1,0xF0,Lane-banked,bitfield4,,,,,RW,Normal,Adv,,"SCS0::OutputEqPostCursorTargetRx<i> Rx output equalization post-cursor target, or pre- cursor target when only pre-cursor setting is advertised. See Table 6-7 and section 6.2.5.2 A dvertisement: 01h:162.4-3",,8-74,Agrees,OutputEqPostCursorTargetRx8
OutputEqPostCursorTargetRx7.10h.169,OutputEqPostCursorTargetRx7,0x10,169,1,0x0F,Lane-banked,bitfield4,,,,,RW,Normal,Adv,,"SCS0::OutputEqPostCursorTargetRx<i> Rx output equalization post-cursor target, or pre- cursor target when only pre-cursor setting is advertised. See Table 6-7 and section 6.2.5.2 A dvertisement: 01h:162.4-3",,8-74,Agrees,OutputEqPostCursorTargetRx7
OutputAmplitudeTargetRx2.10h.170,OutputAmplitudeTargetRx2,0x10,170,1,0xF0,Lane-banked,bitfield4,,,,,RW,Normal,Adv,,SCS0::OutputAmplitudeTargetRx<i> Rx output amplitude target See Table 6-8 and section 6.2.5.3 Advertisement: 01h:162.2,,8-74,Agrees,OutputAmplitudeTargetRx2
OutputAmplitudeTargetRx1.10h.170,OutputAmplitudeTargetRx1,0x10,170,1,0x0F,Lane-banked,bitfield4,,,,,RW,Normal,Adv,,SCS0::OutputAmplitudeTargetRx<i> Rx output amplitude target See Table 6-8 and section 6.2.5.3 Advertisement: 01h:162.2,,8-74,Agrees,OutputAmplitudeTargetRx1
OutputAmplitudeTargetRx4.10h.171,OutputAmplitudeTargetRx4,0x10,171,1,0xF0,Lane-banked,bitfield4,,,,,RW,Normal,Adv,,SCS0::OutputAmplitudeTargetRx<i> Rx output amplitude target See Table 6-8 and section 6.2.5.3 Advertisement: 01h:162.2,,8-74,Agrees,OutputAmplitudeTargetRx4
OutputAmplitudeTargetRx3.10h.171,OutputAmplitudeTargetRx3,0x10,171,1,0x0F,Lane-banked,bitfield4,,,,,RW,Normal,Adv,,SCS0::OutputAmplitudeTargetRx<i> Rx output amplitude target See Table 6-8 and section 6.2.5.3 Advertisement: 01h:162.2,,8-74,Agrees,OutputAmplitudeTargetRx3
OutputAmplitudeTargetRx6.10h.172,OutputAmplitudeTargetRx6,0x10,172,1,0xF0,Lane-banked,bitfield4,,,,,RW,Normal,Adv,,SCS0::OutputAmplitudeTargetRx<i> Rx output amplitude target See Table 6-8 and section 6.2.5.3 Advertisement: 01h:162.2,,8-74,Agrees,OutputAmplitudeTargetRx6
OutputAmplitudeTargetRx5.10h.172,OutputAmplitudeTargetRx5,0x10,172,1,0x0F,Lane-banked,bitfield4,,,,,RW,Normal,Adv,,SCS0::OutputAmplitudeTargetRx<i> Rx output amplitude target See Table 6-8 and section 6.2.5.3 Advertisement: 01h:162.2,,8-74,Agrees,OutputAmplitudeTargetRx5
OutputAmplitudeTargetRx8.10h.173,OutputAmplitudeTargetRx8,0x10,173,1,0xF0,Lane-banked,bitfield4,,,,,RW,Normal,Adv,,SCS0::OutputAmplitudeTargetRx<i> Rx output amplitude target See Table 6-8 and section 6.2.5.3 Advertisement: 01h:162.2,,8-74,Agrees,OutputAmplitudeTargetRx8
OutputAmplitudeTargetRx7.10h.173,OutputAmplitudeTargetRx7,0x10,173,1,0x0F,Lane-banked,bitfield4,,,,,RW,Normal,Adv,,SCS0::OutputAmplitudeTargetRx<i> Rx output amplitude target See Table 6-8 and section 6.2.5.3 Advertisement: 01h:162.2,,8-74,Agrees,OutputAmplitudeTargetRx7
Reserved.10h.174,Reserved,0x10,174,2,,Lane-banked,,,,,,RO,Normal,,,Reserved[2],,8-74,Not in SONiC,
ApplyImmediateTx8.176,ApplyImmediateTx8,0x10,176,1,0x80,Lane-banked,bool,,,,,WO,Normal,Cnd,,"SCS0::ApplyImmediateTx<i> 0b: No action for host lane <i> 1b: Trigger the Provision-and-Commission procedure for Tx using the Staged Control Set 0 settings for host lane <i>, with feedback provided in the ConfigStatusLane<i> field Restriction: This byte must be written in a single-byte WRITE Condition: UnidirReconfigSupported (01h:162.6) = 1b Note: See Table 6-3 for preconditions and state dependencies",,8-75,Not in SONiC,
ApplyImmediateTx7.176,ApplyImmediateTx7,0x10,176,1,0x40,Lane-banked,bool,,,,,WO,Normal,Cnd,,"SCS0::ApplyImmediateTx<i> 0b: No action for host lane <i> 1b: Trigger the Provision-and-Commission procedure for Tx using the Staged Control Set 0 settings for host lane <i>, with feedback provided in the ConfigStatusLane<i> field Restriction: This byte must be written in a single-byte WRITE Condition: UnidirReconfigSupported (01h:162.6) = 1b Note: See Table 6-3 for preconditions and state dependencies",,8-75,Not in SONiC,
ApplyImmediateTx6.176,ApplyImmediateTx6,0x10,176,1,0x20,Lane-banked,bool,,,,,WO,Normal,Cnd,,"SCS0::ApplyImmediateTx<i> 0b: No action for host lane <i> 1b: Trigger the Provision-and-Commission procedure for Tx using the Staged Control Set 0 settings for host lane <i>, with feedback provided in the ConfigStatusLane<i> field Restriction: This byte must be written in a single-byte WRITE Condition: UnidirReconfigSupported (01h:162.6) = 1b Note: See Table 6-3 for preconditions and state dependencies",,8-75,Not in SONiC,
ApplyImmediateTx5.176,ApplyImmediateTx5,0x10,176,1,0x10,Lane-banked,bool,,,,,WO,Normal,Cnd,,"SCS0::ApplyImmediateTx<i> 0b: No action for host lane <i> 1b: Trigger the Provision-and-Commission procedure for Tx using the Staged Control Set 0 settings for host lane <i>, with feedback provided in the ConfigStatusLane<i> field Restriction: This byte must be written in a single-byte WRITE Condition: UnidirReconfigSupported (01h:162.6) = 1b Note: See Table 6-3 for preconditions and state dependencies",,8-75,Not in SONiC,
ApplyImmediateTx4.176,ApplyImmediateTx4,0x10,176,1,0x08,Lane-banked,bool,,,,,WO,Normal,Cnd,,"SCS0::ApplyImmediateTx<i> 0b: No action for host lane <i> 1b: Trigger the Provision-and-Commission procedure for Tx using the Staged Control Set 0 settings for host lane <i>, with feedback provided in the ConfigStatusLane<i> field Restriction: This byte must be written in a single-byte WRITE Condition: UnidirReconfigSupported (01h:162.6) = 1b Note: See Table 6-3 for preconditions and state dependencies",,8-75,Not in SONiC,
ApplyImmediateTx3.176,ApplyImmediateTx3,0x10,176,1,0x04,Lane-banked,bool,,,,,WO,Normal,Cnd,,"SCS0::ApplyImmediateTx<i> 0b: No action for host lane <i> 1b: Trigger the Provision-and-Commission procedure for Tx using the Staged Control Set 0 settings for host lane <i>, with feedback provided in the ConfigStatusLane<i> field Restriction: This byte must be written in a single-byte WRITE Condition: UnidirReconfigSupported (01h:162.6) = 1b Note: See Table 6-3 for preconditions and state dependencies",,8-75,Not in SONiC,
ApplyImmediateTx2.176,ApplyImmediateTx2,0x10,176,1,0x02,Lane-banked,bool,,,,,WO,Normal,Cnd,,"SCS0::ApplyImmediateTx<i> 0b: No action for host lane <i> 1b: Trigger the Provision-and-Commission procedure for Tx using the Staged Control Set 0 settings for host lane <i>, with feedback provided in the ConfigStatusLane<i> field Restriction: This byte must be written in a single-byte WRITE Condition: UnidirReconfigSupported (01h:162.6) = 1b Note: See Table 6-3 for preconditions and state dependencies",,8-75,Not in SONiC,
ApplyImmediateTx1.176,ApplyImmediateTx1,0x10,176,1,0x01,Lane-banked,bool,,,,,WO,Normal,Cnd,,"SCS0::ApplyImmediateTx<i> 0b: No action for host lane <i> 1b: Trigger the Provision-and-Commission procedure for Tx using the Staged Control Set 0 settings for host lane <i>, with feedback provided in the ConfigStatusLane<i> field Restriction: This byte must be written in a single-byte WRITE Condition: UnidirReconfigSupported (01h:162.6) = 1b Note: See Table 6-3 for preconditions and state dependencies",,8-75,Not in SONiC,
ApplyImmediateRx8.177,ApplyImmediateRx8,0x10,177,1,0x80,Lane-banked,bool,,,,,WO,Normal,Cnd,,"SCS0::ApplyImmediateRx<i> 0b: No action for host lane <i> 1b: Trigger the Provision-and-Commission procedure for Rx using the Staged Control Set 0 settings for host lane <i>, with feedback provided in the ConfigStatusLane<i> field Restriction: This byte must be written in a single-byte WRITE Condition: UnidirReconfigSupported (01h:162.6) = 1b Note: See Table 6-3 for preconditions and state dependencies",,8-75,Not in SONiC,
ApplyImmediateRx7.177,ApplyImmediateRx7,0x10,177,1,0x40,Lane-banked,bool,,,,,WO,Normal,Cnd,,"SCS0::ApplyImmediateRx<i> 0b: No action for host lane <i> 1b: Trigger the Provision-and-Commission procedure for Rx using the Staged Control Set 0 settings for host lane <i>, with feedback provided in the ConfigStatusLane<i> field Restriction: This byte must be written in a single-byte WRITE Condition: UnidirReconfigSupported (01h:162.6) = 1b Note: See Table 6-3 for preconditions and state dependencies",,8-75,Not in SONiC,
ApplyImmediateRx6.177,ApplyImmediateRx6,0x10,177,1,0x20,Lane-banked,bool,,,,,WO,Normal,Cnd,,"SCS0::ApplyImmediateRx<i> 0b: No action for host lane <i> 1b: Trigger the Provision-and-Commission procedure for Rx using the Staged Control Set 0 settings for host lane <i>, with feedback provided in the ConfigStatusLane<i> field Restriction: This byte must be written in a single-byte WRITE Condition: UnidirReconfigSupported (01h:162.6) = 1b Note: See Table 6-3 for preconditions and state dependencies",,8-75,Not in SONiC,
ApplyImmediateRx5.177,ApplyImmediateRx5,0x10,177,1,0x10,Lane-banked,bool,,,,,WO,Normal,Cnd,,"SCS0::ApplyImmediateRx<i> 0b: No action for host lane <i> 1b: Trigger the Provision-and-Commission procedure for Rx using the Staged Control Set 0 settings for host lane <i>, with feedback provided in the ConfigStatusLane<i> field Restriction: This byte must be written in a single-byte WRITE Condition: UnidirReconfigSupported (01h:162.6) = 1b Note: See Table 6-3 for preconditions and state dependencies",,8-75,Not in SONiC,
ApplyImmediateRx4.177,ApplyImmediateRx4,0x10,177,1,0x08,Lane-banked,bool,,,,,WO,Normal,Cnd,,"SCS0::ApplyImmediateRx<i> 0b: No action for host lane <i> 1b: Trigger the Provision-and-Commission procedure for Rx using the Staged Control Set 0 settings for host lane <i>, with feedback provided in the ConfigStatusLane<i> field Restriction: This byte must be written in a single-byte WRITE Condition: UnidirReconfigSupported (01h:162.6) = 1b Note: See Table 6-3 for preconditions and state dependencies",,8-75,Not in SONiC,
ApplyImmediateRx3.177,ApplyImmediateRx3,0x10,177,1,0x04,Lane-banked,bool,,,,,WO,Normal,Cnd,,"SCS0::ApplyImmediateRx<i> 0b: No action for host lane <i> 1b: Trigger the Provision-and-Commission procedure for Rx using the Staged Control Set 0 settings for host lane <i>, with feedback provided in the ConfigStatusLane<i> field Restriction: This byte must be written in a single-byte WRITE Condition: UnidirReconfigSupported (01h:162.6) = 1b Note: See Table 6-3 for preconditions and state dependencies",,8-75,Not in SONiC,
ApplyImmediateRx2.177,ApplyImmediateRx2,0x10,177,1,0x02,Lane-banked,bool,,,,,WO,Normal,Cnd,,"SCS0::ApplyImmediateRx<i> 0b: No action for host lane <i> 1b: Trigger the Provision-and-Commission procedure for Rx using the Staged Control Set 0 settings for host lane <i>, with feedback provided in the ConfigStatusLane<i> field Restriction: This byte must be written in a single-byte WRITE Condition: UnidirReconfigSupported (01h:162.6) = 1b Note: See Table 6-3 for preconditions and state dependencies",,8-75,Not in SONiC,
ApplyImmediateRx1.177,ApplyImmediateRx1,0x10,177,1,0x01,Lane-banked,bool,,,,,WO,Normal,Cnd,,"SCS0::ApplyImmediateRx<i> 0b: No action for host lane <i> 1b: Trigger the Provision-and-Commission procedure for Rx using the Staged Control Set 0 settings for host lane <i>, with feedback provided in the ConfigStatusLane<i> field Restriction: This byte must be written in a single-byte WRITE Condition: UnidirReconfigSupported (01h:162.6) = 1b Note: See Table 6-3 for preconditions and state dependencies",,8-75,Not in SONiC,
ApplyDPInitLane8.178,ApplyDPInitLane8,0x10,178,1,0x80,Lane-banked,bool,,,,,WO,Normal,Adv,,"SCS1::ApplyDPInitLane<i> 0b: No action for host lane <i> 1b: Trigger the Provision procedure using the Staged Control Set 1 settings for host lane <i>, with feedback provided in the associated ConfigStatusLane<i> field Restriction: This byte must be written in a single-byte WRITE Note: See Table 6-3 for preconditions and state dependencies",,8-76,Not in SONiC,
ApplyDPInitLane7.178,ApplyDPInitLane7,0x10,178,1,0x40,Lane-banked,bool,,,,,WO,Normal,Adv,,"SCS1::ApplyDPInitLane<i> 0b: No action for host lane <i> 1b: Trigger the Provision procedure using the Staged Control Set 1 settings for host lane <i>, with feedback provided in the associated ConfigStatusLane<i> field Restriction: This byte must be written in a single-byte WRITE Note: See Table 6-3 for preconditions and state dependencies",,8-76,Not in SONiC,
ApplyDPInitLane6.178,ApplyDPInitLane6,0x10,178,1,0x20,Lane-banked,bool,,,,,WO,Normal,Adv,,"SCS1::ApplyDPInitLane<i> 0b: No action for host lane <i> 1b: Trigger the Provision procedure using the Staged Control Set 1 settings for host lane <i>, with feedback provided in the associated ConfigStatusLane<i> field Restriction: This byte must be written in a single-byte WRITE Note: See Table 6-3 for preconditions and state dependencies",,8-76,Not in SONiC,
ApplyDPInitLane5.178,ApplyDPInitLane5,0x10,178,1,0x10,Lane-banked,bool,,,,,WO,Normal,Adv,,"SCS1::ApplyDPInitLane<i> 0b: No action for host lane <i> 1b: Trigger the Provision procedure using the Staged Control Set 1 settings for host lane <i>, with feedback provided in the associated ConfigStatusLane<i> field Restriction: This byte must be written in a single-byte WRITE Note: See Table 6-3 for preconditions and state dependencies",,8-76,Not in SONiC,
ApplyDPInitLane4.178,ApplyDPInitLane4,0x10,178,1,0x08,Lane-banked,bool,,,,,WO,Normal,Adv,,"SCS1::ApplyDPInitLane<i> 0b: No action for host lane <i> 1b: Trigger the Provision procedure using the Staged Control Set 1 settings for host lane <i>, with feedback provided in the associated ConfigStatusLane<i> field Restriction: This byte must be written in a single-byte WRITE Note: See Table 6-3 for preconditions and state dependencies",,8-76,Not in SONiC,
ApplyDPInitLane3.178,ApplyDPInitLane3,0x10,178,1,0x04,Lane-banked,bool,,,,,WO,Normal,Adv,,"SCS1::ApplyDPInitLane<i> 0b: No action for host lane <i> 1b: Trigger the Provision procedure using the Staged Control Set 1 settings for host lane <i>, with feedback provided in the associated ConfigStatusLane<i> field Restriction: This byte must be written in a single-byte WRITE Note: See Table 6-3 for preconditions and state dependencies",,8-76,Not in SONiC,
ApplyDPInitLane2.178,ApplyDPInitLane2,0x10,178,1,0x02,Lane-banked,bool,,,,,WO,Normal,Adv,,"SCS1::ApplyDPInitLane<i> 0b: No action for host lane <i> 1b: Trigger the Provision procedure using the Staged Control Set 1 settings for host lane <i>, with feedback provided in the associated ConfigStatusLane<i> field Restriction: This byte must be written in a single-byte WRITE Note: See Table 6-3 for preconditions and state dependencies",,8-76,Not in SONiC,
ApplyDPInitLane1.178,ApplyDPInitLane1,0x10,178,1,0x01,Lane-banked,bool,,,,,WO,Normal,Adv,,"SCS1::ApplyDPInitLane<i> 0b: No action for host lane <i> 1b: Trigger the Provision procedure using the Staged Control Set 1 settings for host lane <i>, with feedback provided in the associated ConfigStatusLane<i> field Restriction: This byte must be written in a single-byte WRITE Note: See Table 6-3 for preconditions and state dependencies",,8-76,Not in SONiC,
ApplyImmediateLane8.179,ApplyImmediateLane8,0x10,179,1,0x80,Lane-banked,bool,,,,,WO,Normal,Cnd,,"SCS1::ApplyImmediate<i> 0b: No action for host lane <i> 1b: Trigger the Provision-and-Commission procedure using Staged Control Set 1 settings for host lane <i>, with feedback provided in the associated ConfigStatusLane<i> field Restriction: This byte must be written in a single-byte WRITE Condition: SteppedConfigOnly (00h:2.6) = 0b Note: See Table 6-3 for preconditions and state dependencies",,8-76,Not in SONiC,
ApplyImmediateLane7.179,ApplyImmediateLane7,0x10,179,1,0x40,Lane-banked,bool,,,,,WO,Normal,Cnd,,"SCS1::ApplyImmediate<i> 0b: No action for host lane <i> 1b: Trigger the Provision-and-Commission procedure using Staged Control Set 1 settings for host lane <i>, with feedback provided in the associated ConfigStatusLane<i> field Restriction: This byte must be written in a single-byte WRITE Condition: SteppedConfigOnly (00h:2.6) = 0b Note: See Table 6-3 for preconditions and state dependencies",,8-76,Not in SONiC,
ApplyImmediateLane6.179,ApplyImmediateLane6,0x10,179,1,0x20,Lane-banked,bool,,,,,WO,Normal,Cnd,,"SCS1::ApplyImmediate<i> 0b: No action for host lane <i> 1b: Trigger the Provision-and-Commission procedure using Staged Control Set 1 settings for host lane <i>, with feedback provided in the associated ConfigStatusLane<i> field Restriction: This byte must be written in a single-byte WRITE Condition: SteppedConfigOnly (00h:2.6) = 0b Note: See Table 6-3 for preconditions and state dependencies",,8-76,Not in SONiC,
ApplyImmediateLane5.179,ApplyImmediateLane5,0x10,179,1,0x10,Lane-banked,bool,,,,,WO,Normal,Cnd,,"SCS1::ApplyImmediate<i> 0b: No action for host lane <i> 1b: Trigger the Provision-and-Commission procedure using Staged Control Set 1 settings for host lane <i>, with feedback provided in the associated ConfigStatusLane<i> field Restriction: This byte must be written in a single-byte WRITE Condition: SteppedConfigOnly (00h:2.6) = 0b Note: See Table 6-3 for preconditions and state dependencies",,8-76,Not in SONiC,
ApplyImmediateLane4.179,ApplyImmediateLane4,0x10,179,1,0x08,Lane-banked,bool,,,,,WO,Normal,Cnd,,"SCS1::ApplyImmediate<i> 0b: No action for host lane <i> 1b: Trigger the Provision-and-Commission procedure using Staged Control Set 1 settings for host lane <i>, with feedback provided in the associated ConfigStatusLane<i> field Restriction: This byte must be written in a single-byte WRITE Condition: SteppedConfigOnly (00h:2.6) = 0b Note: See Table 6-3 for preconditions and state dependencies",,8-76,Not in SONiC,
ApplyImmediateLane3.179,ApplyImmediateLane3,0x10,179,1,0x04,Lane-banked,bool,,,,,WO,Normal,Cnd,,"SCS1::ApplyImmediate<i> 0b: No action for host lane <i> 1b: Trigger the Provision-and-Commission procedure using Staged Control Set 1 settings for host lane <i>, with feedback provided in the associated ConfigStatusLane<i> field Restriction: This byte must be written in a single-byte WRITE Condition: SteppedConfigOnly (00h:2.6) = 0b Note: See Table 6-3 for preconditions and state dependencies",,8-76,Not in SONiC,
ApplyImmediateLane2.179,ApplyImmediateLane2,0x10,179,1,0x02,Lane-banked,bool,,,,,WO,Normal,Cnd,,"SCS1::ApplyImmediate<i> 0b: No action for host lane <i> 1b: Trigger the Provision-and-Commission procedure using Staged Control Set 1 settings for host lane <i>, with feedback provided in the associated ConfigStatusLane<i> field Restriction: This byte must be written in a single-byte WRITE Condition: SteppedConfigOnly (00h:2.6) = 0b Note: See Table 6-3 for preconditions and state dependencies",,8-76,Not in SONiC,
ApplyImmediateLane1.179,ApplyImmediateLane1,0x10,179,1,0x01,Lane-banked,bool,,,,,WO,Normal,Cnd,,"SCS1::ApplyImmediate<i> 0b: No action for host lane <i> 1b: Trigger the Provision-and-Commission procedure using Staged Control Set 1 settings for host lane <i>, with feedback provided in the associated ConfigStatusLane<i> field Restriction: This byte must be written in a single-byte WRITE Condition: SteppedConfigOnly (00h:2.6) = 0b Note: See Table 6-3 for preconditions and state dependencies",,8-76,Not in SONiC,
AppSelCodeLane1.10h.180,AppSelCodeLane1,0x10,180,1,0xF0,Lane-banked,bitfield4,,,,,RW,Normal,Adv,,SCS1::DPConfigLane1 See Table 8-71,,8-77,Not in SONiC,
DataPathIDLane1.10h.180,DataPathIDLane1,0x10,180,1,0x0E,Lane-banked,bitfield3,,,,,RW,Normal,Adv,,SCS1::DPConfigLane1 See Table 8-71,,8-77,Not in SONiC,
ExplicitControlLane1.10h.180,ExplicitControlLane1,0x10,180,1,0x01,Lane-banked,bool,,,,,RW,Normal,Adv,,SCS1::DPConfigLane1 See Table 8-71,,8-77,Not in SONiC,
AppSelCodeLane2.10h.181,AppSelCodeLane2,0x10,181,1,0xF0,Lane-banked,bitfield4,,,,,RW,Normal,Adv,,SCS1::DPConfigLane2 See Table 8-71,,8-77,Not in SONiC,
DataPathIDLane2.10h.181,DataPathIDLane2,0x10,181,1,0x0E,Lane-banked,bitfield3,,,,,RW,Normal,Adv,,SCS1::DPConfigLane2 See Table 8-71,,8-77,Not in SONiC,
ExplicitControlLane2.10h.181,ExplicitControlLane2,0x10,181,1,0x01,Lane-banked,bool,,,,,RW,Normal,Adv,,SCS1::DPConfigLane2 See Table 8-71,,8-77,Not in SONiC,
AppSelCodeLane3.10h.182,AppSelCodeLane3,0x10,182,1,0xF0,Lane-banked,bitfield4,,,,,RW,Normal,Adv,,SCS1::DPConfigLane3 See Table 8-71,,8-77,Not in SONiC,
DataPathIDLane3.10h.182,DataPathIDLane3,0x10,182,1,0x0E,Lane-banked,bitfield3,,,,,RW,Normal,Adv,,SCS1::DPConfigLane3 See Table 8-71,,8-77,Not in SONiC,
ExplicitControlLane3.10h.182,ExplicitControlLane3,0x10,182,1,0x01,Lane-banked,bool,,,,,RW,Normal,Adv,,SCS1::DPConfigLane3 See Table 8-71,,8-77,Not in SONiC,
AppSelCodeLane4.10h.183,AppSelCodeLane4,0x10,183,1,0xF0,Lane-banked,bitfield4,,,,,RW,Normal,Adv,,SCS1::DPConfigLane4 See Table 8-71,,8-77,Not in SONiC,
DataPathIDLane4.10h.183,DataPathIDLane4,0x10,183,1,0x0E,Lane-banked,bitfield3,,,,,RW,Normal,Adv,,SCS1::DPConfigLane4 See Table 8-71,,8-77,Not in SONiC,
ExplicitControlLane4.10h.183,ExplicitControlLane4,0x10,183,1,0x01,Lane-banked,bool,,,,,RW,Normal,Adv,,SCS1::DPConfigLane4 See Table 8-71,,8-77,Not in SONiC,
AppSelCodeLane5.10h.184,AppSelCodeLane5,0x10,184,1,0xF0,Lane-banked,bitfield4,,,,,RW,Normal,Adv,,SCS1::DPConfigLane5 See Table 8-71,,8-77,Not in SONiC,
DataPathIDLane5.10h.184,DataPathIDLane5,0x10,184,1,0x0E,Lane-banked,bitfield3,,,,,RW,Normal,Adv,,SCS1::DPConfigLane5 See Table 8-71,,8-77,Not in SONiC,
ExplicitControlLane5.10h.184,ExplicitControlLane5,0x10,184,1,0x01,Lane-banked,bool,,,,,RW,Normal,Adv,,SCS1::DPConfigLane5 See Table 8-71,,8-77,Not in SONiC,
AppSelCodeLane6.10h.185,AppSelCodeLane6,0x10,185,1,0xF0,Lane-banked,bitfield4,,,,,RW,Normal,Adv,,SCS1::DPConfigLane6 See Table 8-71,,8-77,Not in SONiC,
DataPathIDLane6.10h.185,DataPathIDLane6,0x10,185,1,0x0E,Lane-banked,bitfield3,,,,,RW,Normal,Adv,,SCS1::DPConfigLane6 See Table 8-71,,8-77,Not in SONiC,
ExplicitControlLane6.10h.185,ExplicitControlLane6,0x10,185,1,0x01,Lane-banked,bool,,,,,RW,Normal,Adv,,SCS1::DPConfigLane6 See Table 8-71,,8-77,Not in SONiC,
AppSelCodeLane7.10h.186,AppSelCodeLane7,0x10,186,1,0xF0,Lane-banked,bitfield4,,,,,RW,Normal,Adv,,SCS1::DPConfigLane7 See Table 8-71,,8-77,Not in SONiC,
DataPathIDLane7.10h.186,DataPathIDLane7,0x10,186,1,0x0E,Lane-banked,bitfield3,,,,,RW,Normal,Adv,,SCS1::DPConfigLane7 See Table 8-71,,8-77,Not in SONiC,
ExplicitControlLane7.10h.186,ExplicitControlLane7,0x10,186,1,0x01,Lane-banked,bool,,,,,RW,Normal,Adv,,SCS1::DPConfigLane7 See Table 8-71,,8-77,Not in SONiC,
AppSelCodeLane8.10h.187,AppSelCodeLane8,0x10,187,1,0xF0,Lane-banked,bitfield4,,,,,RW,Normal,Adv,,SCS1::DPConfigLane8 See Table 8-71,,8-77,Not in SONiC,
DataPathIDLane8.10h.187,DataPathIDLane8,0x10,187,1,0x0E,Lane-banked,bitfield3,,,,,RW,Normal,Adv,,SCS1::DPConfigLane8 See Table 8-71,,8-77,Not in SONiC,
ExplicitControlLane8.10h.187,ExplicitControlLane8,0x10,187,1,0x01,Lane-banked,bool,,,,,RW,Normal,Adv,,SCS1::DPConfigLane7 See Table 8-71,,8-77,Not in SONiC,
AdaptiveInputEqEnableTx8.10h.188,AdaptiveInputEqEnableTx8,0x10,188,1,0x80,Lane-banked,bool,,,,,RW,Normal,Adv,,SCS1::AdaptiveInputEqEnableTx<i> Adaptive Tx input equalizer for host lane <i> 1b: Enable 0 b: Disable (allow host-controlled equalization),,8-78,Not in SONiC,
AdaptiveInputEqEnableTx7.10h.188,AdaptiveInputEqEnableTx7,0x10,188,1,0x40,Lane-banked,bool,,,,,RW,Normal,Adv,,SCS1::AdaptiveInputEqEnableTx<i> Adaptive Tx input equalizer for host lane <i> 1b: Enable 0 b: Disable (allow host-controlled equalization),,8-78,Not in SONiC,
AdaptiveInputEqEnableTx6.10h.188,AdaptiveInputEqEnableTx6,0x10,188,1,0x20,Lane-banked,bool,,,,,RW,Normal,Adv,,SCS1::AdaptiveInputEqEnableTx<i> Adaptive Tx input equalizer for host lane <i> 1b: Enable 0 b: Disable (allow host-controlled equalization),,8-78,Not in SONiC,
AdaptiveInputEqEnableTx5.10h.188,AdaptiveInputEqEnableTx5,0x10,188,1,0x10,Lane-banked,bool,,,,,RW,Normal,Adv,,SCS1::AdaptiveInputEqEnableTx<i> Adaptive Tx input equalizer for host lane <i> 1b: Enable 0 b: Disable (allow host-controlled equalization),,8-78,Not in SONiC,
AdaptiveInputEqEnableTx4.10h.188,AdaptiveInputEqEnableTx4,0x10,188,1,0x08,Lane-banked,bool,,,,,RW,Normal,Adv,,SCS1::AdaptiveInputEqEnableTx<i> Adaptive Tx input equalizer for host lane <i> 1b: Enable 0 b: Disable (allow host-controlled equalization),,8-78,Not in SONiC,
AdaptiveInputEqEnableTx3.10h.188,AdaptiveInputEqEnableTx3,0x10,188,1,0x04,Lane-banked,bool,,,,,RW,Normal,Adv,,SCS1::AdaptiveInputEqEnableTx<i> Adaptive Tx input equalizer for host lane <i> 1b: Enable 0 b: Disable (allow host-controlled equalization),,8-78,Not in SONiC,
AdaptiveInputEqEnableTx2.10h.188,AdaptiveInputEqEnableTx2,0x10,188,1,0x02,Lane-banked,bool,,,,,RW,Normal,Adv,,SCS1::AdaptiveInputEqEnableTx<i> Adaptive Tx input equalizer for host lane <i> 1b: Enable 0 b: Disable (allow host-controlled equalization),,8-78,Not in SONiC,
AdaptiveInputEqEnableTx1.10h.188,AdaptiveInputEqEnableTx1,0x10,188,1,0x01,Lane-banked,bool,,,,,RW,Normal,Adv,,SCS1::AdaptiveInputEqEnableTx<i> Adaptive Tx input equalizer for host lane <i> 1b: Enable 0 b: Disable (allow host-controlled equalization),,8-78,Not in SONiC,
AdaptiveInputEqRecallTx4.189,AdaptiveInputEqRecallTx4,0x10,189,1,0xC0,Lane-banked,enum2,,,,,RW,Normal,Adv,,SCS1::AdaptiveInputEqRecallTx<i> Recall stored Tx input equalizer adaptation settings for host lane <i> when Staged Control Set is copied to Active Control Set. See section 6.2.5.4 for Store/Recall mechanism 00b: do not recall 01b: recall from recall buffer 1 10b: recall from recall buffer 2 11b: reserved,,8-78,Not in SONiC,
AdaptiveInputEqRecallTx3.189,AdaptiveInputEqRecallTx3,0x10,189,1,0x30,Lane-banked,bitfield2,,,,,RW,Normal,Adv,,SCS1::AdaptiveInputEqRecallTx<i> Recall stored Tx input equalizer adaptation settings for host lane <i> when Staged Control Set is copied to Active Control Set. See section 6.2.5.4 for Store/Recall mechanism 00b: do not recall 01b: recall from recall buffer 1 10b: recall from recall buffer 2 11b: reserved,,8-78,Not in SONiC,
AdaptiveInputEqRecallTx2.189,AdaptiveInputEqRecallTx2,0x10,189,1,0x0C,Lane-banked,bitfield2,,,,,RW,Normal,Adv,,SCS1::AdaptiveInputEqRecallTx<i> Recall stored Tx input equalizer adaptation settings for host lane <i> when Staged Control Set is copied to Active Control Set. See section 6.2.5.4 for Store/Recall mechanism 00b: do not recall 01b: recall from recall buffer 1 10b: recall from recall buffer 2 11b: reserved,,8-78,Not in SONiC,
AdaptiveInputEqRecallTx1.189,AdaptiveInputEqRecallTx1,0x10,189,1,0x03,Lane-banked,bitfield2,,,,,RW,Normal,Adv,,SCS1::AdaptiveInputEqRecallTx<i> Recall stored Tx input equalizer adaptation settings for host lane <i> when Staged Control Set is copied to Active Control Set. See section 6.2.5.4 for Store/Recall mechanism 00b: do not recall 01b: recall from recall buffer 1 10b: recall from recall buffer 2 11b: reserved,,8-78,Not in SONiC,
AdaptiveInputEqRecallTx8.190,AdaptiveInputEqRecallTx8,0x10,190,1,0xC0,Lane-banked,bitfield2,,,,,RW,Normal,Adv,,SCS1::AdaptiveInputEqRecallTx<i> Recall stored Tx input equalizer adaptation settings for host lane <i> when Staged Control Set is copied to Active Control Set. See section 6.2.5.4 for Store/Recall mechanism 00b: do not recall 01b: recall from recall buffer 1 10b: recall from recall buffer 2 11b: reserved,,8-78,Not in SONiC,
AdaptiveInputEqRecallTx7.190,AdaptiveInputEqRecallTx7,0x10,190,1,0x30,Lane-banked,bitfield2,,,,,RW,Normal,Adv,,SCS1::AdaptiveInputEqRecallTx<i> Recall stored Tx input equalizer adaptation settings for host lane <i> when Staged Control Set is copied to Active Control Set. See section 6.2.5.4 for Store/Recall mechanism 00b: do not recall 01b: recall from recall buffer 1 10b: recall from recall buffer 2 11b: reserved,,8-78,Not in SONiC,
AdaptiveInputEqRecallTx6.190,AdaptiveInputEqRecallTx6,0x10,190,1,0x0C,Lane-banked,bitfield2,,,,,RW,Normal,Adv,,SCS1::AdaptiveInputEqRecallTx<i> Recall stored Tx input equalizer adaptation settings for host lane <i> when Staged Control Set is copied to Active Control Set. See section 6.2.5.4 for Store/Recall mechanism 00b: do not recall 01b: recall from recall buffer 1 10b: recall from recall buffer 2 11b: reserved,,8-78,Not in SONiC,
AdaptiveInputEqRecallTx5.190,AdaptiveInputEqRecallTx5,0x10,190,1,0x03,Lane-banked,bitfield2,,,,,RW,Normal,Adv,,SCS1::AdaptiveInputEqRecallTx<i> Recall stored Tx input equalizer adaptation settings for host lane <i> when Staged Control Set is copied to Active Control Set. See section 6.2.5.4 for Store/Recall mechanism 00b: do not recall 01b: recall from recall buffer 1 10b: recall from recall buffer 2 11b: reserved,,8-78,Not in SONiC,
HostControlledInputEqTargetTx2.10h.191,HostControlledInputEqTargetTx2,0x10,191,1,0xF0,Lane-banked,enum4,,,,,RW,Normal,Adv,,SCS1::HostControlledInputEqTargetTx<i> Host-controlled Tx input equalizer target for host lane <i>. Encoding as described in Table 6-6,,8-78,Not in SONiC,
HostControlledInputEqTargetTx1.10h.191,HostControlledInputEqTargetTx1,0x10,191,1,0x0F,Lane-banked,bitfield4,,,,,RW,Normal,Adv,,SCS1::HostControlledInputEqTargetTx<i> Host-controlled Tx input equalizer target for host lane <i>. Encoding as described in Table 6-6,,8-78,Not in SONiC,
HostControlledInputEqTargetTx4.10h.192,HostControlledInputEqTargetTx4,0x10,192,1,0xF0,Lane-banked,bitfield4,,,,,RW,Normal,Adv,,SCS1::HostControlledInputEqTargetTx<i> Host-controlled Tx input equalizer target for host lane <i>. Encoding as described in Table 6-6,,8-78,Not in SONiC,
HostControlledInputEqTargetTx3.10h.192,HostControlledInputEqTargetTx3,0x10,192,1,0x0F,Lane-banked,bitfield4,,,,,RW,Normal,Adv,,SCS1::HostControlledInputEqTargetTx<i> Host-controlled Tx input equalizer target for host lane <i>. Encoding as described in Table 6-6,,8-78,Not in SONiC,
HostControlledInputEqTargetTx6.10h.193,HostControlledInputEqTargetTx6,0x10,193,1,0xF0,Lane-banked,bitfield4,,,,,RW,Normal,Adv,,SCS1::HostControlledInputEqTargetTx<i> Host-controlled Tx input equalizer target for host lane <i>. Encoding as described in Table 6-6,,8-78,Not in SONiC,
HostControlledInputEqTargetTx5.10h.193,HostControlledInputEqTargetTx5,0x10,193,1,0x0F,Lane-banked,bitfield4,,,,,RW,Normal,Adv,,SCS1::HostControlledInputEqTargetTx<i> Host-controlled Tx input equalizer target for host lane <i>. Encoding as described in Table 6-6,,8-78,Not in SONiC,
HostControlledInputEqTargetTx8.10h.194,HostControlledInputEqTargetTx8,0x10,194,1,0xF0,Lane-banked,bitfield4,,,,,RW,Normal,Adv,,SCS1::HostControlledInputEqTargetTx<i> Host-controlled Tx input equalizer target for host lane <i>. Encoding as described in Table 6-6,,8-78,Not in SONiC,
HostControlledInputEqTargetTx7.10h.194,HostControlledInputEqTargetTx7,0x10,194,1,0x0F,Lane-banked,bitfield4,,,,,RW,Normal,Adv,,SCS1::HostControlledInputEqTargetTx<i> Host-controlled Tx input equalizer target for host lane <i>. Encoding as described in Table 6-6,,8-78,Not in SONiC,
CDREnableTx8.10h.195,CDREnableTx8,0x10,195,1,0x80,Lane-banked,bool,,,,,RW,Normal,Adv,,SCS1::CDREnableTx<i> 1b: CDR enabled 0b: CDR bypassed,,8-78,Not in SONiC,
CDREnableTx7.10h.195,CDREnableTx7,0x10,195,1,0x40,Lane-banked,bool,,,,,RW,Normal,Adv,,SCS1::CDREnableTx<i> 1b: CDR enabled 0b: CDR bypassed,,8-78,Not in SONiC,
CDREnableTx6.10h.195,CDREnableTx6,0x10,195,1,0x20,Lane-banked,bool,,,,,RW,Normal,Adv,,SCS1::CDREnableTx<i> 1b: CDR enabled 0b: CDR bypassed,,8-78,Not in SONiC,
CDREnableTx5.10h.195,CDREnableTx5,0x10,195,1,0x10,Lane-banked,bool,,,,,RW,Normal,Adv,,SCS1::CDREnableTx<i> 1b: CDR enabled 0b: CDR bypassed,,8-78,Not in SONiC,
CDREnableTx4.10h.195,CDREnableTx4,0x10,195,1,0x08,Lane-banked,bool,,,,,RW,Normal,Adv,,SCS1::CDREnableTx<i> 1b: CDR enabled 0b: CDR bypassed,,8-78,Not in SONiC,
CDREnableTx3.10h.195,CDREnableTx3,0x10,195,1,0x04,Lane-banked,bool,,,,,RW,Normal,Adv,,SCS1::CDREnableTx<i> 1b: CDR enabled 0b: CDR bypassed,,8-78,Not in SONiC,
CDREnableTx2.10h.195,CDREnableTx2,0x10,195,1,0x02,Lane-banked,bool,,,,,RW,Normal,Adv,,SCS1::CDREnableTx<i> 1b: CDR enabled 0b: CDR bypassed,,8-78,Not in SONiC,
CDREnableTx1.10h.195,CDREnableTx1,0x10,195,1,0x01,Lane-banked,bool,,,,,RW,Normal,Adv,,SCS1::CDREnableTx<i> 1b: CDR enabled 0b: CDR bypassed,,8-78,Not in SONiC,
CDREnableRx8.196,CDREnableRx8,0x10,196,1,0x80,Lane-banked,bool,,,,,RW,Normal,Adv,,SCS1::CDREnableRx<i> 1b: CDR enabled 0 b: CDR bypassed,,8-79,Not in SONiC,
CDREnableRx7.196,CDREnableRx7,0x10,196,1,0x40,Lane-banked,bool,,,,,RW,Normal,Adv,,SCS1::CDREnableRx<i> 1b: CDR enabled 0 b: CDR bypassed,,8-79,Not in SONiC,
CDREnableRx6.196,CDREnableRx6,0x10,196,1,0x20,Lane-banked,bool,,,,,RW,Normal,Adv,,SCS1::CDREnableRx<i> 1b: CDR enabled 0 b: CDR bypassed,,8-79,Not in SONiC,
CDREnableRx5.196,CDREnableRx5,0x10,196,1,0x10,Lane-banked,bool,,,,,RW,Normal,Adv,,SCS1::CDREnableRx<i> 1b: CDR enabled 0 b: CDR bypassed,,8-79,Not in SONiC,
CDREnableRx4.196,CDREnableRx4,0x10,196,1,0x08,Lane-banked,bool,,,,,RW,Normal,Adv,,SCS1::CDREnableRx<i> 1b: CDR enabled 0 b: CDR bypassed,,8-79,Not in SONiC,
CDREnableRx3.196,CDREnableRx3,0x10,196,1,0x04,Lane-banked,bool,,,,,RW,Normal,Adv,,SCS1::CDREnableRx<i> 1b: CDR enabled 0 b: CDR bypassed,,8-79,Not in SONiC,
CDREnableRx2.196,CDREnableRx2,0x10,196,1,0x02,Lane-banked,bool,,,,,RW,Normal,Adv,,SCS1::CDREnableRx<i> 1b: CDR enabled 0 b: CDR bypassed,,8-79,Not in SONiC,
CDREnableRx1.196,CDREnableRx1,0x10,196,1,0x01,Lane-banked,bool,,,,,RW,Normal,Adv,,SCS1::CDREnableRx<i> 1b: CDR enabled 0 b: CDR bypassed,,8-79,Not in SONiC,
OutputEqPreCursorTargetRx2.10h.197,OutputEqPreCursorTargetRx2,0x10,197,1,0xF0,Lane-banked,bitfield4,,,,,RW,Normal,Adv,,SCS1::OutputEqPreCursorTargetRx<i> Rx output equalization pre-cursor target.,,8-79,Not in SONiC,
OutputEqPreCursorTargetRx1.10h.197,OutputEqPreCursorTargetRx1,0x10,197,1,0x0F,Lane-banked,bitfield4,,,,,RW,Normal,Adv,,SCS1::OutputEqPreCursorTargetRx<i> Rx output equalization pre-cursor target.,,8-79,Not in SONiC,
OutputEqPreCursorTargetRx4.10h.198,OutputEqPreCursorTargetRx4,0x10,198,1,0xF0,Lane-banked,bitfield4,,,,,RW,Normal,,,SCS1::OutputEqPreCursorTargetRx<i> Rx output equalization pre-cursor target.,,8-79,Not in SONiC,
OutputEqPreCursorTargetRx3.10h.198,OutputEqPreCursorTargetRx3,0x10,198,1,0x0F,Lane-banked,bitfield4,,,,,,,Adv,,Used only when both pre- and post-cursor targets are supported. S ee Table 6-7 and section 6.2.5.2,,8-79,Not in SONiC,
OutputEqPreCursorTargetRx6.10h.199,OutputEqPreCursorTargetRx6,0x10,199,1,0xF0,Lane-banked,bitfield4,,,,,RW,Normal,Adv,,Used only when both pre- and post-cursor targets are supported. S ee Table 6-7 and section 6.2.5.2,,8-79,Not in SONiC,
OutputEqPreCursorTargetRx5.10h.199,OutputEqPreCursorTargetRx5,0x10,199,1,0x0F,Lane-banked,bitfield4,,,,,RW,Normal,Adv,,Used only when both pre- and post-cursor targets are supported. S ee Table 6-7 and section 6.2.5.2,,8-79,Not in SONiC,
OutputEqPreCursorTargetRx8.10h.200,OutputEqPreCursorTargetRx8,0x10,200,1,0xF0,Lane-banked,bitfield4,,,,,RW,Normal,Adv,,Used only when both pre- and post-cursor targets are supported. S ee Table 6-7 and section 6.2.5.2,,8-79,Not in SONiC,
OutputEqPreCursorTargetRx7.10h.200,OutputEqPreCursorTargetRx7,0x10,200,1,0x0F,Lane-banked,bitfield4,,,,,RW,Normal,Adv,,Used only when both pre- and post-cursor targets are supported. S ee Table 6-7 and section 6.2.5.2,,8-79,Not in SONiC,
OutputEqPostCursorTargetRx2.10h.201,OutputEqPostCursorTargetRx2,0x10,201,1,0xF0,Lane-banked,bitfield4,,,,,RW,Normal,Adv,,"SCS1::OutputEqPostCursorTargetRx<i> Rx output equalization post-cursor, or pre-cursor target when only pre-cursor setting is advertised. S ee Table 6-7 and section 6.2.5.2",,8-79,Not in SONiC,
OutputEqPostCursorTargetRx1.10h.201,OutputEqPostCursorTargetRx1,0x10,201,1,0x0F,Lane-banked,bitfield4,,,,,RW,Normal,Adv,,"SCS1::OutputEqPostCursorTargetRx<i> Rx output equalization post-cursor, or pre-cursor target when only pre-cursor setting is advertised. S ee Table 6-7 and section 6.2.5.2",,8-79,Not in SONiC,
OutputEqPostCursorTargetRx4.10h.202,OutputEqPostCursorTargetRx4,0x10,202,1,0xF0,Lane-banked,bitfield4,,,,,RW,Normal,Adv,,"SCS1::OutputEqPostCursorTargetRx<i> Rx output equalization post-cursor, or pre-cursor target when only pre-cursor setting is advertised. S ee Table 6-7 and section 6.2.5.2",,8-79,Not in SONiC,
OutputEqPostCursorTargetRx3.10h.202,OutputEqPostCursorTargetRx3,0x10,202,1,0x0F,Lane-banked,bitfield4,,,,,RW,Normal,Adv,,"SCS1::OutputEqPostCursorTargetRx<i> Rx output equalization post-cursor, or pre-cursor target when only pre-cursor setting is advertised. S ee Table 6-7 and section 6.2.5.2",,8-79,Not in SONiC,
OutputEqPostCursorTargetRx6.10h.203,OutputEqPostCursorTargetRx6,0x10,203,1,0xF0,Lane-banked,bitfield4,,,,,RW,Normal,Adv,,"SCS1::OutputEqPostCursorTargetRx<i> Rx output equalization post-cursor, or pre-cursor target when only pre-cursor setting is advertised. S ee Table 6-7 and section 6.2.5.2",,8-79,Not in SONiC,
OutputEqPostCursorTargetRx5.10h.203,OutputEqPostCursorTargetRx5,0x10,203,1,0x0F,Lane-banked,bitfield4,,,,,RW,Normal,Adv,,"SCS1::OutputEqPostCursorTargetRx<i> Rx output equalization post-cursor, or pre-cursor target when only pre-cursor setting is advertised. S ee Table 6-7 and section 6.2.5.2",,8-79,Not in SONiC,
OutputEqPostCursorTargetRx8.10h.204,OutputEqPostCursorTargetRx8,0x10,204,1,0xF0,Lane-banked,bitfield4,,,,,RW,Normal,Adv,,"SCS1::OutputEqPostCursorTargetRx<i> Rx output equalization post-cursor, or pre-cursor target when only pre-cursor setting is advertised. S ee Table 6-7 and section 6.2.5.2",,8-79,Not in SONiC,
OutputEqPostCursorTargetRx7.10h.204,OutputEqPostCursorTargetRx7,0x10,204,1,0x0F,Lane-banked,bitfield4,,,,,RW,Normal,Adv,,"SCS1::OutputEqPostCursorTargetRx<i> Rx output equalization post-cursor, or pre-cursor target when only pre-cursor setting is advertised. S ee Table 6-7 and section 6.2.5.2",,8-79,Not in SONiC,
OutputAmplitudeTargetRx2.10h.205,OutputAmplitudeTargetRx2,0x10,205,1,0xF0,Lane-banked,enum4,,,,,RW,Normal,Adv,,SCS1::OutputAmplitudeTargetRx<i> Rx output amplitude encoding See Table 6-8,,8-79,Not in SONiC,
OutputAmplitudeTargetRx1.10h.205,OutputAmplitudeTargetRx1,0x10,205,1,0x0F,Lane-banked,bitfield4,,,,,RW,Normal,Adv,,SCS1::OutputAmplitudeTargetRx<i> Rx output amplitude encoding See Table 6-8,,8-79,Not in SONiC,
OutputAmplitudeTargetRx4.10h.206,OutputAmplitudeTargetRx4,0x10,206,1,0xF0,Lane-banked,bitfield4,,,,,RW,Normal,Adv,,SCS1::OutputAmplitudeTargetRx<i> Rx output amplitude encoding See Table 6-8,,8-79,Not in SONiC,
OutputAmplitudeTargetRx3.10h.206,OutputAmplitudeTargetRx3,0x10,206,1,0x0F,Lane-banked,bitfield4,,,,,RW,Normal,Adv,,SCS1::OutputAmplitudeTargetRx<i> Rx output amplitude encoding See Table 6-8,,8-79,Not in SONiC,
OutputAmplitudeTargetRx6.10h.207,OutputAmplitudeTargetRx6,0x10,207,1,0xF0,Lane-banked,bitfield4,,,,,RW,Normal,Adv,,SCS1::OutputAmplitudeTargetRx<i> Rx output amplitude encoding See Table 6-8,,8-79,Not in SONiC,
OutputAmplitudeTargetRx5.10h.207,OutputAmplitudeTargetRx5,0x10,207,1,0x0F,Lane-banked,bitfield4,,,,,RW,Normal,Adv,,SCS1::OutputAmplitudeTargetRx<i> Rx output amplitude encoding See Table 6-8,,8-79,Not in SONiC,
OutputAmplitudeTargetRx8.10h.208,OutputAmplitudeTargetRx8,0x10,208,1,0xF0,Lane-banked,bitfield4,,,,,RW,Normal,Adv,,SCS1::OutputAmplitudeTargetRx<i> Rx output amplitude encoding See Table 6-8,,8-79,Not in SONiC,
OutputAmplitudeTargetRx7.10h.208,OutputAmplitudeTargetRx7,0x10,208,1,0x0F,Lane-banked,bitfield4,,,,,RW,Normal,Adv,,SCS1::OutputAmplitudeTargetRx<i> Rx output amplitude encoding See Table 6-8,,8-79,Not in SONiC,
Reserved.10h.209,Reserved,0x10,209,2,,Lane-banked,,,,,,,,,,Reserved[2],,8-79,Not in SONiC,
ApplyImmediateTx8.211,ApplyImmediateTx8,0x10,211,1,0x80,Lane-banked,bool,,,,,WO,Normal,Cnd,,"SCS1::ApplyImmediateTx<i> 0b: No action for host lane <i> 1b: Trigger the Provision-and-Commission procedure for Tx using the Staged Control Set 1 settings for host lane <i>, with feedback provided in the ConfigStatusLane<i> field Restriction: This byte must be written in a single-byte WRITE Condition: UnidirReconfigSupported (01h:162.6) = 1b Note: See Table 6-3 for preconditions and state dependencies",,8-80,Not in SONiC,
ApplyImmediateTx7.211,ApplyImmediateTx7,0x10,211,1,0x40,Lane-banked,bool,,,,,WO,Normal,Cnd,,"SCS1::ApplyImmediateTx<i> 0b: No action for host lane <i> 1b: Trigger the Provision-and-Commission procedure for Tx using the Staged Control Set 1 settings for host lane <i>, with feedback provided in the ConfigStatusLane<i> field Restriction: This byte must be written in a single-byte WRITE Condition: UnidirReconfigSupported (01h:162.6) = 1b Note: See Table 6-3 for preconditions and state dependencies",,8-80,Not in SONiC,
ApplyImmediateTx6.211,ApplyImmediateTx6,0x10,211,1,0x20,Lane-banked,bool,,,,,WO,Normal,Cnd,,"SCS1::ApplyImmediateTx<i> 0b: No action for host lane <i> 1b: Trigger the Provision-and-Commission procedure for Tx using the Staged Control Set 1 settings for host lane <i>, with feedback provided in the ConfigStatusLane<i> field Restriction: This byte must be written in a single-byte WRITE Condition: UnidirReconfigSupported (01h:162.6) = 1b Note: See Table 6-3 for preconditions and state dependencies",,8-80,Not in SONiC,
ApplyImmediateTx5.211,ApplyImmediateTx5,0x10,211,1,0x10,Lane-banked,bool,,,,,WO,Normal,Cnd,,"SCS1::ApplyImmediateTx<i> 0b: No action for host lane <i> 1b: Trigger the Provision-and-Commission procedure for Tx using the Staged Control Set 1 settings for host lane <i>, with feedback provided in the ConfigStatusLane<i> field Restriction: This byte must be written in a single-byte WRITE Condition: UnidirReconfigSupported (01h:162.6) = 1b Note: See Table 6-3 for preconditions and state dependencies",,8-80,Not in SONiC,
ApplyImmediateTx4.211,ApplyImmediateTx4,0x10,211,1,0x08,Lane-banked,bool,,,,,WO,Normal,Cnd,,"SCS1::ApplyImmediateTx<i> 0b: No action for host lane <i> 1b: Trigger the Provision-and-Commission procedure for Tx using the Staged Control Set 1 settings for host lane <i>, with feedback provided in the ConfigStatusLane<i> field Restriction: This byte must be written in a single-byte WRITE Condition: UnidirReconfigSupported (01h:162.6) = 1b Note: See Table 6-3 for preconditions and state dependencies",,8-80,Not in SONiC,
ApplyImmediateTx3.211,ApplyImmediateTx3,0x10,211,1,0x04,Lane-banked,bool,,,,,WO,Normal,Cnd,,"SCS1::ApplyImmediateTx<i> 0b: No action for host lane <i> 1b: Trigger the Provision-and-Commission procedure for Tx using the Staged Control Set 1 settings for host lane <i>, with feedback provided in the ConfigStatusLane<i> field Restriction: This byte must be written in a single-byte WRITE Condition: UnidirReconfigSupported (01h:162.6) = 1b Note: See Table 6-3 for preconditions and state dependencies",,8-80,Not in SONiC,
ApplyImmediateTx2.211,ApplyImmediateTx2,0x10,211,1,0x02,Lane-banked,bool,,,,,WO,Normal,Cnd,,"SCS1::ApplyImmediateTx<i> 0b: No action for host lane <i> 1b: Trigger the Provision-and-Commission procedure for Tx using the Staged Control Set 1 settings for host lane <i>, with feedback provided in the ConfigStatusLane<i> field Restriction: This byte must be written in a single-byte WRITE Condition: UnidirReconfigSupported (01h:162.6) = 1b Note: See Table 6-3 for preconditions and state dependencies",,8-80,Not in SONiC,
ApplyImmediateTx1.211,ApplyImmediateTx1,0x10,211,1,0x01,Lane-banked,bool,,,,,WO,Normal,Cnd,,"SCS1::ApplyImmediateTx<i> 0b: No action for host lane <i> 1b: Trigger the Provision-and-Commission procedure for Tx using the Staged Control Set 1 settings for host lane <i>, with feedback provided in the ConfigStatusLane<i> field Restriction: This byte must be written in a single-byte WRITE Condition: UnidirReconfigSupported (01h:162.6) = 1b Note: See Table 6-3 for preconditions and state dependencies",,8-80,Not in SONiC,
ApplyImmediateRx8.212,ApplyImmediateRx8,0x10,212,1,0x80,Lane-banked,bool,,,,,WO,Normal,Cnd,,"SCS1::ApplyImmediateRx<i> 0b: No action for host lane <i> 1b: Trigger the Provision-and-Commission procedure for Rx using the Staged Control Set 1 settings for host lane <i>, with feedback provided in the ConfigStatusLane<i> field Restriction: This byte must be written in a single-byte WRITE Condition: UnidirReconfigSupported (01h:162.6) = 1b Note: See Table 6-3 for preconditions and state dependencies",,8-80,Not in SONiC,
ApplyImmediateRx7.212,ApplyImmediateRx7,0x10,212,1,0x40,Lane-banked,bool,,,,,WO,Normal,Cnd,,"SCS1::ApplyImmediateRx<i> 0b: No action for host lane <i> 1b: Trigger the Provision-and-Commission procedure for Rx using the Staged Control Set 1 settings for host lane <i>, with feedback provided in the ConfigStatusLane<i> field Restriction: This byte must be written in a single-byte WRITE Condition: UnidirReconfigSupported (01h:162.6) = 1b Note: See Table 6-3 for preconditions and state dependencies",,8-80,Not in SONiC,
ApplyImmediateRx6.212,ApplyImmediateRx6,0x10,212,1,0x20,Lane-banked,bool,,,,,WO,Normal,Cnd,,"SCS1::ApplyImmediateRx<i> 0b: No action for host lane <i> 1b: Trigger the Provision-and-Commission procedure for Rx using the Staged Control Set 1 settings for host lane <i>, with feedback provided in the ConfigStatusLane<i> field Restriction: This byte must be written in a single-byte WRITE Condition: UnidirReconfigSupported (01h:162.6) = 1b Note: See Table 6-3 for preconditions and state dependencies",,8-80,Not in SONiC,
ApplyImmediateRx5.212,ApplyImmediateRx5,0x10,212,1,0x10,Lane-banked,bool,,,,,WO,Normal,Cnd,,"SCS1::ApplyImmediateRx<i> 0b: No action for host lane <i> 1b: Trigger the Provision-and-Commission procedure for Rx using the Staged Control Set 1 settings for host lane <i>, with feedback provided in the ConfigStatusLane<i> field Restriction: This byte must be written in a single-byte WRITE Condition: UnidirReconfigSupported (01h:162.6) = 1b Note: See Table 6-3 for preconditions and state dependencies",,8-80,Not in SONiC,
ApplyImmediateRx4.212,ApplyImmediateRx4,0x10,212,1,0x08,Lane-banked,bool,,,,,WO,Normal,Cnd,,"SCS1::ApplyImmediateRx<i> 0b: No action for host lane <i> 1b: Trigger the Provision-and-Commission procedure for Rx using the Staged Control Set 1 settings for host lane <i>, with feedback provided in the ConfigStatusLane<i> field Restriction: This byte must be written in a single-byte WRITE Condition: UnidirReconfigSupported (01h:162.6) = 1b Note: See Table 6-3 for preconditions and state dependencies",,8-80,Not in SONiC,
ApplyImmediateRx3.212,ApplyImmediateRx3,0x10,212,1,0x04,Lane-banked,bool,,,,,WO,Normal,Cnd,,"SCS1::ApplyImmediateRx<i> 0b: No action for host lane <i> 1b: Trigger the Provision-and-Commission procedure for Rx using the Staged Control Set 1 settings for host lane <i>, with feedback provided in the ConfigStatusLane<i> field Restriction: This byte must be written in a single-byte WRITE Condition: UnidirReconfigSupported (01h:162.6) = 1b Note: See Table 6-3 for preconditions and state dependencies",,8-80,Not in SONiC,
ApplyImmediateRx2.212,ApplyImmediateRx2,0x10,212,1,0x02,Lane-banked,bool,,,,,WO,Normal,Cnd,,"SCS1::ApplyImmediateRx<i> 0b: No action for host lane <i> 1b: Trigger the Provision-and-Commission procedure for Rx using the Staged Control Set 1 settings for host lane <i>, with feedback provided in the ConfigStatusLane<i> field Restriction: This byte must be written in a single-byte WRITE Condition: UnidirReconfigSupported (01h:162.6) = 1b Note: See Table 6-3 for preconditions and state dependencies",,8-80,Not in SONiC,
ApplyImmediateRx1.212,ApplyImmediateRx1,0x10,212,1,0x01,Lane-banked,bool,,,,,WO,Normal,Cnd,,"SCS1::ApplyImmediateRx<i> 0b: No action for host lane <i> 1b: Trigger the Provision-and-Commission procedure for Rx using the Staged Control Set 1 settings for host lane <i>, with feedback provided in the ConfigStatusLane<i> field Restriction: This byte must be written in a single-byte WRITE Condition: UnidirReconfigSupported (01h:162.6) = 1b Note: See Table 6-3 for preconditions and state dependencies",,8-80,Not in SONiC,
DPStateChangedMask8,DPStateChangedMask8,0x10,213,1,0x80,Lane-banked,bool,,,,,RW,Normal,Rqd,,DPStateChangedMask<i> Mask for DPStateChangedFlag<i> for Data Path of host lane <i>,,8-81,Not in SONiC,
DPStateChangedMask7,DPStateChangedMask7,0x10,213,1,0x40,Lane-banked,bool,,,,,RW,Normal,Rqd,,DPStateChangedMask<i> Mask for DPStateChangedFlag<i> for Data Path of host lane <i>,,8-81,Not in SONiC,
DPStateChangedMask6,DPStateChangedMask6,0x10,213,1,0x20,Lane-banked,bool,,,,,RW,Normal,Rqd,,DPStateChangedMask<i> Mask for DPStateChangedFlag<i> for Data Path of host lane <i>,,8-81,Not in SONiC,
DPStateChangedMask5,DPStateChangedMask5,0x10,213,1,0x10,Lane-banked,bool,,,,,RW,Normal,Rqd,,DPStateChangedMask<i> Mask for DPStateChangedFlag<i> for Data Path of host lane <i>,,8-81,Not in SONiC,
DPStateChangedMask4,DPStateChangedMask4,0x10,213,1,0x08,Lane-banked,bool,,,,,RW,Normal,Rqd,,DPStateChangedMask<i> Mask for DPStateChangedFlag<i> for Data Path of host lane <i>,,8-81,Not in SONiC,
DPStateChangedMask3,DPStateChangedMask3,0x10,213,1,0x04,Lane-banked,bool,,,,,RW,Normal,Rqd,,DPStateChangedMask<i> Mask for DPStateChangedFlag<i> for Data Path of host lane <i>,,8-81,Not in SONiC,
DPStateChangedMask2,DPStateChangedMask2,0x10,213,1,0x02,Lane-banked,bool,,,,,RW,Normal,Rqd,,DPStateChangedMask<i> Mask for DPStateChangedFlag<i> for Data Path of host lane <i>,,8-81,Not in SONiC,
DPStateChangedMask1,DPStateChangedMask1,0x10,213,1,0x01,Lane-banked,bool,,,,,RW,Normal,Rqd,,DPStateChangedMask<i> Mask for DPStateChangedFlag<i> for Data Path of host lane <i>,,8-81,Not in SONiC,
FailureMaskTx8,FailureMaskTx8,0x10,214,1,0x80,Lane-banked,bool,,,,,RW,Normal,Adv,,"FailureMaskTx<i> Mask for FailureFlagTx<i>, affecting media lane <i> Advertisement: 01h:157.0",,8-81,Not in SONiC,
FailureMaskTx7,FailureMaskTx7,0x10,214,1,0x40,Lane-banked,bool,,,,,RW,Normal,Adv,,"FailureMaskTx<i> Mask for FailureFlagTx<i>, affecting media lane <i> Advertisement: 01h:157.0",,8-81,Not in SONiC,
FailureMaskTx6,FailureMaskTx6,0x10,214,1,0x20,Lane-banked,bool,,,,,RW,Normal,Adv,,"FailureMaskTx<i> Mask for FailureFlagTx<i>, affecting media lane <i> Advertisement: 01h:157.0",,8-81,Not in SONiC,
FailureMaskTx5,FailureMaskTx5,0x10,214,1,0x10,Lane-banked,bool,,,,,RW,Normal,Adv,,"FailureMaskTx<i> Mask for FailureFlagTx<i>, affecting media lane <i> Advertisement: 01h:157.0",,8-81,Not in SONiC,
FailureMaskTx4,FailureMaskTx4,0x10,214,1,0x08,Lane-banked,bool,,,,,RW,Normal,Adv,,"FailureMaskTx<i> Mask for FailureFlagTx<i>, affecting media lane <i> Advertisement: 01h:157.0",,8-81,Not in SONiC,
FailureMaskTx3,FailureMaskTx3,0x10,214,1,0x04,Lane-banked,bool,,,,,RW,Normal,Adv,,"FailureMaskTx<i> Mask for FailureFlagTx<i>, affecting media lane <i> Advertisement: 01h:157.0",,8-81,Not in SONiC,
FailureMaskTx2,FailureMaskTx2,0x10,214,1,0x02,Lane-banked,bool,,,,,RW,Normal,Adv,,"FailureMaskTx<i> Mask for FailureFlagTx<i>, affecting media lane <i> Advertisement: 01h:157.0",,8-81,Not in SONiC,
FailureMaskTx1,FailureMaskTx1,0x10,214,1,0x01,Lane-banked,bool,,,,,RW,Normal,Adv,,"FailureMaskTx<i> Mask for FailureFlagTx<i>, affecting media lane <i> Advertisement: 01h:157.0",,8-81,Not in SONiC,
LOSMaskTx8,LOSMaskTx8,0x10,215,1,0x80,Lane-banked,bool,,,,,RW,Normal,Adv,,"LOSMaskTx<i> Mask for LOSFlagTx, lane <i> Advertisement: 01h:157.1",,8-81,Not in SONiC,
LOSMaskTx7,LOSMaskTx7,0x10,215,1,0x40,Lane-banked,bool,,,,,RW,Normal,Adv,,"LOSMaskTx<i> Mask for LOSFlagTx, lane <i> Advertisement: 01h:157.1",,8-81,Not in SONiC,
LOSMaskTx6,LOSMaskTx6,0x10,215,1,0x20,Lane-banked,bool,,,,,RW,Normal,Adv,,"LOSMaskTx<i> Mask for LOSFlagTx, lane <i> Advertisement: 01h:157.1",,8-81,Not in SONiC,
LOSMaskTx5,LOSMaskTx5,0x10,215,1,0x10,Lane-banked,bool,,,,,RW,Normal,Adv,,"LOSMaskTx<i> Mask for LOSFlagTx, lane <i> Advertisement: 01h:157.1",,8-81,Not in SONiC,
LOSMaskTx4,LOSMaskTx4,0x10,215,1,0x08,Lane-banked,bool,,,,,RW,Normal,Adv,,"LOSMaskTx<i> Mask for LOSFlagTx, lane <i> Advertisement: 01h:157.1",,8-81,Not in SONiC,
LOSMaskTx3,LOSMaskTx3,0x10,215,1,0x04,Lane-banked,bool,,,,,RW,Normal,Adv,,"LOSMaskTx<i> Mask for LOSFlagTx, lane <i> Advertisement: 01h:157.1",,8-81,Not in SONiC,
LOSMaskTx2,LOSMaskTx2,0x10,215,1,0x02,Lane-banked,bool,,,,,RW,Normal,Adv,,"LOSMaskTx<i> Mask for LOSFlagTx, lane <i> Advertisement: 01h:157.1",,8-81,Not in SONiC,
LOSMaskTx1,LOSMaskTx1,0x10,215,1,0x01,Lane-banked,bool,,,,,RW,Normal,Adv,,"LOSMaskTx<i> Mask for LOSFlagTx, lane <i> Advertisement: 01h:157.1",,8-81,Not in SONiC,
CDRLOLMaskTx8,CDRLOLMaskTx8,0x10,216,1,0x80,Lane-banked,bool,,,,,RW,Normal,Adv,,"CDRLOLMaskTx<i> Mask for CDRLOLFlagTx<i>, lane <i> Advertisement: 01h:157.2",,8-81,Not in SONiC,
CDRLOLMaskTx7,CDRLOLMaskTx7,0x10,216,1,0x40,Lane-banked,bool,,,,,RW,Normal,Adv,,"CDRLOLMaskTx<i> Mask for CDRLOLFlagTx<i>, lane <i> Advertisement: 01h:157.2",,8-81,Not in SONiC,
CDRLOLMaskTx6,CDRLOLMaskTx6,0x10,216,1,0x20,Lane-banked,bool,,,,,RW,Normal,Adv,,"CDRLOLMaskTx<i> Mask for CDRLOLFlagTx<i>, lane <i> Advertisement: 01h:157.2",,8-81,Not in SONiC,
CDRLOLMaskTx5,CDRLOLMaskTx5,0x10,216,1,0x10,Lane-banked,bool,,,,,RW,Normal,Adv,,"CDRLOLMaskTx<i> Mask for CDRLOLFlagTx<i>, lane <i> Advertisement: 01h:157.2",,8-81,Not in SONiC,
CDRLOLMaskTx4,CDRLOLMaskTx4,0x10,216,1,0x08,Lane-banked,bool,,,,,RW,Normal,Adv,,"CDRLOLMaskTx<i> Mask for CDRLOLFlagTx<i>, lane <i> Advertisement: 01h:157.2",,8-81,Not in SONiC,
CDRLOLMaskTx3,CDRLOLMaskTx3,0x10,216,1,0x04,Lane-banked,bool,,,,,RW,Normal,Adv,,"CDRLOLMaskTx<i> Mask for CDRLOLFlagTx<i>, lane <i> Advertisement: 01h:157.2",,8-81,Not in SONiC,
CDRLOLMaskTx2,CDRLOLMaskTx2,0x10,216,1,0x02,Lane-banked,bool,,,,,RW,Normal,Adv,,"CDRLOLMaskTx<i> Mask for CDRLOLFlagTx<i>, lane <i> Advertisement: 01h:157.2",,8-81,Not in SONiC,
CDRLOLMaskTx1,CDRLOLMaskTx1,0x10,216,1,0x01,Lane-banked,bool,,,,,RW,Normal,Adv,,"CDRLOLMaskTx<i> Mask for CDRLOLFlagTx<i>, lane <i> Advertisement: 01h:157.2",,8-81,Not in SONiC,
AdaptiveInputEqFailMaskTx8,AdaptiveInputEqFailMaskTx8,0x10,217,1,0x80,Lane-banked,bool,,,,,RW,Normal,Adv,,"AdaptiveInputEqFailMaskTx<i> Mask for AdaptiveInputEqFailFlagTx<i>, lane <i> Advertisement: 01h:157.3",,8-81,Not in SONiC,
AdaptiveInputEqFailMaskTx7,AdaptiveInputEqFailMaskTx7,0x10,217,1,0x40,Lane-banked,bool,,,,,RW,Normal,Adv,,"AdaptiveInputEqFailMaskTx<i> Mask for AdaptiveInputEqFailFlagTx<i>, lane <i> Advertisement: 01h:157.3",,8-81,Not in SONiC,
AdaptiveInputEqFailMaskTx6,AdaptiveInputEqFailMaskTx6,0x10,217,1,0x20,Lane-banked,bool,,,,,RW,Normal,Adv,,"AdaptiveInputEqFailMaskTx<i> Mask for AdaptiveInputEqFailFlagTx<i>, lane <i> Advertisement: 01h:157.3",,8-81,Not in SONiC,
AdaptiveInputEqFailMaskTx5,AdaptiveInputEqFailMaskTx5,0x10,217,1,0x10,Lane-banked,bool,,,,,RW,Normal,Adv,,"AdaptiveInputEqFailMaskTx<i> Mask for AdaptiveInputEqFailFlagTx<i>, lane <i> Advertisement: 01h:157.3",,8-81,Not in SONiC,
AdaptiveInputEqFailMaskTx4,AdaptiveInputEqFailMaskTx4,0x10,217,1,0x08,Lane-banked,bool,,,,,RW,Normal,Adv,,"AdaptiveInputEqFailMaskTx<i> Mask for AdaptiveInputEqFailFlagTx<i>, lane <i> Advertisement: 01h:157.3",,8-81,Not in SONiC,
AdaptiveInputEqFailMaskTx3,AdaptiveInputEqFailMaskTx3,0x10,217,1,0x04,Lane-banked,bool,,,,,RW,Normal,Adv,,"AdaptiveInputEqFailMaskTx<i> Mask for AdaptiveInputEqFailFlagTx<i>, lane <i> Advertisement: 01h:157.3",,8-81,Not in SONiC,
AdaptiveInputEqFailMaskTx2,AdaptiveInputEqFailMaskTx2,0x10,217,1,0x02,Lane-banked,bool,,,,,RW,Normal,Adv,,"AdaptiveInputEqFailMaskTx<i> Mask for AdaptiveInputEqFailFlagTx<i>, lane <i> Advertisement: 01h:157.3",,8-81,Not in SONiC,
AdaptiveInputEqFailMaskTx1,AdaptiveInputEqFailMaskTx1,0x10,217,1,0x01,Lane-banked,bool,,,,,RW,Normal,Adv,,"AdaptiveInputEqFailMaskTx<i> Mask for AdaptiveInputEqFailFlagTx<i>, lane <i> Advertisement: 01h:157.3",,8-81,Not in SONiC,
OpticalPowerHighAlarmMaskTx8,OpticalPowerHighAlarmMaskTx8,0x10,218,1,0x80,Lane-banked,bool,,,,,RW,Normal,Adv,,"OpticalPowerHighAlarmMaskTx<i> Mask for OpticalPowerHighAlarmFlagTx<i>, media lane <i> A dvertisement: 01h:160.1",,8-81,Not in SONiC,
OpticalPowerHighAlarmMaskTx7,OpticalPowerHighAlarmMaskTx7,0x10,218,1,0x40,Lane-banked,bool,,,,,RW,Normal,Adv,,"OpticalPowerHighAlarmMaskTx<i> Mask for OpticalPowerHighAlarmFlagTx<i>, media lane <i> A dvertisement: 01h:160.1",,8-81,Not in SONiC,
OpticalPowerHighAlarmMaskTx6,OpticalPowerHighAlarmMaskTx6,0x10,218,1,0x20,Lane-banked,bool,,,,,RW,Normal,Adv,,"OpticalPowerHighAlarmMaskTx<i> Mask for OpticalPowerHighAlarmFlagTx<i>, media lane <i> A dvertisement: 01h:160.1",,8-81,Not in SONiC,
OpticalPowerHighAlarmMaskTx5,OpticalPowerHighAlarmMaskTx5,0x10,218,1,0x10,Lane-banked,bool,,,,,RW,Normal,Adv,,"OpticalPowerHighAlarmMaskTx<i> Mask for OpticalPowerHighAlarmFlagTx<i>, media lane <i> A dvertisement: 01h:160.1",,8-81,Not in SONiC,
OpticalPowerHighAlarmMaskTx4,OpticalPowerHighAlarmMaskTx4,0x10,218,1,0x08,Lane-banked,bool,,,,,RW,Normal,Adv,,"OpticalPowerHighAlarmMaskTx<i> Mask for OpticalPowerHighAlarmFlagTx<i>, media lane <i> A dvertisement: 01h:160.1",,8-81,Not in SONiC,
OpticalPowerHighAlarmMaskTx3,OpticalPowerHighAlarmMaskTx3,0x10,218,1,0x04,Lane-banked,bool,,,,,RW,Normal,Adv,,"OpticalPowerHighAlarmMaskTx<i> Mask for OpticalPowerHighAlarmFlagTx<i>, media lane <i> A dvertisement: 01h:160.1",,8-81,Not in SONiC,
OpticalPowerHighAlarmMaskTx2,OpticalPowerHighAlarmMaskTx2,0x10,218,1,0x02,Lane-banked,bool,,,,,RW,Normal,Adv,,"OpticalPowerHighAlarmMaskTx<i> Mask for OpticalPowerHighAlarmFlagTx<i>, media lane <i> A dvertisement: 01h:160.1",,8-81,Not in SONiC,
OpticalPowerHighAlarmMaskTx1,OpticalPowerHighAlarmMaskTx1,0x10,218,1,0x01,Lane-banked,bool,,,,,RW,Normal,Adv,,"OpticalPowerHighAlarmMaskTx<i> Mask for OpticalPowerHighAlarmFlagTx<i>, media lane <i> A dvertisement: 01h:160.1",,8-81,Not in SONiC,
OpticalPowerLowAlarmMaskTx8,OpticalPowerLowAlarmMaskTx8,0x10,219,1,0x80,Lane-banked,bool,,,,,RW,Normal,Adv,,"OpticalPowerLowAlarmMaskTx<i> Mask for OpticalPowerLowAlarmFlagTx<i>,",,8-81,Not in SONiC,
OpticalPowerLowAlarmMaskTx7,OpticalPowerLowAlarmMaskTx7,0x10,219,1,0x40,Lane-banked,bool,,,,,RW,Normal,Adv,,"OpticalPowerLowAlarmMaskTx<i> Mask for OpticalPowerLowAlarmFlagTx<i>,",,8-81,Not in SONiC,
OpticalPowerLowAlarmMaskTx6,OpticalPowerLowAlarmMaskTx6,0x10,219,1,0x20,Lane-banked,bool,,,,,RW,Normal,Adv,,media lane <i> A dvertisement: 01h:160.1,,8-81,Not in SONiC,
OpticalPowerLowAlarmMaskTx5,OpticalPowerLowAlarmMaskTx5,0x10,219,1,0x10,Lane-banked,bool,,,,,RW,Normal,Adv,,media lane <i> A dvertisement: 01h:160.1,,8-81,Not in SONiC,
OpticalPowerLowAlarmMaskTx4,OpticalPowerLowAlarmMaskTx4,0x10,219,1,0x08,Lane-banked,bool,,,,,RW,Normal,Adv,,media lane <i> A dvertisement: 01h:160.1,,8-81,Not in SONiC,
OpticalPowerLowAlarmMaskTx3,OpticalPowerLowAlarmMaskTx3,0x10,219,1,0x04,Lane-banked,bool,,,,,RW,Normal,Adv,,media lane <i> A dvertisement: 01h:160.1,,8-81,Not in SONiC,
OpticalPowerLowAlarmMaskTx2,OpticalPowerLowAlarmMaskTx2,0x10,219,1,0x02,Lane-banked,bool,,,,,RW,Normal,Adv,,media lane <i> A dvertisement: 01h:160.1,,8-81,Not in SONiC,
OpticalPowerLowAlarmMaskTx1,OpticalPowerLowAlarmMaskTx1,0x10,219,1,0x01,Lane-banked,bool,,,,,RW,Normal,Adv,,media lane <i> A dvertisement: 01h:160.1,,8-81,Not in SONiC,
OpticalPowerHighWarningMaskTx8,OpticalPowerHighWarningMaskTx8,0x10,220,1,0x80,Lane-banked,bool,,,,,RW,Normal,Adv,,"OpticalPowerHighWarningMaskTx<i> Mask for OpticalPowerHighWarningFlagTx<i>, media lane <i> Advertisement: 01h:160.1",,8-81,Not in SONiC,
OpticalPowerHighWarningMaskTx7,OpticalPowerHighWarningMaskTx7,0x10,220,1,0x40,Lane-banked,bool,,,,,RW,Normal,Adv,,"OpticalPowerHighWarningMaskTx<i> Mask for OpticalPowerHighWarningFlagTx<i>, media lane <i> Advertisement: 01h:160.1",,8-81,Not in SONiC,
OpticalPowerHighWarningMaskTx6,OpticalPowerHighWarningMaskTx6,0x10,220,1,0x20,Lane-banked,bool,,,,,RW,Normal,Adv,,"OpticalPowerHighWarningMaskTx<i> Mask for OpticalPowerHighWarningFlagTx<i>, media lane <i> Advertisement: 01h:160.1",,8-81,Not in SONiC,
OpticalPowerHighWarningMaskTx5,OpticalPowerHighWarningMaskTx5,0x10,220,1,0x10,Lane-banked,bool,,,,,RW,Normal,Adv,,"OpticalPowerHighWarningMaskTx<i> Mask for OpticalPowerHighWarningFlagTx<i>, media lane <i> Advertisement: 01h:160.1",,8-81,Not in SONiC,
OpticalPowerHighWarningMaskTx4,OpticalPowerHighWarningMaskTx4,0x10,220,1,0x08,Lane-banked,bool,,,,,RW,Normal,Adv,,"OpticalPowerHighWarningMaskTx<i> Mask for OpticalPowerHighWarningFlagTx<i>, media lane <i> Advertisement: 01h:160.1",,8-81,Not in SONiC,
OpticalPowerHighWarningMaskTx3,OpticalPowerHighWarningMaskTx3,0x10,220,1,0x04,Lane-banked,bool,,,,,RW,Normal,Adv,,"OpticalPowerHighWarningMaskTx<i> Mask for OpticalPowerHighWarningFlagTx<i>, media lane <i> Advertisement: 01h:160.1",,8-81,Not in SONiC,
OpticalPowerHighWarningMaskTx2,OpticalPowerHighWarningMaskTx2,0x10,220,1,0x02,Lane-banked,bool,,,,,RW,Normal,Adv,,"OpticalPowerHighWarningMaskTx<i> Mask for OpticalPowerHighWarningFlagTx<i>, media lane <i> Advertisement: 01h:160.1",,8-81,Not in SONiC,
OpticalPowerHighWarningMaskTx1,OpticalPowerHighWarningMaskTx1,0x10,220,1,0x01,Lane-banked,bool,,,,,RW,Normal,Adv,,"OpticalPowerHighWarningMaskTx<i> Mask for OpticalPowerHighWarningFlagTx<i>, media lane <i> Advertisement: 01h:160.1",,8-81,Not in SONiC,
OpticalPowerLowWarningMaskTx8,OpticalPowerLowWarningMaskTx8,0x10,221,1,0x80,Lane-banked,bool,,,,,RW,Normal,Adv,,"OpticalPowerLowWarningMaskTx<i> Mask for OpticalPowerLowWarningFlagTx<i>, media lane <i> Advertisement: 01h:160.1",,8-81,Not in SONiC,
OpticalPowerLowWarningMaskTx7,OpticalPowerLowWarningMaskTx7,0x10,221,1,0x40,Lane-banked,bool,,,,,RW,Normal,Adv,,"OpticalPowerLowWarningMaskTx<i> Mask for OpticalPowerLowWarningFlagTx<i>, media lane <i> Advertisement: 01h:160.1",,8-81,Not in SONiC,
OpticalPowerLowWarningMaskTx6,OpticalPowerLowWarningMaskTx6,0x10,221,1,0x20,Lane-banked,bool,,,,,RW,Normal,Adv,,"OpticalPowerLowWarningMaskTx<i> Mask for OpticalPowerLowWarningFlagTx<i>, media lane <i> Advertisement: 01h:160.1",,8-81,Not in SONiC,
OpticalPowerLowWarningMaskTx5,OpticalPowerLowWarningMaskTx5,0x10,221,1,0x10,Lane-banked,bool,,,,,RW,Normal,Adv,,"OpticalPowerLowWarningMaskTx<i> Mask for OpticalPowerLowWarningFlagTx<i>, media lane <i> Advertisement: 01h:160.1",,8-81,Not in SONiC,
OpticalPowerLowWarningMaskTx4,OpticalPowerLowWarningMaskTx4,0x10,221,1,0x08,Lane-banked,bool,,,,,RW,Normal,Adv,,"OpticalPowerLowWarningMaskTx<i> Mask for OpticalPowerLowWarningFlagTx<i>, media lane <i> Advertisement: 01h:160.1",,8-81,Not in SONiC,
OpticalPowerLowWarningMaskTx3,OpticalPowerLowWarningMaskTx3,0x10,221,1,0x04,Lane-banked,bool,,,,,RW,Normal,Adv,,"OpticalPowerLowWarningMaskTx<i> Mask for OpticalPowerLowWarningFlagTx<i>, media lane <i> Advertisement: 01h:160.1",,8-81,Not in SONiC,
OpticalPowerLowWarningMaskTx2,OpticalPowerLowWarningMaskTx2,0x10,221,1,0x02,Lane-banked,bool,,,,,RW,Normal,Adv,,"OpticalPowerLowWarningMaskTx<i> Mask for OpticalPowerLowWarningFlagTx<i>, media lane <i> Advertisement: 01h:160.1",,8-81,Not in SONiC,
OpticalPowerLowWarningMaskTx1,OpticalPowerLowWarningMaskTx1,0x10,221,1,0x01,Lane-banked,bool,,,,,RW,Normal,Adv,,"OpticalPowerLowWarningMaskTx<i> Mask for OpticalPowerLowWarningFlagTx<i>, media lane <i> Advertisement: 01h:160.1",,8-81,Not in SONiC,
LaserBiasHighAlarmMaskTx8,LaserBiasHighAlarmMaskTx8,0x10,222,1,0x80,Lane-banked,bool,,,,,RW,Normal,Adv,,"LaserBiasHighAlarmMaskTx<i> Mask for LaserBiasHighAlarmFlagTx<i>, media lane <i> A dvertisement: 01h:160.0",,8-81,Not in SONiC,
LaserBiasHighAlarmMaskTx7,LaserBiasHighAlarmMaskTx7,0x10,222,1,0x40,Lane-banked,bool,,,,,RW,Normal,Adv,,"LaserBiasHighAlarmMaskTx<i> Mask for LaserBiasHighAlarmFlagTx<i>, media lane <i> A dvertisement: 01h:160.0",,8-81,Not in SONiC,
LaserBiasHighAlarmMaskTx6,LaserBiasHighAlarmMaskTx6,0x10,222,1,0x20,Lane-banked,bool,,,,,RW,Normal,Adv,,"LaserBiasHighAlarmMaskTx<i> Mask for LaserBiasHighAlarmFlagTx<i>, media lane <i> A dvertisement: 01h:160.0",,8-81,Not in SONiC,
LaserBiasHighAlarmMaskTx5,LaserBiasHighAlarmMaskTx5,0x10,222,1,0x10,Lane-banked,bool,,,,,RW,Normal,Adv,,"LaserBiasHighAlarmMaskTx<i> Mask for LaserBiasHighAlarmFlagTx<i>, media lane <i> A dvertisement: 01h:160.0",,8-81,Not in SONiC,
LaserBiasHighAlarmMaskTx4,LaserBiasHighAlarmMaskTx4,0x10,222,1,0x08,Lane-banked,bool,,,,,RW,Normal,Adv,,"LaserBiasHighAlarmMaskTx<i> Mask for LaserBiasHighAlarmFlagTx<i>, media lane <i> A dvertisement: 01h:160.0",,8-81,Not in SONiC,
LaserBiasHighAlarmMaskTx3,LaserBiasHighAlarmMaskTx3,0x10,222,1,0x04,Lane-banked,bool,,,,,RW,Normal,Adv,,"LaserBiasHighAlarmMaskTx<i> Mask for LaserBiasHighAlarmFlagTx<i>, media lane <i> A dvertisement: 01h:160.0",,8-81,Not in SONiC,
LaserBiasHighAlarmMaskTx2,LaserBiasHighAlarmMaskTx2,0x10,222,1,0x02,Lane-banked,bool,,,,,RW,Normal,Adv,,"LaserBiasHighAlarmMaskTx<i> Mask for LaserBiasHighAlarmFlagTx<i>, media lane <i> A dvertisement: 01h:160.0",,8-81,Not in SONiC,
LaserBiasHighAlarmMaskTx1,LaserBiasHighAlarmMaskTx1,0x10,222,1,0x01,Lane-banked,bool,,,,,RW,Normal,Adv,,"LaserBiasHighAlarmMaskTx<i> Mask for LaserBiasHighAlarmFlagTx<i>, media lane <i> A dvertisement: 01h:160.0",,8-81,Not in SONiC,
LaserBiasLowAlarmMaskTx8,LaserBiasLowAlarmMaskTx8,0x10,223,1,0x80,Lane-banked,bool,,,,,RW,Normal,Adv,,"LaserBiasLowAlarmMaskTx<i> Mask for LaserBiasLowAlarmFlagTx<i>, media lane <i> Advertisement: 01h:160.0",,8-81,Not in SONiC,
LaserBiasLowAlarmMaskTx7,LaserBiasLowAlarmMaskTx7,0x10,223,1,0x40,Lane-banked,bool,,,,,RW,Normal,Adv,,"LaserBiasLowAlarmMaskTx<i> Mask for LaserBiasLowAlarmFlagTx<i>, media lane <i> Advertisement: 01h:160.0",,8-81,Not in SONiC,
LaserBiasLowAlarmMaskTx6,LaserBiasLowAlarmMaskTx6,0x10,223,1,0x20,Lane-banked,bool,,,,,RW,Normal,Adv,,"LaserBiasLowAlarmMaskTx<i> Mask for LaserBiasLowAlarmFlagTx<i>, media lane <i> Advertisement: 01h:160.0",,8-81,Not in SONiC,
LaserBiasLowAlarmMaskTx5,LaserBiasLowAlarmMaskTx5,0x10,223,1,0x10,Lane-banked,bool,,,,,RW,Normal,Adv,,"LaserBiasLowAlarmMaskTx<i> Mask for LaserBiasLowAlarmFlagTx<i>, media lane <i> Advertisement: 01h:160.0",,8-81,Not in SONiC,
LaserBiasLowAlarmMaskTx4,LaserBiasLowAlarmMaskTx4,0x10,223,1,0x08,Lane-banked,bool,,,,,RW,Normal,Adv,,"LaserBiasLowAlarmMaskTx<i> Mask for LaserBiasLowAlarmFlagTx<i>, media lane <i> Advertisement: 01h:160.0",,8-81,Not in SONiC,
LaserBiasLowAlarmMaskTx3,LaserBiasLowAlarmMaskTx3,0x10,223,1,0x04,Lane-banked,bool,,,,,RW,Normal,Adv,,"LaserBiasLowAlarmMaskTx<i> Mask for LaserBiasLowAlarmFlagTx<i>, media lane <i> Advertisement: 01h:160.0",,8-81,Not in SONiC,
LaserBiasLowAlarmMaskTx2,LaserBiasLowAlarmMaskTx2,0x10,223,1,0x02,Lane-banked,bool,,,,,RW,Normal,Adv,,"LaserBiasLowAlarmMaskTx<i> Mask for LaserBiasLowAlarmFlagTx<i>, media lane <i> Advertisement: 01h:160.0",,8-81,Not in SONiC,
LaserBiasLowAlarmMaskTx1,LaserBiasLowAlarmMaskTx1,0x10,223,1,0x01,Lane-banked,bool,,,,,RW,Normal,Adv,,"LaserBiasLowAlarmMaskTx<i> Mask for LaserBiasLowAlarmFlagTx<i>, media lane <i> Advertisement: 01h:160.0",,8-81,Not in SONiC,
LaserBiasHighWarningMaskTx8,LaserBiasHighWarningMaskTx8,0x10,224,1,0x80,Lane-banked,bool,,,,,RW,Normal,Adv,,"LaserBiasHighWarningMaskTx<i> Mask for LaserBiasHighWarningFlagTx<i>, media lane <i> Advertisement: 01h:160.0",,8-81,Not in SONiC,
LaserBiasHighWarningMaskTx7,LaserBiasHighWarningMaskTx7,0x10,224,1,0x40,Lane-banked,bool,,,,,RW,Normal,Adv,,"LaserBiasHighWarningMaskTx<i> Mask for LaserBiasHighWarningFlagTx<i>, media lane <i> Advertisement: 01h:160.0",,8-81,Not in SONiC,
LaserBiasHighWarningMaskTx6,LaserBiasHighWarningMaskTx6,0x10,224,1,0x20,Lane-banked,bool,,,,,RW,Normal,Adv,,"LaserBiasHighWarningMaskTx<i> Mask for LaserBiasHighWarningFlagTx<i>, media lane <i> Advertisement: 01h:160.0",,8-81,Not in SONiC,
LaserBiasHighWarningMaskTx5,LaserBiasHighWarningMaskTx5,0x10,224,1,0x10,Lane-banked,bool,,,,,RW,Normal,Adv,,"LaserBiasHighWarningMaskTx<i> Mask for LaserBiasHighWarningFlagTx<i>, media lane <i> Advertisement: 01h:160.0",,8-81,Not in SONiC,
LaserBiasHighWarningMaskTx4,LaserBiasHighWarningMaskTx4,0x10,224,1,0x08,Lane-banked,bool,,,,,RW,Normal,Adv,,"LaserBiasHighWarningMaskTx<i> Mask for LaserBiasHighWarningFlagTx<i>, media lane <i> Advertisement: 01h:160.0",,8-81,Not in SONiC,
LaserBiasHighWarningMaskTx3,LaserBiasHighWarningMaskTx3,0x10,224,1,0x04,Lane-banked,bool,,,,,RW,Normal,Adv,,"LaserBiasHighWarningMaskTx<i> Mask for LaserBiasHighWarningFlagTx<i>, media lane <i> Advertisement: 01h:160.0",,8-81,Not in SONiC,
LaserBiasHighWarningMaskTx2,LaserBiasHighWarningMaskTx2,0x10,224,1,0x02,Lane-banked,bool,,,,,RW,Normal,Adv,,"LaserBiasHighWarningMaskTx<i> Mask for LaserBiasHighWarningFlagTx<i>, media lane <i> Advertisement: 01h:160.0",,8-81,Not in SONiC,
LaserBiasHighWarningMaskTx1,LaserBiasHighWarningMaskTx1,0x10,224,1,0x01,Lane-banked,bool,,,,,RW,Normal,Adv,,"LaserBiasHighWarningMaskTx<i> Mask for LaserBiasHighWarningFlagTx<i>, media lane <i> Advertisement: 01h:160.0",,8-81,Not in SONiC,
LaserBiasLowWarningMaskTx8,LaserBiasLowWarningMaskTx8,0x10,225,1,0x80,Lane-banked,bool,,,,,RW,Normal,Adv,,"LaserBiasLowWarningMaskTx<i> Mask for LaserBiasLowWarningFlagTx<i>, media lane <i> Advertisement: 01h:160.0",,8-81,Not in SONiC,
LaserBiasLowWarningMaskTx7,LaserBiasLowWarningMaskTx7,0x10,225,1,0x40,Lane-banked,bool,,,,,RW,Normal,Adv,,"LaserBiasLowWarningMaskTx<i> Mask for LaserBiasLowWarningFlagTx<i>, media lane <i> Advertisement: 01h:160.0",,8-81,Not in SONiC,
LaserBiasLowWarningMaskTx6,LaserBiasLowWarningMaskTx6,0x10,225,1,0x20,Lane-banked,bool,,,,,RW,Normal,Adv,,"LaserBiasLowWarningMaskTx<i> Mask for LaserBiasLowWarningFlagTx<i>, media lane <i> Advertisement: 01h:160.0",,8-81,Not in SONiC,
LaserBiasLowWarningMaskTx5,LaserBiasLowWarningMaskTx5,0x10,225,1,0x10,Lane-banked,bool,,,,,RW,Normal,Adv,,"LaserBiasLowWarningMaskTx<i> Mask for LaserBiasLowWarningFlagTx<i>, media lane <i> Advertisement: 01h:160.0",,8-81,Not in SONiC,
LaserBiasLowWarningMaskTx4,LaserBiasLowWarningMaskTx4,0x10,225,1,0x08,Lane-banked,bool,,,,,RW,Normal,Adv,,"LaserBiasLowWarningMaskTx<i> Mask for LaserBiasLowWarningFlagTx<i>, media lane <i> Advertisement: 01h:160.0",,8-81,Not in SONiC,
LaserBiasLowWarningMaskTx3,LaserBiasLowWarningMaskTx3,0x10,225,1,0x04,Lane-banked,bool,,,,,RW,Normal,Adv,,"LaserBiasLowWarningMaskTx<i> Mask for LaserBiasLowWarningFlagTx<i>, media lane <i> Advertisement: 01h:160.0",,8-81,Not in SONiC,
LaserBiasLowWarningMaskTx2,LaserBiasLowWarningMaskTx2,0x10,225,1,0x02,Lane-banked,bool,,,,,RW,Normal,Adv,,"LaserBiasLowWarningMaskTx<i> Mask for LaserBiasLowWarningFlagTx<i>, media lane <i> Advertisement: 01h:160.0",,8-81,Not in SONiC,
LaserBiasLowWarningMaskTx1,LaserBiasLowWarningMaskTx1,0x10,225,1,0x01,Lane-banked,bool,,,,,RW,Normal,Adv,,"LaserBiasLowWarningMaskTx<i> Mask for LaserBiasLowWarningFlagTx<i>, media lane <i> Advertisement: 01h:160.0",,8-81,Not in SONiC,
LOSMaskRx8,LOSMaskRx8,0x10,226,1,0x80,Lane-banked,bool,,,,,RW,Normal,Adv,,"LOSMaskRx<i> Mask for LOSFlagRx<i>, media lane <i>",,8-81,Not in SONiC,
LOSMaskRx7,LOSMaskRx7,0x10,226,1,0x40,Lane-banked,bool,,,,,RW,Normal,Adv,,"LOSMaskRx<i> Mask for LOSFlagRx<i>, media lane <i>",,8-81,Not in SONiC,
LOSMaskRx6,LOSMaskRx6,0x10,226,1,0x20,Lane-banked,bool,,,,,RW,Normal,Adv,,"LOSMaskRx<i> Mask for LOSFlagRx<i>, media lane <i>",,8-81,Not in SONiC,
LOSMaskRx5,LOSMaskRx5,0x10,226,1,0x10,Lane-banked,bool,,,,,RW,Normal,Adv,,Advertisement: 01h:158.1,,8-81,Not in SONiC,
LOSMaskRx4,LOSMaskRx4,0x10,226,1,0x08,Lane-banked,bool,,,,,RW,Normal,Adv,,Advertisement: 01h:158.1,,8-81,Not in SONiC,
LOSMaskRx3,LOSMaskRx3,0x10,226,1,0x04,Lane-banked,bool,,,,,RW,Normal,Adv,,Advertisement: 01h:158.1,,8-81,Not in SONiC,
LOSMaskRx2,LOSMaskRx2,0x10,226,1,0x02,Lane-banked,bool,,,,,RW,Normal,Adv,,Advertisement: 01h:158.1,,8-81,Not in SONiC,
LOSMaskRx1,LOSMaskRx1,0x10,226,1,0x01,Lane-banked,bool,,,,,RW,Normal,Adv,,Advertisement: 01h:158.1,,8-81,Not in SONiC,
CDRLOLMaskRx8,CDRLOLMaskRx8,0x10,227,1,0x80,Lane-banked,bool,,,,,RW,Normal,Adv,,"CDRLOLMaskRx<i> Mask for CDRLOLFlagRx<i>, media lane <i> Advertisement: 01h:158.2",,8-81,Not in SONiC,
CDRLOLMaskRx7,CDRLOLMaskRx7,0x10,227,1,0x40,Lane-banked,bool,,,,,RW,Normal,Adv,,"CDRLOLMaskRx<i> Mask for CDRLOLFlagRx<i>, media lane <i> Advertisement: 01h:158.2",,8-81,Not in SONiC,
CDRLOLMaskRx6,CDRLOLMaskRx6,0x10,227,1,0x20,Lane-banked,bool,,,,,RW,Normal,Adv,,"CDRLOLMaskRx<i> Mask for CDRLOLFlagRx<i>, media lane <i> Advertisement: 01h:158.2",,8-81,Not in SONiC,
CDRLOLMaskRx5,CDRLOLMaskRx5,0x10,227,1,0x10,Lane-banked,bool,,,,,RW,Normal,Adv,,"CDRLOLMaskRx<i> Mask for CDRLOLFlagRx<i>, media lane <i> Advertisement: 01h:158.2",,8-81,Not in SONiC,
CDRLOLMaskRx4,CDRLOLMaskRx4,0x10,227,1,0x08,Lane-banked,bool,,,,,RW,Normal,Adv,,"CDRLOLMaskRx<i> Mask for CDRLOLFlagRx<i>, media lane <i> Advertisement: 01h:158.2",,8-81,Not in SONiC,
CDRLOLMaskRx3,CDRLOLMaskRx3,0x10,227,1,0x04,Lane-banked,bool,,,,,RW,Normal,Adv,,"CDRLOLMaskRx<i> Mask for CDRLOLFlagRx<i>, media lane <i> Advertisement: 01h:158.2",,8-81,Not in SONiC,
CDRLOLMaskRx2,CDRLOLMaskRx2,0x10,227,1,0x02,Lane-banked,bool,,,,,RW,Normal,Adv,,"CDRLOLMaskRx<i> Mask for CDRLOLFlagRx<i>, media lane <i> Advertisement: 01h:158.2",,8-81,Not in SONiC,
CDRLOLMaskRx1,CDRLOLMaskRx1,0x10,227,1,0x01,Lane-banked,bool,,,,,RW,Normal,Adv,,"CDRLOLMaskRx<i> Mask for CDRLOLFlagRx<i>, media lane <i> Advertisement: 01h:158.2",,8-81,Not in SONiC,
OpticalPowerHighAlarmMaskRx8,OpticalPowerHighAlarmMaskRx8,0x10,228,1,0x80,Lane-banked,bool,,,,,RW,Normal,Adv,,"OpticalPowerHighAlarmMaskRx<i> Mask for OpticalPowerHighAlarmFlagRx<i>, media lane <i> A dvertisement: 01h:160.2",,8-81,Not in SONiC,
OpticalPowerHighAlarmMaskRx7,OpticalPowerHighAlarmMaskRx7,0x10,228,1,0x40,Lane-banked,bool,,,,,RW,Normal,Adv,,"OpticalPowerHighAlarmMaskRx<i> Mask for OpticalPowerHighAlarmFlagRx<i>, media lane <i> A dvertisement: 01h:160.2",,8-81,Not in SONiC,
OpticalPowerHighAlarmMaskRx6,OpticalPowerHighAlarmMaskRx6,0x10,228,1,0x20,Lane-banked,bool,,,,,RW,Normal,Adv,,"OpticalPowerHighAlarmMaskRx<i> Mask for OpticalPowerHighAlarmFlagRx<i>, media lane <i> A dvertisement: 01h:160.2",,8-81,Not in SONiC,
OpticalPowerHighAlarmMaskRx5,OpticalPowerHighAlarmMaskRx5,0x10,228,1,0x10,Lane-banked,bool,,,,,RW,Normal,Adv,,"OpticalPowerHighAlarmMaskRx<i> Mask for OpticalPowerHighAlarmFlagRx<i>, media lane <i> A dvertisement: 01h:160.2",,8-81,Not in SONiC,
OpticalPowerHighAlarmMaskRx4,OpticalPowerHighAlarmMaskRx4,0x10,228,1,0x08,Lane-banked,bool,,,,,RW,Normal,Adv,,"OpticalPowerHighAlarmMaskRx<i> Mask for OpticalPowerHighAlarmFlagRx<i>, media lane <i> A dvertisement: 01h:160.2",,8-81,Not in SONiC,
OpticalPowerHighAlarmMaskRx3,OpticalPowerHighAlarmMaskRx3,0x10,228,1,0x04,Lane-banked,bool,,,,,RW,Normal,Adv,,"OpticalPowerHighAlarmMaskRx<i> Mask for OpticalPowerHighAlarmFlagRx<i>, media lane <i> A dvertisement: 01h:160.2",,8-81,Not in SONiC,
OpticalPowerHighAlarmMaskRx2,OpticalPowerHighAlarmMaskRx2,0x10,228,1,0x02,Lane-banked,bool,,,,,RW,Normal,Adv,,"OpticalPowerHighAlarmMaskRx<i> Mask for OpticalPowerHighAlarmFlagRx<i>, media lane <i> A dvertisement: 01h:160.2",,8-81,Not in SONiC,
OpticalPowerHighAlarmMaskRx1,OpticalPowerHighAlarmMaskRx1,0x10,228,1,0x01,Lane-banked,bool,,,,,RW,Normal,Adv,,"OpticalPowerHighAlarmMaskRx<i> Mask for OpticalPowerHighAlarmFlagRx<i>, media lane <i> A dvertisement: 01h:160.2",,8-81,Not in SONiC,
OpticalPowerLowAlarmMaskRx8,OpticalPowerLowAlarmMaskRx8,0x10,229,1,0x80,Lane-banked,bool,,,,,RW,Normal,Adv,,"OpticalPowerLowAlarmMaskRx<i> Mask for OpticalPowerLowAlarmFlagRx<i>, media lane <i> Advertisement: 01h:160.2",,8-81,Not in SONiC,
OpticalPowerLowAlarmMaskRx7,OpticalPowerLowAlarmMaskRx7,0x10,229,1,0x40,Lane-banked,bool,,,,,RW,Normal,Adv,,"OpticalPowerLowAlarmMaskRx<i> Mask for OpticalPowerLowAlarmFlagRx<i>, media lane <i> Advertisement: 01h:160.2",,8-81,Not in SONiC,
OpticalPowerLowAlarmMaskRx6,OpticalPowerLowAlarmMaskRx6,0x10,229,1,0x20,Lane-banked,bool,,,,,RW,Normal,Adv,,"OpticalPowerLowAlarmMaskRx<i> Mask for OpticalPowerLowAlarmFlagRx<i>, media lane <i> Advertisement: 01h:160.2",,8-81,Not in SONiC,
OpticalPowerLowAlarmMaskRx5,OpticalPowerLowAlarmMaskRx5,0x10,229,1,0x10,Lane-banked,bool,,,,,RW,Normal,Adv,,"OpticalPowerLowAlarmMaskRx<i> Mask for OpticalPowerLowAlarmFlagRx<i>, media lane <i> Advertisement: 01h:160.2",,8-81,Not in SONiC,
OpticalPowerLowAlarmMaskRx4,OpticalPowerLowAlarmMaskRx4,0x10,229,1,0x08,Lane-banked,bool,,,,,RW,Normal,Adv,,"OpticalPowerLowAlarmMaskRx<i> Mask for OpticalPowerLowAlarmFlagRx<i>, media lane <i> Advertisement: 01h:160.2",,8-81,Not in SONiC,
OpticalPowerLowAlarmMaskRx3,OpticalPowerLowAlarmMaskRx3,0x10,229,1,0x04,Lane-banked,bool,,,,,RW,Normal,Adv,,"OpticalPowerLowAlarmMaskRx<i> Mask for OpticalPowerLowAlarmFlagRx<i>, media lane <i> Advertisement: 01h:160.2",,8-81,Not in SONiC,
OpticalPowerLowAlarmMaskRx2,OpticalPowerLowAlarmMaskRx2,0x10,229,1,0x02,Lane-banked,bool,,,,,RW,Normal,Adv,,"OpticalPowerLowAlarmMaskRx<i> Mask for OpticalPowerLowAlarmFlagRx<i>, media lane <i> Advertisement: 01h:160.2",,8-81,Not in SONiC,
OpticalPowerLowAlarmMaskRx1,OpticalPowerLowAlarmMaskRx1,0x10,229,1,0x01,Lane-banked,bool,,,,,RW,Normal,Adv,,"OpticalPowerLowAlarmMaskRx<i> Mask for OpticalPowerLowAlarmFlagRx<i>, media lane <i> Advertisement: 01h:160.2",,8-81,Not in SONiC,
OpticalPowerHighWarningMaskRx8,OpticalPowerHighWarningMaskRx8,0x10,230,1,0x80,Lane-banked,bool,,,,,RW,Normal,Adv,,"OpticalPowerHighWarningMaskRx<i> Mask for OpticalPowerHighWarningFlagRx<i>, media lane <i> Advertisement: 01h:160.2",,8-81,Not in SONiC,
OpticalPowerHighWarningMaskRx7,OpticalPowerHighWarningMaskRx7,0x10,230,1,0x40,Lane-banked,bool,,,,,RW,Normal,Adv,,"OpticalPowerHighWarningMaskRx<i> Mask for OpticalPowerHighWarningFlagRx<i>, media lane <i> Advertisement: 01h:160.2",,8-81,Not in SONiC,
OpticalPowerHighWarningMaskRx6,OpticalPowerHighWarningMaskRx6,0x10,230,1,0x20,Lane-banked,bool,,,,,RW,Normal,Adv,,"OpticalPowerHighWarningMaskRx<i> Mask for OpticalPowerHighWarningFlagRx<i>, media lane <i> Advertisement: 01h:160.2",,8-81,Not in SONiC,
OpticalPowerHighWarningMaskRx5,OpticalPowerHighWarningMaskRx5,0x10,230,1,0x10,Lane-banked,bool,,,,,RW,Normal,Adv,,"OpticalPowerHighWarningMaskRx<i> Mask for OpticalPowerHighWarningFlagRx<i>, media lane <i> Advertisement: 01h:160.2",,8-81,Not in SONiC,
OpticalPowerHighWarningMaskRx4,OpticalPowerHighWarningMaskRx4,0x10,230,1,0x08,Lane-banked,bool,,,,,RW,Normal,Adv,,"OpticalPowerHighWarningMaskRx<i> Mask for OpticalPowerHighWarningFlagRx<i>, media lane <i> Advertisement: 01h:160.2",,8-81,Not in SONiC,
OpticalPowerHighWarningMaskRx3,OpticalPowerHighWarningMaskRx3,0x10,230,1,0x04,Lane-banked,bool,,,,,RW,Normal,Adv,,"OpticalPowerHighWarningMaskRx<i> Mask for OpticalPowerHighWarningFlagRx<i>, media lane <i> Advertisement: 01h:160.2",,8-81,Not in SONiC,
OpticalPowerHighWarningMaskRx2,OpticalPowerHighWarningMaskRx2,0x10,230,1,0x02,Lane-banked,bool,,,,,RW,Normal,Adv,,"OpticalPowerHighWarningMaskRx<i> Mask for OpticalPowerHighWarningFlagRx<i>, media lane <i> Advertisement: 01h:160.2",,8-81,Not in SONiC,
OpticalPowerHighWarningMaskRx1,OpticalPowerHighWarningMaskRx1,0x10,230,1,0x01,Lane-banked,bool,,,,,RW,Normal,Adv,,"OpticalPowerHighWarningMaskRx<i> Mask for OpticalPowerHighWarningFlagRx<i>, media lane <i> Advertisement: 01h:160.2",,8-81,Not in SONiC,
OpticalPowerLowWarningMaskRx8,OpticalPowerLowWarningMaskRx8,0x10,231,1,0x80,Lane-banked,bool,,,,,RW,Normal,Adv,,"OpticalPowerLowWarningMaskRx<i> Mask for OpticalPowerLowWarningFlagRx<i>, media lane <i> Advertisement: 01h:160.2",,8-81,Not in SONiC,
OpticalPowerLowWarningMaskRx7,OpticalPowerLowWarningMaskRx7,0x10,231,1,0x40,Lane-banked,bool,,,,,RW,Normal,Adv,,"OpticalPowerLowWarningMaskRx<i> Mask for OpticalPowerLowWarningFlagRx<i>, media lane <i> Advertisement: 01h:160.2",,8-81,Not in SONiC,
OpticalPowerLowWarningMaskRx6,OpticalPowerLowWarningMaskRx6,0x10,231,1,0x20,Lane-banked,bool,,,,,RW,Normal,Adv,,"OpticalPowerLowWarningMaskRx<i> Mask for OpticalPowerLowWarningFlagRx<i>, media lane <i> Advertisement: 01h:160.2",,8-81,Not in SONiC,
OpticalPowerLowWarningMaskRx5,OpticalPowerLowWarningMaskRx5,0x10,231,1,0x10,Lane-banked,bool,,,,,RW,Normal,Adv,,"OpticalPowerLowWarningMaskRx<i> Mask for OpticalPowerLowWarningFlagRx<i>, media lane <i> Advertisement: 01h:160.2",,8-81,Not in SONiC,
OpticalPowerLowWarningMaskRx4,OpticalPowerLowWarningMaskRx4,0x10,231,1,0x08,Lane-banked,bool,,,,,RW,Normal,Adv,,"OpticalPowerLowWarningMaskRx<i> Mask for OpticalPowerLowWarningFlagRx<i>, media lane <i> Advertisement: 01h:160.2",,8-81,Not in SONiC,
OpticalPowerLowWarningMaskRx3,OpticalPowerLowWarningMaskRx3,0x10,231,1,0x04,Lane-banked,bool,,,,,RW,Normal,Adv,,"OpticalPowerLowWarningMaskRx<i> Mask for OpticalPowerLowWarningFlagRx<i>, media lane <i> Advertisement: 01h:160.2",,8-81,Not in SONiC,
OpticalPowerLowWarningMaskRx2,OpticalPowerLowWarningMaskRx2,0x10,231,1,0x02,Lane-banked,bool,,,,,RW,Normal,Adv,,"OpticalPowerLowWarningMaskRx<i> Mask for OpticalPowerLowWarningFlagRx<i>, media lane <i> Advertisement: 01h:160.2",,8-81,Not in SONiC,
OpticalPowerLowWarningMaskRx1,OpticalPowerLowWarningMaskRx1,0x10,231,1,0x01,Lane-banked,bool,,,,,RW,Normal,Adv,,"OpticalPowerLowWarningMaskRx<i> Mask for OpticalPowerLowWarningFlagRx<i>, media lane <i> Advertisement: 01h:160.2",,8-81,Not in SONiC,
OutputStatusChangedMaskRx8,OutputStatusChangedMaskRx8,0x10,232,1,0x80,Lane-banked,bool,,,,,RW,Normal,Rqd,,"OutputStatusChangedMaskRx<i> Mask for OutputStatusChangedFlagRx<i>, media lane <i>",,8-81,Not in SONiC,
OutputStatusChangedMaskRx7,OutputStatusChangedMaskRx7,0x10,232,1,0x40,Lane-banked,bool,,,,,RW,Normal,Rqd,,"OutputStatusChangedMaskRx<i> Mask for OutputStatusChangedFlagRx<i>, media lane <i>",,8-81,Not in SONiC,
OutputStatusChangedMaskRx6,OutputStatusChangedMaskRx6,0x10,232,1,0x20,Lane-banked,bool,,,,,RW,Normal,Rqd,,"OutputStatusChangedMaskRx<i> Mask for OutputStatusChangedFlagRx<i>, media lane <i>",,8-81,Not in SONiC,
OutputStatusChangedMaskRx5,OutputStatusChangedMaskRx5,0x10,232,1,0x10,Lane-banked,bool,,,,,RW,Normal,Rqd,,"OutputStatusChangedMaskRx<i> Mask for OutputStatusChangedFlagRx<i>, media lane <i>",,8-81,Not in SONiC,
OutputStatusChangedMaskRx4,OutputStatusChangedMaskRx4,0x10,232,1,0x08,Lane-banked,bool,,,,,RW,Normal,Rqd,,"OutputStatusChangedMaskRx<i> Mask for OutputStatusChangedFlagRx<i>, media lane <i>",,8-81,Not in SONiC,
OutputStatusChangedMaskRx3,OutputStatusChangedMaskRx3,0x10,232,1,0x04,Lane-banked,bool,,,,,RW,Normal,Rqd,,"OutputStatusChangedMaskRx<i> Mask for OutputStatusChangedFlagRx<i>, media lane <i>",,8-81,Not in SONiC,
OutputStatusChangedMaskRx2,OutputStatusChangedMaskRx2,0x10,232,1,0x02,Lane-banked,bool,,,,,RW,Normal,Rqd,,"OutputStatusChangedMaskRx<i> Mask for OutputStatusChangedFlagRx<i>, media lane <i>",,8-81,Not in SONiC,
OutputStatusChangedMaskRx1,OutputStatusChangedMaskRx1,0x10,232,1,0x01,Lane-banked,bool,,,,,RW,Normal,Rqd,,"OutputStatusChangedMaskRx<i> Mask for OutputStatusChangedFlagRx<i>, media lane <i>",,8-81,Not in SONiC,
DPStateHostLane2,DPStateHostLane2,0x11,128,1,0xF0,Lane-banked,enum4,,,,,RO,Normal,Rqd,,Data Path State of host lane 2 (see Table 8-84),,8-83,Agrees,DP2State
DPStateHostLane1,DPStateHostLane1,0x11,128,1,0x0F,Lane-banked,enum4,,,,,RO,Normal,Rqd,,Data Path State of host lane 1 (see Table 8-84),,8-83,Agrees,DP1State
DPStateHostLane4,DPStateHostLane4,0x11,129,1,0xF0,Lane-banked,enum4,,,,,RO,Normal,Rqd,,Data Path State of host lane 4 (see Table 8-84),,8-83,Agrees,DP4State
DPStateHostLane3,DPStateHostLane3,0x11,129,1,0x0F,Lane-banked,enum4,,,,,RO,Normal,Rqd,,Data Path State of host lane 3 (see Table 8-84),,8-83,Agrees,DP3State
DPStateHostLane6,DPStateHostLane6,0x11,130,1,0xF0,Lane-banked,enum4,,,,,RO,Normal,Rqd,,Data Path State of host lane 6 (see Table 8-84),,8-83,Agrees,DP6State
DPStateHostLane5,DPStateHostLane5,0x11,130,1,0x0F,Lane-banked,enum4,,,,,RO,Normal,Rqd,,Data Path State of host lane 5 (see Table 8-84),,8-83,Agrees,DP5State
DPStateHostLane8,DPStateHostLane8,0x11,131,1,0xF0,Lane-banked,enum4,,,,,RO,Normal,Rqd,,Data Path State of host lane 8 (see Table 8-84),,8-83,Agrees,DP8State
DPStateHostLane7,DPStateHostLane7,0x11,131,1,0x0F,Lane-banked,enum4,,,,,RO,Normal,Rqd,,Data Path State of host lane 7 (see Table 8-84),,8-83,Agrees,DP7State
OutputStatusRx8,OutputStatusRx8,0x11,132,1,0x80,Lane-banked,bool,,,,,RO,Normal,Rqd,,OutputStatusRx<i> 0b: Rx<i> output signal invalid or muted 1b: Rx<i> output signal valid,,8-85,Agrees,RxOutputStatus8
OutputStatusRx7,OutputStatusRx7,0x11,132,1,0x40,Lane-banked,bool,,,,,RO,Normal,Rqd,,OutputStatusRx<i> 0b: Rx<i> output signal invalid or muted 1b: Rx<i> output signal valid,,8-85,Agrees,RxOutputStatus7
OutputStatusRx6,OutputStatusRx6,0x11,132,1,0x20,Lane-banked,bool,,,,,RO,Normal,Rqd,,OutputStatusRx<i> 0b: Rx<i> output signal invalid or muted 1b: Rx<i> output signal valid,,8-85,Agrees,RxOutputStatus6
OutputStatusRx5,OutputStatusRx5,0x11,132,1,0x10,Lane-banked,bool,,,,,RO,Normal,Rqd,,OutputStatusRx<i> 0b: Rx<i> output signal invalid or muted 1b: Rx<i> output signal valid,,8-85,Agrees,RxOutputStatus5
OutputStatusRx4,OutputStatusRx4,0x11,132,1,0x08,Lane-banked,bool,,,,,RO,Normal,Rqd,,OutputStatusRx<i> 0b: Rx<i> output signal invalid or muted 1b: Rx<i> output signal valid,,8-85,Agrees,RxOutputStatus4
OutputStatusRx3,OutputStatusRx3,0x11,132,1,0x04,Lane-banked,bool,,,,,RO,Normal,Rqd,,OutputStatusRx<i> 0b: Rx<i> output signal invalid or muted 1b: Rx<i> output signal valid,,8-85,Agrees,RxOutputStatus3
OutputStatusRx2,OutputStatusRx2,0x11,132,1,0x02,Lane-banked,bool,,,,,RO,Normal,Rqd,,OutputStatusRx<i> 0b: Rx<i> output signal invalid or muted 1b: Rx<i> output signal valid,,8-85,Agrees,RxOutputStatus2
OutputStatusRx1,OutputStatusRx1,0x11,132,1,0x01,Lane-banked,bool,,,,,RO,Normal,Rqd,,OutputStatusRx<i> 0b: Rx<i> output signal invalid or muted 1b: Rx<i> output signal valid,,8-85,Agrees,RxOutputStatus1
OutputStatusTx8,OutputStatusTx8,0x11,133,1,0x80,Lane-banked,bool,,,,,RO,Normal,Rqd,,OutputStatusTx<i> 0b: Tx<i> output signal muted or invalid 1b: Tx<i> output signal valid,,8-85,Agrees,TxOutputStatus8
OutputStatusTx7,OutputStatusTx7,0x11,133,1,0x40,Lane-banked,bool,,,,,RO,Normal,Rqd,,OutputStatusTx<i> 0b: Tx<i> output signal muted or invalid 1b: Tx<i> output signal valid,,8-85,Agrees,TxOutputStatus7
OutputStatusTx6,OutputStatusTx6,0x11,133,1,0x20,Lane-banked,bool,,,,,RO,Normal,Rqd,,OutputStatusTx<i> 0b: Tx<i> output signal muted or invalid 1b: Tx<i> output signal valid,,8-85,Agrees,TxOutputStatus6
OutputStatusTx5,OutputStatusTx5,0x11,133,1,0x10,Lane-banked,bool,,,,,RO,Normal,Rqd,,OutputStatusTx<i> 0b: Tx<i> output signal muted or invalid 1b: Tx<i> output signal valid,,8-85,Agrees,TxOutputStatus5
OutputStatusTx4,OutputStatusTx4,0x11,133,1,0x08,Lane-banked,bool,,,,,RO,Normal,Rqd,,OutputStatusTx<i> 0b: Tx<i> output signal muted or invalid 1b: Tx<i> output signal valid,,8-85,Agrees,TxOutputStatus4
OutputStatusTx3,OutputStatusTx3,0x11,133,1,0x04,Lane-banked,bool,,,,,RO,Normal,Rqd,,OutputStatusTx<i> 0b: Tx<i> output signal muted or invalid 1b: Tx<i> output signal valid,,8-85,Agrees,TxOutputStatus3
OutputStatusTx2,OutputStatusTx2,0x11,133,1,0x02,Lane-banked,bool,,,,,RO,Normal,Rqd,,OutputStatusTx<i> 0b: Tx<i> output signal muted or invalid 1b: Tx<i> output signal valid,,8-85,Agrees,TxOutputStatus2
OutputStatusTx1,OutputStatusTx1,0x11,133,1,0x01,Lane-banked,bool,,,,,RO,Normal,Rqd,,OutputStatusTx<i> 0b: Tx<i> output signal muted or invalid 1b: Tx<i> output signal valid,,8-85,Agrees,TxOutputStatus1
DPStateChangedFlag8,DPStateChangedFlag8,0x11,134,1,0x80,Lane-banked,bool,,,,,RO,ClearOnRead,Rqd,,"DPStateChangedFlag<i> Latched Data Path State Changed Flag, host lane <i>",,8-86,Not in SONiC,
DPStateChangedFlag7,DPStateChangedFlag7,0x11,134,1,0x40,Lane-banked,bool,,,,,RO,ClearOnRead,Rqd,,"DPStateChangedFlag<i> Latched Data Path State Changed Flag, host lane <i>",,8-86,Not in SONiC,
DPStateChangedFlag6,DPStateChangedFlag6,0x11,134,1,0x20,Lane-banked,bool,,,,,RO,ClearOnRead,Rqd,,"DPStateChangedFlag<i> Latched Data Path State Changed Flag, host lane <i>",,8-86,Not in SONiC,
DPStateChangedFlag5,DPStateChangedFlag5,0x11,134,1,0x10,Lane-banked,bool,,,,,RO,ClearOnRead,Rqd,,"DPStateChangedFlag<i> Latched Data Path State Changed Flag, host lane <i>",,8-86,Not in SONiC,
DPStateChangedFlag4,DPStateChangedFlag4,0x11,134,1,0x08,Lane-banked,bool,,,,,RO,ClearOnRead,Rqd,,"DPStateChangedFlag<i> Latched Data Path State Changed Flag, host lane <i>",,8-86,Not in SONiC,
DPStateChangedFlag3,DPStateChangedFlag3,0x11,134,1,0x04,Lane-banked,bool,,,,,RO,ClearOnRead,Rqd,,"DPStateChangedFlag<i> Latched Data Path State Changed Flag, host lane <i>",,8-86,Not in SONiC,
DPStateChangedFlag2,DPStateChangedFlag2,0x11,134,1,0x02,Lane-banked,bool,,,,,RO,ClearOnRead,Rqd,,"DPStateChangedFlag<i> Latched Data Path State Changed Flag, host lane <i>",,8-86,Not in SONiC,
DPStateChangedFlag1,DPStateChangedFlag1,0x11,134,1,0x01,Lane-banked,bool,,,,,RO,ClearOnRead,Rqd,,"DPStateChangedFlag<i> Latched Data Path State Changed Flag, host lane <i>",,8-86,Not in SONiC,
FailureFlagTx8,FailureFlagTx8,0x11,135,1,0x80,Lane-banked,bool,,,,,RO,ClearOnRead,Adv,,"FailureFlagTx<i> Latched Tx Failure Flag, affecting media lane <i> This Flag indicates an internal failure that causes an unspecified malfunction in the Tx facility used by media lane <i>. Note: This Flag was formerly named Tx Fault. See glossary for definitions of Fault and Failure. Advertisement: 01h:157.0",,8-87,Agrees,TxFault8
FailureFlagTx7,FailureFlagTx7,0x11,135,1,0x40,Lane-banked,bool,,,,,RO,ClearOnRead,Adv,,"FailureFlagTx<i> Latched Tx Failure Flag, affecting media lane <i> This Flag indicates an internal failure that causes an unspecified malfunction in the Tx facility used by media lane <i>. Note: This Flag was formerly named Tx Fault. See glossary for definitions of Fault and Failure. Advertisement: 01h:157.0",,8-87,Agrees,TxFault7
FailureFlagTx6,FailureFlagTx6,0x11,135,1,0x20,Lane-banked,bool,,,,,RO,ClearOnRead,Adv,,"FailureFlagTx<i> Latched Tx Failure Flag, affecting media lane <i> This Flag indicates an internal failure that causes an unspecified malfunction in the Tx facility used by media lane <i>. Note: This Flag was formerly named Tx Fault. See glossary for definitions of Fault and Failure. Advertisement: 01h:157.0",,8-87,Agrees,TxFault6
FailureFlagTx5,FailureFlagTx5,0x11,135,1,0x10,Lane-banked,bool,,,,,RO,ClearOnRead,Adv,,"FailureFlagTx<i> Latched Tx Failure Flag, affecting media lane <i> This Flag indicates an internal failure that causes an unspecified malfunction in the Tx facility used by media lane <i>. Note: This Flag was formerly named Tx Fault. See glossary for definitions of Fault and Failure. Advertisement: 01h:157.0",,8-87,Agrees,TxFault5
FailureFlagTx4,FailureFlagTx4,0x11,135,1,0x08,Lane-banked,bool,,,,,RO,ClearOnRead,Adv,,"FailureFlagTx<i> Latched Tx Failure Flag, affecting media lane <i> This Flag indicates an internal failure that causes an unspecified malfunction in the Tx facility used by media lane <i>. Note: This Flag was formerly named Tx Fault. See glossary for definitions of Fault and Failure. Advertisement: 01h:157.0",,8-87,Agrees,TxFault4
FailureFlagTx3,FailureFlagTx3,0x11,135,1,0x04,Lane-banked,bool,,,,,RO,ClearOnRead,Adv,,"FailureFlagTx<i> Latched Tx Failure Flag, affecting media lane <i> This Flag indicates an internal failure that causes an unspecified malfunction in the Tx facility used by media lane <i>. Note: This Flag was formerly named Tx Fault. See glossary for definitions of Fault and Failure. Advertisement: 01h:157.0",,8-87,Agrees,TxFault3
FailureFlagTx2,FailureFlagTx2,0x11,135,1,0x02,Lane-banked,bool,,,,,RO,ClearOnRead,Adv,,"FailureFlagTx<i> Latched Tx Failure Flag, affecting media lane <i> This Flag indicates an internal failure that causes an unspecified malfunction in the Tx facility used by media lane <i>. Note: This Flag was formerly named Tx Fault. See glossary for definitions of Fault and Failure. Advertisement: 01h:157.0",,8-87,Agrees,TxFault2
FailureFlagTx1,FailureFlagTx1,0x11,135,1,0x01,Lane-banked,bool,,,,,RO,ClearOnRead,Adv,,"FailureFlagTx<i> Latched Tx Failure Flag, affecting media lane <i> This Flag indicates an internal failure that causes an unspecified malfunction in the Tx facility used by media lane <i>. Note: This Flag was formerly named Tx Fault. See glossary for definitions of Fault and Failure. Advertisement: 01h:157.0",,8-87,Agrees,TxFault1
LOSFlagTx8,LOSFlagTx8,0x11,136,1,0x80,Lane-banked,bool,,,,,RO,ClearOnRead,Adv,,"LOSFlagTx<i> Latched Tx LOS Flag, host lane <i> Advertisement: 01h:157.1",,8-87,Agrees,TxLOS8
LOSFlagTx7,LOSFlagTx7,0x11,136,1,0x40,Lane-banked,bool,,,,,RO,ClearOnRead,Adv,,"LOSFlagTx<i> Latched Tx LOS Flag, host lane <i> Advertisement: 01h:157.1",,8-87,Agrees,TxLOS7
LOSFlagTx6,LOSFlagTx6,0x11,136,1,0x20,Lane-banked,bool,,,,,RO,ClearOnRead,Adv,,"LOSFlagTx<i> Latched Tx LOS Flag, host lane <i> Advertisement: 01h:157.1",,8-87,Agrees,TxLOS6
LOSFlagTx5,LOSFlagTx5,0x11,136,1,0x10,Lane-banked,bool,,,,,RO,ClearOnRead,Adv,,"LOSFlagTx<i> Latched Tx LOS Flag, host lane <i> Advertisement: 01h:157.1",,8-87,Agrees,TxLOS5
LOSFlagTx4,LOSFlagTx4,0x11,136,1,0x08,Lane-banked,bool,,,,,RO,ClearOnRead,Adv,,"LOSFlagTx<i> Latched Tx LOS Flag, host lane <i> Advertisement: 01h:157.1",,8-87,Agrees,TxLOS4
LOSFlagTx3,LOSFlagTx3,0x11,136,1,0x04,Lane-banked,bool,,,,,RO,ClearOnRead,Adv,,"LOSFlagTx<i> Latched Tx LOS Flag, host lane <i> Advertisement: 01h:157.1",,8-87,Agrees,TxLOS3
LOSFlagTx2,LOSFlagTx2,0x11,136,1,0x02,Lane-banked,bool,,,,,RO,ClearOnRead,Adv,,"LOSFlagTx<i> Latched Tx LOS Flag, host lane <i> Advertisement: 01h:157.1",,8-87,Agrees,TxLOS2
LOSFlagTx1,LOSFlagTx1,0x11,136,1,0x01,Lane-banked,bool,,,,,RO,ClearOnRead,Adv,,"LOSFlagTx<i> Latched Tx LOS Flag, host lane <i> Advertisement: 01h:157.1",,8-87,Agrees,TxLOS1
CDRLOLFlagTx8,CDRLOLFlagTx8,0x11,137,1,0x80,Lane-banked,bool,,,,,RO,ClearOnRead,Adv,,"CDRLOLFlagTx<i> Latched Tx CDR LOL Flag, host lane <i> Advertisement: 01h:157.2",,8-87,Agrees,TxCDRLOL8
CDRLOLFlagTx7,CDRLOLFlagTx7,0x11,137,1,0x40,Lane-banked,bool,,,,,RO,ClearOnRead,Adv,,"CDRLOLFlagTx<i> Latched Tx CDR LOL Flag, host lane <i> Advertisement: 01h:157.2",,8-87,Agrees,TxCDRLOL7
CDRLOLFlagTx6,CDRLOLFlagTx6,0x11,137,1,0x20,Lane-banked,bool,,,,,RO,ClearOnRead,Adv,,"CDRLOLFlagTx<i> Latched Tx CDR LOL Flag, host lane <i> Advertisement: 01h:157.2",,8-87,Agrees,TxCDRLOL6
CDRLOLFlagTx5,CDRLOLFlagTx5,0x11,137,1,0x10,Lane-banked,bool,,,,,RO,ClearOnRead,Adv,,"CDRLOLFlagTx<i> Latched Tx CDR LOL Flag, host lane <i> Advertisement: 01h:157.2",,8-87,Agrees,TxCDRLOL5
CDRLOLFlagTx4,CDRLOLFlagTx4,0x11,137,1,0x08,Lane-banked,bool,,,,,RO,ClearOnRead,Adv,,"CDRLOLFlagTx<i> Latched Tx CDR LOL Flag, host lane <i> Advertisement: 01h:157.2",,8-87,Agrees,TxCDRLOL4
CDRLOLFlagTx3,CDRLOLFlagTx3,0x11,137,1,0x04,Lane-banked,bool,,,,,RO,ClearOnRead,Adv,,"CDRLOLFlagTx<i> Latched Tx CDR LOL Flag, host lane <i> Advertisement: 01h:157.2",,8-87,Agrees,TxCDRLOL3
CDRLOLFlagTx2,CDRLOLFlagTx2,0x11,137,1,0x02,Lane-banked,bool,,,,,RO,ClearOnRead,Adv,,"CDRLOLFlagTx<i> Latched Tx CDR LOL Flag, host lane <i> Advertisement: 01h:157.2",,8-87,Agrees,TxCDRLOL2
CDRLOLFlagTx1,CDRLOLFlagTx1,0x11,137,1,0x01,Lane-banked,bool,,,,,RO,ClearOnRead,Adv,,"CDRLOLFlagTx<i> Latched Tx CDR LOL Flag, host lane <i> Advertisement: 01h:157.2",,8-87,Agrees,TxCDRLOL1
AdaptiveInputEqFailFlagTx8,AdaptiveInputEqFailFlagTx8,0x11,138,1,0x80,Lane-banked,bool,,,,,RO,ClearOnRead,Adv,,"AdaptiveInputEqFailFlagTx<i> Latched Tx Adaptive Input Eq Fail, host lane <i> Advertisement: 01h:157.3",,8-87,Agrees,TxAdaptiveInputEqFailFlag8
AdaptiveInputEqFailFlagTx7,AdaptiveInputEqFailFlagTx7,0x11,138,1,0x40,Lane-banked,bool,,,,,RO,ClearOnRead,Adv,,"AdaptiveInputEqFailFlagTx<i> Latched Tx Adaptive Input Eq Fail, host lane <i> Advertisement: 01h:157.3",,8-87,Agrees,TxAdaptiveInputEqFailFlag7
AdaptiveInputEqFailFlagTx6,AdaptiveInputEqFailFlagTx6,0x11,138,1,0x20,Lane-banked,bool,,,,,RO,ClearOnRead,Adv,,"AdaptiveInputEqFailFlagTx<i> Latched Tx Adaptive Input Eq Fail, host lane <i> Advertisement: 01h:157.3",,8-87,Agrees,TxAdaptiveInputEqFailFlag6
AdaptiveInputEqFailFlagTx5,AdaptiveInputEqFailFlagTx5,0x11,138,1,0x10,Lane-banked,bool,,,,,RO,ClearOnRead,Adv,,"AdaptiveInputEqFailFlagTx<i> Latched Tx Adaptive Input Eq Fail, host lane <i> Advertisement: 01h:157.3",,8-87,Agrees,TxAdaptiveInputEqFailFlag5
AdaptiveInputEqFailFlagTx4,AdaptiveInputEqFailFlagTx4,0x11,138,1,0x08,Lane-banked,bool,,,,,RO,ClearOnRead,Adv,,"AdaptiveInputEqFailFlagTx<i> Latched Tx Adaptive Input Eq Fail, host lane <i> Advertisement: 01h:157.3",,8-87,Agrees,TxAdaptiveInputEqFailFlag4
AdaptiveInputEqFailFlagTx3,AdaptiveInputEqFailFlagTx3,0x11,138,1,0x04,Lane-banked,bool,,,,,RO,ClearOnRead,Adv,,"AdaptiveInputEqFailFlagTx<i> Latched Tx Adaptive Input Eq Fail, host lane <i> Advertisement: 01h:157.3",,8-87,Agrees,TxAdaptiveInputEqFailFlag3
AdaptiveInputEqFailFlagTx2,AdaptiveInputEqFailFlagTx2,0x11,138,1,0x02,Lane-banked,bool,,,,,RO,ClearOnRead,Adv,,"AdaptiveInputEqFailFlagTx<i> Latched Tx Adaptive Input Eq Fail, host lane <i> Advertisement: 01h:157.3",,8-87,Agrees,TxAdaptiveInputEqFailFlag2
AdaptiveInputEqFailFlagTx1,AdaptiveInputEqFailFlagTx1,0x11,138,1,0x01,Lane-banked,bool,,,,,RO,ClearOnRead,Adv,,"AdaptiveInputEqFailFlagTx<i> Latched Tx Adaptive Input Eq Fail, host lane <i> Advertisement: 01h:157.3",,8-87,Agrees,TxAdaptiveInputEqFailFlag1
OpticalPowerHighAlarmFlagTx8,OpticalPowerHighAlarmFlagTx8,0x11,139,1,0x80,Lane-banked,bool,,,,,RO,ClearOnRead,Adv,,"OpticalPowerHighAlarmFlagTx<i> Latched Tx output power High Alarm, media lane <i> Advertisement: 01h:160.1",,8-87,Agrees,TxPowerHighAlarmFlag8
OpticalPowerHighAlarmFlagTx7,OpticalPowerHighAlarmFlagTx7,0x11,139,1,0x40,Lane-banked,bool,,,,,RO,ClearOnRead,Adv,,"OpticalPowerHighAlarmFlagTx<i> Latched Tx output power High Alarm, media lane <i> Advertisement: 01h:160.1",,8-87,Agrees,TxPowerHighAlarmFlag7
OpticalPowerHighAlarmFlagTx6,OpticalPowerHighAlarmFlagTx6,0x11,139,1,0x20,Lane-banked,bool,,,,,RO,ClearOnRead,Adv,,"OpticalPowerHighAlarmFlagTx<i> Latched Tx output power High Alarm, media lane <i> Advertisement: 01h:160.1",,8-87,Agrees,TxPowerHighAlarmFlag6
OpticalPowerHighAlarmFlagTx5,OpticalPowerHighAlarmFlagTx5,0x11,139,1,0x10,Lane-banked,bool,,,,,RO,ClearOnRead,Adv,,"OpticalPowerHighAlarmFlagTx<i> Latched Tx output power High Alarm, media lane <i> Advertisement: 01h:160.1",,8-87,Agrees,TxPowerHighAlarmFlag5
OpticalPowerHighAlarmFlagTx4,OpticalPowerHighAlarmFlagTx4,0x11,139,1,0x08,Lane-banked,bool,,,,,RO,ClearOnRead,Adv,,"OpticalPowerHighAlarmFlagTx<i> Latched Tx output power High Alarm, media lane <i> Advertisement: 01h:160.1",,8-87,Agrees,TxPowerHighAlarmFlag4
OpticalPowerHighAlarmFlagTx3,OpticalPowerHighAlarmFlagTx3,0x11,139,1,0x04,Lane-banked,bool,,,,,RO,ClearOnRead,Adv,,"OpticalPowerHighAlarmFlagTx<i> Latched Tx output power High Alarm, media lane <i> Advertisement: 01h:160.1",,8-87,Agrees,TxPowerHighAlarmFlag3
OpticalPowerHighAlarmFlagTx2,OpticalPowerHighAlarmFlagTx2,0x11,139,1,0x02,Lane-banked,bool,,,,,RO,ClearOnRead,Adv,,"OpticalPowerHighAlarmFlagTx<i> Latched Tx output power High Alarm, media lane <i> Advertisement: 01h:160.1",,8-87,Agrees,TxPowerHighAlarmFlag2
OpticalPowerHighAlarmFlagTx1,OpticalPowerHighAlarmFlagTx1,0x11,139,1,0x01,Lane-banked,bool,,,,,RO,ClearOnRead,Adv,,"OpticalPowerHighAlarmFlagTx<i> Latched Tx output power High Alarm, media lane <i> Advertisement: 01h:160.1",,8-87,Agrees,TxPowerHighAlarmFlag1
OpticalPowerLowAlarmFlagTx8,OpticalPowerLowAlarmFlagTx8,0x11,140,1,0x80,Lane-banked,bool,,,,,RO,ClearOnRead,Adv,,"OpticalPowerLowAlarmFlagTx<i> Latched Tx output power Low alarm, media lane <i>",,8-87,Agrees,TxPowerLowAlarmFlag8
OpticalPowerLowAlarmFlagTx7,OpticalPowerLowAlarmFlagTx7,0x11,140,1,0x40,Lane-banked,bool,,,,,RO,ClearOnRead,Adv,,"OpticalPowerLowAlarmFlagTx<i> Latched Tx output power Low alarm, media lane <i>",,8-87,Agrees,TxPowerLowAlarmFlag7
OpticalPowerLowAlarmFlagTx6,OpticalPowerLowAlarmFlagTx6,0x11,140,1,0x20,Lane-banked,bool,,,,,RO,ClearOnRead,Adv,,"OpticalPowerLowAlarmFlagTx<i> Latched Tx output power Low alarm, media lane <i>",,8-87,Agrees,TxPowerLowAlarmFlag6
OpticalPowerLowAlarmFlagTx5,OpticalPowerLowAlarmFlagTx5,0x11,140,1,0x10,Lane-banked,bool,,,,,RO,ClearOnRead,Adv,,"OpticalPowerLowAlarmFlagTx<i> Latched Tx output power Low alarm, media lane <i>",,8-87,Agrees,TxPowerLowAlarmFlag5
OpticalPowerLowAlarmFlagTx4,OpticalPowerLowAlarmFlagTx4,0x11,140,1,0x08,Lane-banked,bool,,,,,RO,ClearOnRead,Adv,,Advertisement: 01h:160.1,,8-87,Agrees,TxPowerLowAlarmFlag4
OpticalPowerLowAlarmFlagTx3,OpticalPowerLowAlarmFlagTx3,0x11,140,1,0x04,Lane-banked,bool,,,,,RO,ClearOnRead,Adv,,Advertisement: 01h:160.1,,8-87,Agrees,TxPowerLowAlarmFlag3
OpticalPowerLowAlarmFlagTx2,OpticalPowerLowAlarmFlagTx2,0x11,140,1,0x02,Lane-banked,bool,,,,,RO,ClearOnRead,Adv,,Advertisement: 01h:160.1,,8-87,Agrees,TxPowerLowAlarmFlag2
OpticalPowerLowAlarmFlagTx1,OpticalPowerLowAlarmFlagTx1,0x11,140,1,0x01,Lane-banked,bool,,,,,RO,ClearOnRead,Adv,,Advertisement: 01h:160.1,,8-87,Agrees,TxPowerLowAlarmFlag1
OpticalPowerHighWarningFlagTx8,OpticalPowerHighWarningFlagTx8,0x11,141,1,0x80,Lane-banked,bool,,,,,RO,ClearOnRead,Adv,,"OpticalPowerHighWarningFlagTx<i> Latched Tx output power High warning, media lane <i> Advertisement: 01h:160.1",,8-87,Agrees,TxPowerHighWarnFlag8
OpticalPowerHighWarningFlagTx7,OpticalPowerHighWarningFlagTx7,0x11,141,1,0x40,Lane-banked,bool,,,,,RO,ClearOnRead,Adv,,"OpticalPowerHighWarningFlagTx<i> Latched Tx output power High warning, media lane <i> Advertisement: 01h:160.1",,8-87,Agrees,TxPowerHighWarnFlag7
OpticalPowerHighWarningFlagTx6,OpticalPowerHighWarningFlagTx6,0x11,141,1,0x20,Lane-banked,bool,,,,,RO,ClearOnRead,Adv,,"OpticalPowerHighWarningFlagTx<i> Latched Tx output power High warning, media lane <i> Advertisement: 01h:160.1",,8-87,Agrees,TxPowerHighWarnFlag6
OpticalPowerHighWarningFlagTx5,OpticalPowerHighWarningFlagTx5,0x11,141,1,0x10,Lane-banked,bool,,,,,RO,ClearOnRead,Adv,,"OpticalPowerHighWarningFlagTx<i> Latched Tx output power High warning, media lane <i> Advertisement: 01h:160.1",,8-87,Agrees,TxPowerHighWarnFlag5
OpticalPowerHighWarningFlagTx4,OpticalPowerHighWarningFlagTx4,0x11,141,1,0x08,Lane-banked,bool,,,,,RO,ClearOnRead,Adv,,"OpticalPowerHighWarningFlagTx<i> Latched Tx output power High warning, media lane <i> Advertisement: 01h:160.1",,8-87,Agrees,TxPowerHighWarnFlag4
OpticalPowerHighWarningFlagTx3,OpticalPowerHighWarningFlagTx3,0x11,141,1,0x04,Lane-banked,bool,,,,,RO,ClearOnRead,Adv,,"OpticalPowerHighWarningFlagTx<i> Latched Tx output power High warning, media lane <i> Advertisement: 01h:160.1",,8-87,Agrees,TxPowerHighWarnFlag3
OpticalPowerHighWarningFlagTx2,OpticalPowerHighWarningFlagTx2,0x11,141,1,0x02,Lane-banked,bool,,,,,RO,ClearOnRead,Adv,,"OpticalPowerHighWarningFlagTx<i> Latched Tx output power High warning, media lane <i> Advertisement: 01h:160.1",,8-87,Agrees,TxPowerHighWarnFlag2
OpticalPowerHighWarningFlagTx1,OpticalPowerHighWarningFlagTx1,0x11,141,1,0x01,Lane-banked,bool,,,,,RO,ClearOnRead,Adv,,"OpticalPowerHighWarningFlagTx<i> Latched Tx output power High warning, media lane <i> Advertisement: 01h:160.1",,8-87,Agrees,TxPowerHighWarnFlag1
OpticalPowerLowWarningFlagTx8,OpticalPowerLowWarningFlagTx8,0x11,142,1,0x80,Lane-banked,bool,,,,,RO,ClearOnRead,Adv,,"OpticalPowerLowWarningFlagTx<i> Latched Tx output power Low warning, media lane <i> Advertisement: 01h:160.1",,8-87,Agrees,TxPowerLowWarnFlag8
OpticalPowerLowWarningFlagTx7,OpticalPowerLowWarningFlagTx7,0x11,142,1,0x40,Lane-banked,bool,,,,,RO,ClearOnRead,Adv,,"OpticalPowerLowWarningFlagTx<i> Latched Tx output power Low warning, media lane <i> Advertisement: 01h:160.1",,8-87,Agrees,TxPowerLowWarnFlag7
OpticalPowerLowWarningFlagTx6,OpticalPowerLowWarningFlagTx6,0x11,142,1,0x20,Lane-banked,bool,,,,,RO,ClearOnRead,Adv,,"OpticalPowerLowWarningFlagTx<i> Latched Tx output power Low warning, media lane <i> Advertisement: 01h:160.1",,8-87,Agrees,TxPowerLowWarnFlag6
OpticalPowerLowWarningFlagTx5,OpticalPowerLowWarningFlagTx5,0x11,142,1,0x10,Lane-banked,bool,,,,,RO,ClearOnRead,Adv,,"OpticalPowerLowWarningFlagTx<i> Latched Tx output power Low warning, media lane <i> Advertisement: 01h:160.1",,8-87,Agrees,TxPowerLowWarnFlag5
OpticalPowerLowWarningFlagTx4,OpticalPowerLowWarningFlagTx4,0x11,142,1,0x08,Lane-banked,bool,,,,,RO,ClearOnRead,Adv,,"OpticalPowerLowWarningFlagTx<i> Latched Tx output power Low warning, media lane <i> Advertisement: 01h:160.1",,8-87,Agrees,TxPowerLowWarnFlag4
OpticalPowerLowWarningFlagTx3,OpticalPowerLowWarningFlagTx3,0x11,142,1,0x04,Lane-banked,bool,,,,,RO,ClearOnRead,Adv,,"OpticalPowerLowWarningFlagTx<i> Latched Tx output power Low warning, media lane <i> Advertisement: 01h:160.1",,8-87,Agrees,TxPowerLowWarnFlag3
OpticalPowerLowWarningFlagTx2,OpticalPowerLowWarningFlagTx2,0x11,142,1,0x02,Lane-banked,bool,,,,,RO,ClearOnRead,Adv,,"OpticalPowerLowWarningFlagTx<i> Latched Tx output power Low warning, media lane <i> Advertisement: 01h:160.1",,8-87,Agrees,TxPowerLowWarnFlag2
OpticalPowerLowWarningFlagTx1,OpticalPowerLowWarningFlagTx1,0x11,142,1,0x01,Lane-banked,bool,,,,,RO,ClearOnRead,Adv,,"OpticalPowerLowWarningFlagTx<i> Latched Tx output power Low warning, media lane <i> Advertisement: 01h:160.1",,8-87,Agrees,TxPowerLowWarnFlag1
LaserBiasHighAlarmFlagTx8,LaserBiasHighAlarmFlagTx8,0x11,143,1,0x80,Lane-banked,bool,,,,,RO,ClearOnRead,Adv,,"LaserBiasHighAlarmFlagTx<i> Latched Tx Bias High Alarm, media lane <i> Advertisement: 01h:160.0",,8-87,Agrees,TxBiasHighAlarmFlag8
LaserBiasHighAlarmFlagTx7,LaserBiasHighAlarmFlagTx7,0x11,143,1,0x40,Lane-banked,bool,,,,,RO,ClearOnRead,Adv,,"LaserBiasHighAlarmFlagTx<i> Latched Tx Bias High Alarm, media lane <i> Advertisement: 01h:160.0",,8-87,Agrees,TxBiasHighAlarmFlag7
LaserBiasHighAlarmFlagTx6,LaserBiasHighAlarmFlagTx6,0x11,143,1,0x20,Lane-banked,bool,,,,,RO,ClearOnRead,Adv,,"LaserBiasHighAlarmFlagTx<i> Latched Tx Bias High Alarm, media lane <i> Advertisement: 01h:160.0",,8-87,Agrees,TxBiasHighAlarmFlag6
LaserBiasHighAlarmFlagTx5,LaserBiasHighAlarmFlagTx5,0x11,143,1,0x10,Lane-banked,bool,,,,,RO,ClearOnRead,Adv,,"LaserBiasHighAlarmFlagTx<i> Latched Tx Bias High Alarm, media lane <i> Advertisement: 01h:160.0",,8-87,Agrees,TxBiasHighAlarmFlag5
LaserBiasHighAlarmFlagTx4,LaserBiasHighAlarmFlagTx4,0x11,143,1,0x08,Lane-banked,bool,,,,,RO,ClearOnRead,Adv,,"LaserBiasHighAlarmFlagTx<i> Latched Tx Bias High Alarm, media lane <i> Advertisement: 01h:160.0",,8-87,Agrees,TxBiasHighAlarmFlag4
LaserBiasHighAlarmFlagTx3,LaserBiasHighAlarmFlagTx3,0x11,143,1,0x04,Lane-banked,bool,,,,,RO,ClearOnRead,Adv,,"LaserBiasHighAlarmFlagTx<i> Latched Tx Bias High Alarm, media lane <i> Advertisement: 01h:160.0",,8-87,Agrees,TxBiasHighAlarmFlag3
LaserBiasHighAlarmFlagTx2,LaserBiasHighAlarmFlagTx2,0x11,143,1,0x02,Lane-banked,bool,,,,,RO,ClearOnRead,Adv,,"LaserBiasHighAlarmFlagTx<i> Latched Tx Bias High Alarm, media lane <i> Advertisement: 01h:160.0",,8-87,Agrees,TxBiasHighAlarmFlag2
LaserBiasHighAlarmFlagTx1,LaserBiasHighAlarmFlagTx1,0x11,143,1,0x01,Lane-banked,bool,,,,,RO,ClearOnRead,Adv,,"LaserBiasHighAlarmFlagTx<i> Latched Tx Bias High Alarm, media lane <i> Advertisement: 01h:160.0",,8-87,Agrees,TxBiasHighAlarmFlag1
LaserBiasLowAlarmFlagTx8,LaserBiasLowAlarmFlagTx8,0x11,144,1,0x80,Lane-banked,bool,,,,,RO,ClearOnRead,Adv,,"LaserBiasLowAlarmFlagTx<i> Latched Tx Bias Low alarm, media lane <i> Advertisement: 01h:160.0",,8-87,Agrees,TxBiasLowAlarmFlag8
LaserBiasLowAlarmFlagTx7,LaserBiasLowAlarmFlagTx7,0x11,144,1,0x40,Lane-banked,bool,,,,,RO,ClearOnRead,Adv,,"LaserBiasLowAlarmFlagTx<i> Latched Tx Bias Low alarm, media lane <i> Advertisement: 01h:160.0",,8-87,Agrees,TxBiasLowAlarmFlag7
LaserBiasLowAlarmFlagTx6,LaserBiasLowAlarmFlagTx6,0x11,144,1,0x20,Lane-banked,bool,,,,,RO,ClearOnRead,Adv,,"LaserBiasLowAlarmFlagTx<i> Latched Tx Bias Low alarm, media lane <i> Advertisement: 01h:160.0",,8-87,Agrees,TxBiasLowAlarmFlag6
LaserBiasLowAlarmFlagTx5,LaserBiasLowAlarmFlagTx5,0x11,144,1,0x10,Lane-banked,bool,,,,,RO,ClearOnRead,Adv,,"LaserBiasLowAlarmFlagTx<i> Latched Tx Bias Low alarm, media lane <i> Advertisement: 01h:160.0",,8-87,Agrees,TxBiasLowAlarmFlag5
LaserBiasLowAlarmFlagTx4,LaserBiasLowAlarmFlagTx4,0x11,144,1,0x08,Lane-banked,bool,,,,,RO,ClearOnRead,Adv,,"LaserBiasLowAlarmFlagTx<i> Latched Tx Bias Low alarm, media lane <i> Advertisement: 01h:160.0",,8-87,Agrees,TxBiasLowAlarmFlag4
LaserBiasLowAlarmFlagTx3,LaserBiasLowAlarmFlagTx3,0x11,144,1,0x04,Lane-banked,bool,,,,,RO,ClearOnRead,Adv,,"LaserBiasLowAlarmFlagTx<i> Latched Tx Bias Low alarm, media lane <i> Advertisement: 01h:160.0",,8-87,Agrees,TxBiasLowAlarmFlag3
LaserBiasLowAlarmFlagTx2,LaserBiasLowAlarmFlagTx2,0x11,144,1,0x02,Lane-banked,bool,,,,,RO,ClearOnRead,Adv,,"LaserBiasLowAlarmFlagTx<i> Latched Tx Bias Low alarm, media lane <i> Advertisement: 01h:160.0",,8-87,Agrees,TxBiasLowAlarmFlag2
LaserBiasLowAlarmFlagTx1,LaserBiasLowAlarmFlagTx1,0x11,144,1,0x01,Lane-banked,bool,,,,,RO,ClearOnRead,Adv,,"LaserBiasLowAlarmFlagTx<i> Latched Tx Bias Low alarm, media lane <i> Advertisement: 01h:160.0",,8-87,Agrees,TxBiasLowAlarmFlag1
LaserBiasHighWarningFlagTx8,LaserBiasHighWarningFlagTx8,0x11,145,1,0x80,Lane-banked,bool,,,,,RO,ClearOnRead,Adv,,"LaserBiasHighWarningFlagTx<i> Latched Tx Bias High warning, media lane <i> Advertisement: 01h:160.0",,8-87,Agrees,TxBiasHighWarnFlag8
LaserBiasHighWarningFlagTx7,LaserBiasHighWarningFlagTx7,0x11,145,1,0x40,Lane-banked,bool,,,,,RO,ClearOnRead,Adv,,"LaserBiasHighWarningFlagTx<i> Latched Tx Bias High warning, media lane <i> Advertisement: 01h:160.0",,8-87,Agrees,TxBiasHighWarnFlag7
LaserBiasHighWarningFlagTx6,LaserBiasHighWarningFlagTx6,0x11,145,1,0x20,Lane-banked,bool,,,,,RO,ClearOnRead,Adv,,"LaserBiasHighWarningFlagTx<i> Latched Tx Bias High warning, media lane <i> Advertisement: 01h:160.0",,8-87,Agrees,TxBiasHighWarnFlag6
LaserBiasHighWarningFlagTx5,LaserBiasHighWarningFlagTx5,0x11,145,1,0x10,Lane-banked,bool,,,,,RO,ClearOnRead,Adv,,"LaserBiasHighWarningFlagTx<i> Latched Tx Bias High warning, media lane <i> Advertisement: 01h:160.0",,8-87,Agrees,TxBiasHighWarnFlag5
LaserBiasHighWarningFlagTx4,LaserBiasHighWarningFlagTx4,0x11,145,1,0x08,Lane-banked,bool,,,,,RO,ClearOnRead,Adv,,"LaserBiasHighWarningFlagTx<i> Latched Tx Bias High warning, media lane <i> Advertisement: 01h:160.0",,8-87,Agrees,TxBiasHighWarnFlag4
LaserBiasHighWarningFlagTx3,LaserBiasHighWarningFlagTx3,0x11,145,1,0x04,Lane-banked,bool,,,,,RO,ClearOnRead,Adv,,"LaserBiasHighWarningFlagTx<i> Latched Tx Bias High warning, media lane <i> Advertisement: 01h:160.0",,8-87,Agrees,TxBiasHighWarnFlag3
LaserBiasHighWarningFlagTx2,LaserBiasHighWarningFlagTx2,0x11,145,1,0x02,Lane-banked,bool,,,,,RO,ClearOnRead,Adv,,"LaserBiasHighWarningFlagTx<i> Latched Tx Bias High warning, media lane <i> Advertisement: 01h:160.0",,8-87,Agrees,TxBiasHighWarnFlag2
LaserBiasHighWarningFlagTx1,LaserBiasHighWarningFlagTx1,0x11,145,1,0x01,Lane-banked,bool,,,,,RO,ClearOnRead,Adv,,"LaserBiasHighWarningFlagTx<i> Latched Tx Bias High warning, media lane <i> Advertisement: 01h:160.0",,8-87,Agrees,TxBiasHighWarnFlag1
LaserBiasLowWarningFlagTx8,LaserBiasLowWarningFlagTx8,0x11,146,1,0x80,Lane-banked,bool,,,,,RO,ClearOnRead,Adv,,"LaserBiasLowWarningFlagTx<i> Latched Tx Bias Low warning, media lane <i> Advertisement: 01h:160.0",,8-87,Agrees,TxBiasLowWarnFlag8
LaserBiasLowWarningFlagTx7,LaserBiasLowWarningFlagTx7,0x11,146,1,0x40,Lane-banked,bool,,,,,RO,ClearOnRead,Adv,,"LaserBiasLowWarningFlagTx<i> Latched Tx Bias Low warning, media lane <i> Advertisement: 01h:160.0",,8-87,Agrees,TxBiasLowWarnFlag7
LaserBiasLowWarningFlagTx6,LaserBiasLowWarningFlagTx6,0x11,146,1,0x20,Lane-banked,bool,,,,,RO,ClearOnRead,Adv,,"LaserBiasLowWarningFlagTx<i> Latched Tx Bias Low warning, media lane <i> Advertisement: 01h:160.0",,8-87,Agrees,TxBiasLowWarnFlag6
LaserBiasLowWarningFlagTx5,LaserBiasLowWarningFlagTx5,0x11,146,1,0x10,Lane-banked,bool,,,,,RO,ClearOnRead,Adv,,"LaserBiasLowWarningFlagTx<i> Latched Tx Bias Low warning, media lane <i> Advertisement: 01h:160.0",,8-87,Agrees,TxBiasLowWarnFlag5
LaserBiasLowWarningFlagTx4,LaserBiasLowWarningFlagTx4,0x11,146,1,0x08,Lane-banked,bool,,,,,RO,ClearOnRead,Adv,,"LaserBiasLowWarningFlagTx<i> Latched Tx Bias Low warning, media lane <i> Advertisement: 01h:160.0",,8-87,Agrees,TxBiasLowWarnFlag4
LaserBiasLowWarningFlagTx3,LaserBiasLowWarningFlagTx3,0x11,146,1,0x04,Lane-banked,bool,,,,,RO,ClearOnRead,Adv,,"LaserBiasLowWarningFlagTx<i> Latched Tx Bias Low warning, media lane <i> Advertisement: 01h:160.0",,8-87,Agrees,TxBiasLowWarnFlag3
LaserBiasLowWarningFlagTx2,LaserBiasLowWarningFlagTx2,0x11,146,1,0x02,Lane-banked,bool,,,,,RO,ClearOnRead,Adv,,"LaserBiasLowWarningFlagTx<i> Latched Tx Bias Low warning, media lane <i> Advertisement: 01h:160.0",,8-87,Agrees,TxBiasLowWarnFlag2
LaserBiasLowWarningFlagTx1,LaserBiasLowWarningFlagTx1,0x11,146,1,0x01,Lane-banked,bool,,,,,RO,ClearOnRead,Adv,,"LaserBiasLowWarningFlagTx<i> Latched Tx Bias Low warning, media lane <i> Advertisement: 01h:160.0",,8-87,Agrees,TxBiasLowWarnFlag1
LOSFlagRx8,LOSFlagRx8,0x11,147,1,0x80,Lane-banked,bool,,,,,RO,ClearOnRead,Adv,,"LOSFlagRx<i> Latched Rx LOS Flag, media lane <i> Advertisement: 01h:158.1",,8-88,Agrees,RxLOS8
LOSFlagRx7,LOSFlagRx7,0x11,147,1,0x40,Lane-banked,bool,,,,,RO,ClearOnRead,Adv,,"LOSFlagRx<i> Latched Rx LOS Flag, media lane <i> Advertisement: 01h:158.1",,8-88,Agrees,RxLOS7
LOSFlagRx6,LOSFlagRx6,0x11,147,1,0x20,Lane-banked,bool,,,,,RO,ClearOnRead,Adv,,"LOSFlagRx<i> Latched Rx LOS Flag, media lane <i> Advertisement: 01h:158.1",,8-88,Agrees,RxLOS6
LOSFlagRx5,LOSFlagRx5,0x11,147,1,0x10,Lane-banked,bool,,,,,RO,ClearOnRead,Adv,,"LOSFlagRx<i> Latched Rx LOS Flag, media lane <i> Advertisement: 01h:158.1",,8-88,Agrees,RxLOS5
LOSFlagRx4,LOSFlagRx4,0x11,147,1,0x08,Lane-banked,bool,,,,,RO,ClearOnRead,Adv,,"LOSFlagRx<i> Latched Rx LOS Flag, media lane <i> Advertisement: 01h:158.1",,8-88,Agrees,RxLOS4
LOSFlagRx3,LOSFlagRx3,0x11,147,1,0x04,Lane-banked,bool,,,,,RO,ClearOnRead,Adv,,"LOSFlagRx<i> Latched Rx LOS Flag, media lane <i> Advertisement: 01h:158.1",,8-88,Agrees,RxLOS3
LOSFlagRx2,LOSFlagRx2,0x11,147,1,0x02,Lane-banked,bool,,,,,RO,ClearOnRead,Adv,,"LOSFlagRx<i> Latched Rx LOS Flag, media lane <i> Advertisement: 01h:158.1",,8-88,Agrees,RxLOS2
LOSFlagRx1,LOSFlagRx1,0x11,147,1,0x01,Lane-banked,bool,,,,,RO,ClearOnRead,Adv,,"LOSFlagRx<i> Latched Rx LOS Flag, media lane <i> Advertisement: 01h:158.1",,8-88,Agrees,RxLOS1
CDRLOLFlagRx8,CDRLOLFlagRx8,0x11,148,1,0x80,Lane-banked,bool,,,,,RO,ClearOnRead,Adv,,"CDRLOLFlagRx<i> Latched Rx CDR LOL Flag, media lane <i> Advertisement: 01h:158.2",,8-88,Agrees,RxCDRLOL8
CDRLOLFlagRx7,CDRLOLFlagRx7,0x11,148,1,0x40,Lane-banked,bool,,,,,RO,ClearOnRead,Adv,,"CDRLOLFlagRx<i> Latched Rx CDR LOL Flag, media lane <i> Advertisement: 01h:158.2",,8-88,Agrees,RxCDRLOL7
CDRLOLFlagRx6,CDRLOLFlagRx6,0x11,148,1,0x20,Lane-banked,bool,,,,,RO,ClearOnRead,Adv,,"CDRLOLFlagRx<i> Latched Rx CDR LOL Flag, media lane <i> Advertisement: 01h:158.2",,8-88,Agrees,RxCDRLOL6
CDRLOLFlagRx5,CDRLOLFlagRx5,0x11,148,1,0x10,Lane-banked,bool,,,,,RO,ClearOnRead,Adv,,"CDRLOLFlagRx<i> Latched Rx CDR LOL Flag, media lane <i> Advertisement: 01h:158.2",,8-88,Agrees,RxCDRLOL5
CDRLOLFlagRx4,CDRLOLFlagRx4,0x11,148,1,0x08,Lane-banked,bool,,,,,RO,ClearOnRead,Adv,,"CDRLOLFlagRx<i> Latched Rx CDR LOL Flag, media lane <i> Advertisement: 01h:158.2",,8-88,Agrees,RxCDRLOL4
CDRLOLFlagRx3,CDRLOLFlagRx3,0x11,148,1,0x04,Lane-banked,bool,,,,,RO,ClearOnRead,Adv,,"CDRLOLFlagRx<i> Latched Rx CDR LOL Flag, media lane <i> Advertisement: 01h:158.2",,8-88,Agrees,RxCDRLOL3
CDRLOLFlagRx2,CDRLOLFlagRx2,0x11,148,1,0x02,Lane-banked,bool,,,,,RO,ClearOnRead,Adv,,"CDRLOLFlagRx<i> Latched Rx CDR LOL Flag, media lane <i> Advertisement: 01h:158.2",,8-88,Agrees,RxCDRLOL2
CDRLOLFlagRx1,CDRLOLFlagRx1,0x11,148,1,0x01,Lane-banked,bool,,,,,RO,ClearOnRead,Adv,,"CDRLOLFlagRx<i> Latched Rx CDR LOL Flag, media lane <i> Advertisement: 01h:158.2",,8-88,Agrees,RxCDRLOL1
OpticalPowerHighAlarmFlagRx8,OpticalPowerHighAlarmFlagRx8,0x11,149,1,0x80,Lane-banked,bool,,,,,RO,ClearOnRead,Adv,,"OpticalPowerHighAlarmFlagRx<i> Latched Rx input power High alarm, media lane <i> Advertisement: 01h:160.2",,8-88,Agrees,RxPowerHighAlarmFlag8
OpticalPowerHighAlarmFlagRx7,OpticalPowerHighAlarmFlagRx7,0x11,149,1,0x40,Lane-banked,bool,,,,,RO,ClearOnRead,Adv,,"OpticalPowerHighAlarmFlagRx<i> Latched Rx input power High alarm, media lane <i> Advertisement: 01h:160.2",,8-88,Agrees,RxPowerHighAlarmFlag7
OpticalPowerHighAlarmFlagRx6,OpticalPowerHighAlarmFlagRx6,0x11,149,1,0x20,Lane-banked,bool,,,,,RO,ClearOnRead,Adv,,"OpticalPowerHighAlarmFlagRx<i> Latched Rx input power High alarm, media lane <i> Advertisement: 01h:160.2",,8-88,Agrees,RxPowerHighAlarmFlag6
OpticalPowerHighAlarmFlagRx5,OpticalPowerHighAlarmFlagRx5,0x11,149,1,0x10,Lane-banked,bool,,,,,RO,ClearOnRead,Adv,,"OpticalPowerHighAlarmFlagRx<i> Latched Rx input power High alarm, media lane <i> Advertisement: 01h:160.2",,8-88,Agrees,RxPowerHighAlarmFlag5
OpticalPowerHighAlarmFlagRx4,OpticalPowerHighAlarmFlagRx4,0x11,149,1,0x08,Lane-banked,bool,,,,,RO,ClearOnRead,Adv,,"OpticalPowerHighAlarmFlagRx<i> Latched Rx input power High alarm, media lane <i> Advertisement: 01h:160.2",,8-88,Agrees,RxPowerHighAlarmFlag4
OpticalPowerHighAlarmFlagRx3,OpticalPowerHighAlarmFlagRx3,0x11,149,1,0x04,Lane-banked,bool,,,,,RO,ClearOnRead,Adv,,"OpticalPowerHighAlarmFlagRx<i> Latched Rx input power High alarm, media lane <i> Advertisement: 01h:160.2",,8-88,Agrees,RxPowerHighAlarmFlag3
OpticalPowerHighAlarmFlagRx2,OpticalPowerHighAlarmFlagRx2,0x11,149,1,0x02,Lane-banked,bool,,,,,RO,ClearOnRead,Adv,,"OpticalPowerHighAlarmFlagRx<i> Latched Rx input power High alarm, media lane <i> Advertisement: 01h:160.2",,8-88,Agrees,RxPowerHighAlarmFlag2
OpticalPowerHighAlarmFlagRx1,OpticalPowerHighAlarmFlagRx1,0x11,149,1,0x01,Lane-banked,bool,,,,,RO,ClearOnRead,Adv,,"OpticalPowerHighAlarmFlagRx<i> Latched Rx input power High alarm, media lane <i> Advertisement: 01h:160.2",,8-88,Agrees,RxPowerHighAlarmFlag1
OpticalPowerLowAlarmFlagRx8,OpticalPowerLowAlarmFlagRx8,0x11,150,1,0x80,Lane-banked,bool,,,,,RO,ClearOnRead,Adv,,"OpticalPowerLowAlarmFlagRx<i> Latched Rx input power Low alarm, media lane <i> Advertisement: 01h:160.2",,8-88,Agrees,RxPowerLowAlarmFlag8
OpticalPowerLowAlarmFlagRx7,OpticalPowerLowAlarmFlagRx7,0x11,150,1,0x40,Lane-banked,bool,,,,,RO,ClearOnRead,Adv,,"OpticalPowerLowAlarmFlagRx<i> Latched Rx input power Low alarm, media lane <i> Advertisement: 01h:160.2",,8-88,Agrees,RxPowerLowAlarmFlag7
OpticalPowerLowAlarmFlagRx6,OpticalPowerLowAlarmFlagRx6,0x11,150,1,0x20,Lane-banked,bool,,,,,RO,ClearOnRead,Adv,,"OpticalPowerLowAlarmFlagRx<i> Latched Rx input power Low alarm, media lane <i> Advertisement: 01h:160.2",,8-88,Agrees,RxPowerLowAlarmFlag6
OpticalPowerLowAlarmFlagRx5,OpticalPowerLowAlarmFlagRx5,0x11,150,1,0x10,Lane-banked,bool,,,,,RO,ClearOnRead,Adv,,"OpticalPowerLowAlarmFlagRx<i> Latched Rx input power Low alarm, media lane <i> Advertisement: 01h:160.2",,8-88,Agrees,RxPowerLowAlarmFlag5
OpticalPowerLowAlarmFlagRx4,OpticalPowerLowAlarmFlagRx4,0x11,150,1,0x08,Lane-banked,bool,,,,,RO,ClearOnRead,Adv,,"OpticalPowerLowAlarmFlagRx<i> Latched Rx input power Low alarm, media lane <i> Advertisement: 01h:160.2",,8-88,Agrees,RxPowerLowAlarmFlag4
OpticalPowerLowAlarmFlagRx3,OpticalPowerLowAlarmFlagRx3,0x11,150,1,0x04,Lane-banked,bool,,,,,RO,ClearOnRead,Adv,,"OpticalPowerLowAlarmFlagRx<i> Latched Rx input power Low alarm, media lane <i> Advertisement: 01h:160.2",,8-88,Agrees,RxPowerLowAlarmFlag3
OpticalPowerLowAlarmFlagRx2,OpticalPowerLowAlarmFlagRx2,0x11,150,1,0x02,Lane-banked,bool,,,,,RO,ClearOnRead,Adv,,"OpticalPowerLowAlarmFlagRx<i> Latched Rx input power Low alarm, media lane <i> Advertisement: 01h:160.2",,8-88,Agrees,RxPowerLowAlarmFlag2
OpticalPowerLowAlarmFlagRx1,OpticalPowerLowAlarmFlagRx1,0x11,150,1,0x01,Lane-banked,bool,,,,,RO,ClearOnRead,Adv,,"OpticalPowerLowAlarmFlagRx<i> Latched Rx input power Low alarm, media lane <i> Advertisement: 01h:160.2",,8-88,Agrees,RxPowerLowAlarmFlag1
OpticalPowerHighWarningFlagRx8,OpticalPowerHighWarningFlagRx8,0x11,151,1,0x80,Lane-banked,bool,,,,,RO,ClearOnRead,Adv,,"OpticalPowerHighWarningFlagRx<i> Latched Rx input power High warning, media lane <i> Advertisement: 01h:160.2",,8-88,Agrees,RxPowerHighWarnFlag8
OpticalPowerHighWarningFlagRx7,OpticalPowerHighWarningFlagRx7,0x11,151,1,0x40,Lane-banked,bool,,,,,RO,ClearOnRead,Adv,,"OpticalPowerHighWarningFlagRx<i> Latched Rx input power High warning, media lane <i> Advertisement: 01h:160.2",,8-88,Agrees,RxPowerHighWarnFlag7
OpticalPowerHighWarningFlagRx6,OpticalPowerHighWarningFlagRx6,0x11,151,1,0x20,Lane-banked,bool,,,,,RO,ClearOnRead,Adv,,"OpticalPowerHighWarningFlagRx<i> Latched Rx input power High warning, media lane <i> Advertisement: 01h:160.2",,8-88,Agrees,RxPowerHighWarnFlag6
OpticalPowerHighWarningFlagRx5,OpticalPowerHighWarningFlagRx5,0x11,151,1,0x10,Lane-banked,bool,,,,,RO,ClearOnRead,Adv,,"OpticalPowerHighWarningFlagRx<i> Latched Rx input power High warning, media lane <i> Advertisement: 01h:160.2",,8-88,Agrees,RxPowerHighWarnFlag5
OpticalPowerHighWarningFlagRx4,OpticalPowerHighWarningFlagRx4,0x11,151,1,0x08,Lane-banked,bool,,,,,RO,ClearOnRead,Adv,,"OpticalPowerHighWarningFlagRx<i> Latched Rx input power High warning, media lane <i> Advertisement: 01h:160.2",,8-88,Agrees,RxPowerHighWarnFlag4
OpticalPowerHighWarningFlagRx3,OpticalPowerHighWarningFlagRx3,0x11,151,1,0x04,Lane-banked,bool,,,,,RO,ClearOnRead,Adv,,"OpticalPowerHighWarningFlagRx<i> Latched Rx input power High warning, media lane <i> Advertisement: 01h:160.2",,8-88,Agrees,RxPowerHighWarnFlag3
OpticalPowerHighWarningFlagRx2,OpticalPowerHighWarningFlagRx2,0x11,151,1,0x02,Lane-banked,bool,,,,,RO,ClearOnRead,Adv,,"OpticalPowerHighWarningFlagRx<i> Latched Rx input power High warning, media lane <i> Advertisement: 01h:160.2",,8-88,Agrees,RxPowerHighWarnFlag2
OpticalPowerHighWarningFlagRx1,OpticalPowerHighWarningFlagRx1,0x11,151,1,0x01,Lane-banked,bool,,,,,RO,ClearOnRead,Adv,,"OpticalPowerHighWarningFlagRx<i> Latched Rx input power High warning, media lane <i> Advertisement: 01h:160.2",,8-88,Agrees,RxPowerHighWarnFlag1
OpticalPowerLowWarningFlagRx8,OpticalPowerLowWarningFlagRx8,0x11,152,1,0x80,Lane-banked,bool,,,,,RO,ClearOnRead,Adv,,"OpticalPowerLowWarningFlagRx<i> Latched Rx input power Low warning, media lane <i> Advertisement: 01h:160.2",,8-88,Agrees,RxPowerLowWarnFlag8
OpticalPowerLowWarningFlagRx7,OpticalPowerLowWarningFlagRx7,0x11,152,1,0x40,Lane-banked,bool,,,,,RO,ClearOnRead,Adv,,"OpticalPowerLowWarningFlagRx<i> Latched Rx input power Low warning, media lane <i> Advertisement: 01h:160.2",,8-88,Agrees,RxPowerLowWarnFlag7
OpticalPowerLowWarningFlagRx6,OpticalPowerLowWarningFlagRx6,0x11,152,1,0x20,Lane-banked,bool,,,,,RO,ClearOnRead,Adv,,"OpticalPowerLowWarningFlagRx<i> Latched Rx input power Low warning, media lane <i> Advertisement: 01h:160.2",,8-88,Agrees,RxPowerLowWarnFlag6
OpticalPowerLowWarningFlagRx5,OpticalPowerLowWarningFlagRx5,0x11,152,1,0x10,Lane-banked,bool,,,,,RO,ClearOnRead,Adv,,"OpticalPowerLowWarningFlagRx<i> Latched Rx input power Low warning, media lane <i> Advertisement: 01h:160.2",,8-88,Agrees,RxPowerLowWarnFlag5
OpticalPowerLowWarningFlagRx4,OpticalPowerLowWarningFlagRx4,0x11,152,1,0x08,Lane-banked,bool,,,,,RO,ClearOnRead,Adv,,"OpticalPowerLowWarningFlagRx<i> Latched Rx input power Low warning, media lane <i> Advertisement: 01h:160.2",,8-88,Agrees,RxPowerLowWarnFlag4
OpticalPowerLowWarningFlagRx3,OpticalPowerLowWarningFlagRx3,0x11,152,1,0x04,Lane-banked,bool,,,,,RO,ClearOnRead,Adv,,"OpticalPowerLowWarningFlagRx<i> Latched Rx input power Low warning, media lane <i> Advertisement: 01h:160.2",,8-88,Agrees,RxPowerLowWarnFlag3
OpticalPowerLowWarningFlagRx2,OpticalPowerLowWarningFlagRx2,0x11,152,1,0x02,Lane-banked,bool,,,,,RO,ClearOnRead,Adv,,"OpticalPowerLowWarningFlagRx<i> Latched Rx input power Low warning, media lane <i> Advertisement: 01h:160.2",,8-88,Agrees,RxPowerLowWarnFlag2
OpticalPowerLowWarningFlagRx1,OpticalPowerLowWarningFlagRx1,0x11,152,1,0x01,Lane-banked,bool,,,,,RO,ClearOnRead,Adv,,"OpticalPowerLowWarningFlagRx<i> Latched Rx input power Low warning, media lane <i> Advertisement: 01h:160.2",,8-88,Agrees,RxPowerLowWarnFlag1
OutputStatusChangedFlagRx8,OutputStatusChangedFlagRx8,0x11,153,1,0x80,Lane-banked,bool,,,,,RO,ClearOnRead,Rqd,,OutputStatusChangedFlagRx<i> Latched Output Status Changed Flag for Rx host lane <i>,,8-88,Not in SONiC,
OutputStatusChangedFlagRx7,OutputStatusChangedFlagRx7,0x11,153,1,0x40,Lane-banked,bool,,,,,RO,ClearOnRead,Rqd,,OutputStatusChangedFlagRx<i> Latched Output Status Changed Flag for Rx host lane <i>,,8-88,Not in SONiC,
OutputStatusChangedFlagRx6,OutputStatusChangedFlagRx6,0x11,153,1,0x20,Lane-banked,bool,,,,,RO,ClearOnRead,Rqd,,OutputStatusChangedFlagRx<i> Latched Output Status Changed Flag for Rx host lane <i>,,8-88,Not in SONiC,
OutputStatusChangedFlagRx5,OutputStatusChangedFlagRx5,0x11,153,1,0x10,Lane-banked,bool,,,,,RO,ClearOnRead,Rqd,,OutputStatusChangedFlagRx<i> Latched Output Status Changed Flag for Rx host lane <i>,,8-88,Not in SONiC,
OutputStatusChangedFlagRx4,OutputStatusChangedFlagRx4,0x11,153,1,0x08,Lane-banked,bool,,,,,RO,ClearOnRead,Rqd,,OutputStatusChangedFlagRx<i> Latched Output Status Changed Flag for Rx host lane <i>,,8-88,Not in SONiC,
OutputStatusChangedFlagRx3,OutputStatusChangedFlagRx3,0x11,153,1,0x04,Lane-banked,bool,,,,,RO,ClearOnRead,Rqd,,OutputStatusChangedFlagRx<i> Latched Output Status Changed Flag for Rx host lane <i>,,8-88,Not in SONiC,
OutputStatusChangedFlagRx2,OutputStatusChangedFlagRx2,0x11,153,1,0x02,Lane-banked,bool,,,,,RO,ClearOnRead,Rqd,,OutputStatusChangedFlagRx<i> Latched Output Status Changed Flag for Rx host lane <i>,,8-88,Not in SONiC,
OutputStatusChangedFlagRx1,OutputStatusChangedFlagRx1,0x11,153,1,0x01,Lane-banked,bool,,,,,RO,ClearOnRead,Rqd,,OutputStatusChangedFlagRx<i> Latched Output Status Changed Flag for Rx host lane <i>,,8-88,Not in SONiC,
OpticalPowerTx1,OpticalPowerTx1,0x11,154,2,,Lane-banked,u16,uW,0.1,Big-endian,,RO,Normal,Adv,,"U16 OpticalPowerTx<i> Internally measured Tx output optical power: in 0.1 uW increments, yielding a total measurement range of 0 to 6.5535 mW (~-40 to +8.2 dBm for non-zero values) Advertisement: 01h:160.1",,8-89,Agrees,OpticalPowerTx1Field
OpticalPowerTx2,OpticalPowerTx2,0x11,156,2,,Lane-banked,u16,uW,0.1,Big-endian,,RO,Normal,Adv,,"U16 OpticalPowerTx<i> Internally measured Tx output optical power: in 0.1 uW increments, yielding a total measurement range of 0 to 6.5535 mW (~-40 to +8.2 dBm for non-zero values) Advertisement: 01h:160.1",,8-89,Agrees,OpticalPowerTx2Field
OpticalPowerTx3,OpticalPowerTx3,0x11,158,2,,Lane-banked,u16,uW,0.1,Big-endian,,RO,Normal,Adv,,"U16 OpticalPowerTx<i> Internally measured Tx output optical power: in 0.1 uW increments, yielding a total measurement range of 0 to 6.5535 mW (~-40 to +8.2 dBm for non-zero values) Advertisement: 01h:160.1",,8-89,Agrees,OpticalPowerTx3Field
OpticalPowerTx4,OpticalPowerTx4,0x11,160,2,,Lane-banked,u16,uW,0.1,Big-endian,,RO,Normal,Adv,,"U16 OpticalPowerTx<i> Internally measured Tx output optical power: in 0.1 uW increments, yielding a total measurement range of 0 to 6.5535 mW (~-40 to +8.2 dBm for non-zero values) Advertisement: 01h:160.1",,8-89,Agrees,OpticalPowerTx4Field
OpticalPowerTx5,OpticalPowerTx5,0x11,162,2,,Lane-banked,u16,uW,0.1,Big-endian,,RO,Normal,Adv,,"U16 OpticalPowerTx<i> Internally measured Tx output optical power: in 0.1 uW increments, yielding a total measurement range of 0 to 6.5535 mW (~-40 to +8.2 dBm for non-zero values) Advertisement: 01h:160.1",,8-89,Agrees,OpticalPowerTx5Field
OpticalPowerTx6,OpticalPowerTx6,0x11,164,2,,Lane-banked,u16,uW,0.1,Big-endian,,RO,Normal,Adv,,"U16 OpticalPowerTx<i> Internally measured Tx output optical power: in 0.1 uW increments, yielding a total measurement range of 0 to 6.5535 mW (~-40 to +8.2 dBm for non-zero values) Advertisement: 01h:160.1",,8-89,Agrees,OpticalPowerTx6Field
OpticalPowerTx7,OpticalPowerTx7,0x11,166,2,,Lane-banked,u16,uW,0.1,Big-endian,,RO,Normal,Adv,,"U16 OpticalPowerTx<i> Internally measured Tx output optical power: in 0.1 uW increments, yielding a total measurement range of 0 to 6.5535 mW (~-40 to +8.2 dBm for non-zero values) Advertisement: 01h:160.1",,8-89,Agrees,OpticalPowerTx7Field
OpticalPowerTx8,OpticalPowerTx8,0x11,168,2,,Lane-banked,u16,uW,0.1,Big-endian,,RO,Normal,Adv,,"U16 OpticalPowerTx<i> Internally measured Tx output optical power: in 0.1 uW increments, yielding a total measurement range of 0 to 6.5535 mW (~-40 to +8.2 dBm for non-zero values) Advertisement: 01h:160.1",,8-89,Agrees,OpticalPowerTx8Field
LaserBiasTx1,LaserBiasTx1,0x11,170,2,,Lane-banked,u16,uA,2,Big-endian,"Multiply also by TxBiasCurrentScalingFactor (01h:160.4-3): 00b x1, 01b x2, 10b x4",RO,Normal,Adv,,"U16 LaserBiasTx<i> Internally measured Tx bias current monitor: in 2 uA increments, times the multiplier from Table 8-52. Advertisement: 01h:160.0",,8-89,Agrees,LaserBiasTx1Field
LaserBiasTx2,LaserBiasTx2,0x11,172,2,,Lane-banked,u16,uA,2,Big-endian,"Multiply also by TxBiasCurrentScalingFactor (01h:160.4-3): 00b x1, 01b x2, 10b x4",RO,Normal,Adv,,"U16 LaserBiasTx<i> Internally measured Tx bias current monitor: in 2 uA increments, times the multiplier from Table 8-52. Advertisement: 01h:160.0",,8-89,Agrees,LaserBiasTx2Field
LaserBiasTx3,LaserBiasTx3,0x11,174,2,,Lane-banked,u16,uA,2,Big-endian,"Multiply also by TxBiasCurrentScalingFactor (01h:160.4-3): 00b x1, 01b x2, 10b x4",RO,Normal,Adv,,"U16 LaserBiasTx<i> Internally measured Tx bias current monitor: in 2 uA increments, times the multiplier from Table 8-52. Advertisement: 01h:160.0",,8-89,Agrees,LaserBiasTx3Field
LaserBiasTx4,LaserBiasTx4,0x11,176,2,,Lane-banked,u16,uA,2,Big-endian,"Multiply also by TxBiasCurrentScalingFactor (01h:160.4-3): 00b x1, 01b x2, 10b x4",RO,Normal,Adv,,"U16 LaserBiasTx<i> Internally measured Tx bias current monitor: in 2 uA increments, times the multiplier from Table 8-52. Advertisement: 01h:160.0",,8-89,Agrees,LaserBiasTx4Field
LaserBiasTx5,LaserBiasTx5,0x11,178,2,,Lane-banked,u16,uA,2,Big-endian,"Multiply also by TxBiasCurrentScalingFactor (01h:160.4-3): 00b x1, 01b x2, 10b x4",RO,Normal,Adv,,"U16 LaserBiasTx<i> Internally measured Tx bias current monitor: in 2 uA increments, times the multiplier from Table 8-52. Advertisement: 01h:160.0",,8-89,Agrees,LaserBiasTx5Field
LaserBiasTx6,LaserBiasTx6,0x11,180,2,,Lane-banked,u16,uA,2,Big-endian,"Multiply also by TxBiasCurrentScalingFactor (01h:160.4-3): 00b x1, 01b x2, 10b x4",RO,Normal,Adv,,"U16 LaserBiasTx<i> Internally measured Tx bias current monitor: in 2 uA increments, times the multiplier from Table 8-52. Advertisement: 01h:160.0",,8-89,Agrees,LaserBiasTx6Field
LaserBiasTx7,LaserBiasTx7,0x11,182,2,,Lane-banked,u16,uA,2,Big-endian,"Multiply also by TxBiasCurrentScalingFactor (01h:160.4-3): 00b x1, 01b x2, 10b x4",RO,Normal,Adv,,"U16 LaserBiasTx<i> Internally measured Tx bias current monitor: in 2 uA increments, times the multiplier from Table 8-52. Advertisement: 01h:160.0",,8-89,Agrees,LaserBiasTx7Field
LaserBiasTx8,LaserBiasTx8,0x11,184,2,,Lane-banked,u16,uA,2,Big-endian,"Multiply also by TxBiasCurrentScalingFactor (01h:160.4-3): 00b x1, 01b x2, 10b x4",RO,Normal,Adv,,"U16 LaserBiasTx<i> Internally measured Tx bias current monitor: in 2 uA increments, times the multiplier from Table 8-52. Advertisement: 01h:160.0",,8-89,Agrees,LaserBiasTx8Field
OpticalPowerRx1,OpticalPowerRx1,0x11,186,2,,Lane-banked,u16,uW,0.1,Big-endian,,RO,Normal,Adv,,"U16 OpticalPowerRx<i> Internally measured Rx input optical power: in 0.1 uW increments, yielding a total measurement range of 0 to 6.5535 mW (~-40 to +8.2 dBm for non-zero values) Advertisement: 01h:160.2",,8-89,Agrees,OpticalPowerRx1Field
OpticalPowerRx2,OpticalPowerRx2,0x11,188,2,,Lane-banked,u16,uW,0.1,Big-endian,,RO,Normal,Adv,,"U16 OpticalPowerRx<i> Internally measured Rx input optical power: in 0.1 uW increments, yielding a total measurement range of 0 to 6.5535 mW (~-40 to +8.2 dBm for non-zero values) Advertisement: 01h:160.2",,8-89,Agrees,OpticalPowerRx2Field
OpticalPowerRx3,OpticalPowerRx3,0x11,190,2,,Lane-banked,u16,uW,0.1,Big-endian,,RO,Normal,Adv,,"U16 OpticalPowerRx<i> Internally measured Rx input optical power: in 0.1 uW increments, yielding a total measurement range of 0 to 6.5535 mW (~-40 to +8.2 dBm for non-zero values) Advertisement: 01h:160.2",,8-89,Agrees,OpticalPowerRx3Field
OpticalPowerRx4,OpticalPowerRx4,0x11,192,2,,Lane-banked,u16,uW,0.1,Big-endian,,RO,Normal,Adv,,"U16 OpticalPowerRx<i> Internally measured Rx input optical power: in 0.1 uW increments, yielding a total measurement range of 0 to 6.5535 mW (~-40 to +8.2 dBm for non-zero values) Advertisement: 01h:160.2",,8-89,Agrees,OpticalPowerRx4Field
OpticalPowerRx5,OpticalPowerRx5,0x11,194,2,,Lane-banked,u16,uW,0.1,Big-endian,,RO,Normal,Adv,,"U16 OpticalPowerRx<i> Internally measured Rx input optical power: in 0.1 uW increments, yielding a total measurement range of 0 to 6.5535 mW (~-40 to +8.2 dBm for non-zero values) Advertisement: 01h:160.2",,8-89,Agrees,OpticalPowerRx5Field
OpticalPowerRx6,OpticalPowerRx6,0x11,196,2,,Lane-banked,u16,uW,0.1,Big-endian,,RO,Normal,Adv,,"U16 OpticalPowerRx<i> Internally measured Rx input optical power: in 0.1 uW increments, yielding a total measurement range of 0 to 6.5535 mW (~-40 to +8.2 dBm for non-zero values) Advertisement: 01h:160.2",,8-89,Agrees,OpticalPowerRx6Field
OpticalPowerRx7,OpticalPowerRx7,0x11,198,2,,Lane-banked,u16,uW,0.1,Big-endian,,RO,Normal,Adv,,"U16 OpticalPowerRx<i> Internally measured Rx input optical power: in 0.1 uW increments, yielding a total measurement range of 0 to 6.5535 mW (~-40 to +8.2 dBm for non-zero values) Advertisement: 01h:160.2",,8-89,Agrees,OpticalPowerRx7Field
OpticalPowerRx8,OpticalPowerRx8,0x11,200,2,,Lane-banked,u16,uW,0.1,Big-endian,,RO,Normal,Adv,,"U16 OpticalPowerRx<i> Internally measured Rx input optical power: in 0.1 uW increments, yielding a total measurement range of 0 to 6.5535 mW (~-40 to +8.2 dBm for non-zero values) Advertisement: 01h:160.2",,8-89,Agrees,OpticalPowerRx8Field
ConfigStatusLane2,ConfigStatusLane2,0x11,202,1,0xF0,Lane-banked,enum4,,,,,RO,Normal,Rqd,,"ConfigStatusLane<i> Configuration Command Execution / Result Status for the Data Path of host lane <i>, during and after the most recent configuration command. See Table 8-91 for the encoding of values. Note: There is no feedback to the host when an Apply trigger is ignored after failed readiness test (when another configuration is still in progress)",,8-90,Agrees,ConfigStatusLane2
ConfigStatusLane1,ConfigStatusLane1,0x11,202,1,0x0F,Lane-banked,enum4,,,,,RO,Normal,Rqd,,"ConfigStatusLane<i> Configuration Command Execution / Result Status for the Data Path of host lane <i>, during and after the most recent configuration command. See Table 8-91 for the encoding of values. Note: There is no feedback to the host when an Apply trigger is ignored after failed readiness test (when another configuration is still in progress)",,8-90,Agrees,ConfigStatusLane1
ConfigStatusLane4,ConfigStatusLane4,0x11,203,1,0xF0,Lane-banked,enum4,,,,,RO,Normal,Rqd,,"ConfigStatusLane<i> Configuration Command Execution / Result Status for the Data Path of host lane <i>, during and after the most recent configuration command. See Table 8-91 for the encoding of values. Note: There is no feedback to the host when an Apply trigger is ignored after failed readiness test (when another configuration is still in progress)",,8-90,Agrees,ConfigStatusLane4
ConfigStatusLane3,ConfigStatusLane3,0x11,203,1,0x0F,Lane-banked,enum4,,,,,RO,Normal,Rqd,,"ConfigStatusLane<i> Configuration Command Execution / Result Status for the Data Path of host lane <i>, during and after the most recent configuration command. See Table 8-91 for the encoding of values. Note: There is no feedback to the host when an Apply trigger is ignored after failed readiness test (when another configuration is still in progress)",,8-90,Agrees,ConfigStatusLane3
ConfigStatusLane6,ConfigStatusLane6,0x11,204,1,0xF0,Lane-banked,enum4,,,,,RO,Normal,Rqd,,"ConfigStatusLane<i> Configuration Command Execution / Result Status for the Data Path of host lane <i>, during and after the most recent configuration command. See Table 8-91 for the encoding of values. Note: There is no feedback to the host when an Apply trigger is ignored after failed readiness test (when another configuration is still in progress)",,8-90,Agrees,ConfigStatusLane6
ConfigStatusLane5,ConfigStatusLane5,0x11,204,1,0x0F,Lane-banked,enum4,,,,,RO,Normal,Rqd,,"ConfigStatusLane<i> Configuration Command Execution / Result Status for the Data Path of host lane <i>, during and after the most recent configuration command. See Table 8-91 for the encoding of values. Note: There is no feedback to the host when an Apply trigger is ignored after failed readiness test (when another configuration is still in progress)",,8-90,Agrees,ConfigStatusLane5
ConfigStatusLane8,ConfigStatusLane8,0x11,205,1,0xF0,Lane-banked,enum4,,,,,RO,Normal,Rqd,,"ConfigStatusLane<i> Configuration Command Execution / Result Status for the Data Path of host lane <i>, during and after the most recent configuration command. See Table 8-91 for the encoding of values. Note: There is no feedback to the host when an Apply trigger is ignored after failed readiness test (when another configuration is still in progress)",,8-90,Agrees,ConfigStatusLane8
ConfigStatusLane7,ConfigStatusLane7,0x11,205,1,0x0F,Lane-banked,enum4,,,,,RO,Normal,Rqd,,"ConfigStatusLane<i> Configuration Command Execution / Result Status for the Data Path of host lane <i>, during and after the most recent configuration command. See Table 8-91 for the encoding of values. Note: There is no feedback to the host when an Apply trigger is ignored after failed readiness test (when another configuration is still in progress)",,8-90,Agrees,ConfigStatusLane7
AppSelCodeLane1.11h,AppSelCodeLane1,0x11,206,1,0xF0,Lane-banked,bitfield4,,,,,RO,Normal,Rqd,,ACS::DPConfigLane1 See Table 8-92,,8-93,Agrees,ActiveAppSelLane1
DataPathIDLane1.11h,DataPathIDLane1,0x11,206,1,0x0E,Lane-banked,bitfield3,,,,,RO,Normal,Rqd,,ACS::DPConfigLane1 See Table 8-92,,8-93,Not in SONiC,
ExplicitControlLane1.11h,ExplicitControlLane1,0x11,206,1,0x01,Lane-banked,bool,,,,,RO,Normal,Rqd,,ACS::DPConfigLane1 See Table 8-92,,8-93,Not in SONiC,
AppSelCodeLane2.11h,AppSelCodeLane2,0x11,207,1,0xF0,Lane-banked,bitfield4,,,,,RO,Normal,Rqd,,ACS::DPConfigLane2 See Table 8-92,,8-93,Agrees,ActiveAppSelLane2
DataPathIDLane2.11h,DataPathIDLane2,0x11,207,1,0x0E,Lane-banked,bitfield3,,,,,RO,Normal,Rqd,,ACS::DPConfigLane2 See Table 8-92,,8-93,Not in SONiC,
ExplicitControlLane2.11h,ExplicitControlLane2,0x11,207,1,0x01,Lane-banked,bool,,,,,RO,Normal,Rqd,,ACS::DPConfigLane2 See Table 8-92,,8-93,Not in SONiC,
AppSelCodeLane3.11h,AppSelCodeLane3,0x11,208,1,0xF0,Lane-banked,bitfield4,,,,,RO,Normal,Rqd,,ACS::DPConfigLane3 See Table 8-92,,8-93,Agrees,ActiveAppSelLane3
DataPathIDLane3.11h,DataPathIDLane3,0x11,208,1,0x0E,Lane-banked,bitfield3,,,,,RO,Normal,Rqd,,ACS::DPConfigLane3 See Table 8-92,,8-93,Not in SONiC,
ExplicitControlLane3.11h,ExplicitControlLane3,0x11,208,1,0x01,Lane-banked,bool,,,,,RO,Normal,Rqd,,ACS::DPConfigLane2 See Table 8-92,,8-93,Not in SONiC,
AppSelCodeLane4.11h,AppSelCodeLane4,0x11,209,1,0xF0,Lane-banked,bitfield4,,,,,RO,Normal,Rqd,,ACS::DPConfigLane4 See Table 8-92,,8-93,Agrees,ActiveAppSelLane4
DataPathIDLane4.11h,DataPathIDLane4,0x11,209,1,0x0E,Lane-banked,bitfield3,,,,,RO,Normal,Rqd,,ACS::DPConfigLane4 See Table 8-92,,8-93,Not in SONiC,
ExplicitControlLane4.11h,ExplicitControlLane4,0x11,209,1,0x01,Lane-banked,bool,,,,,RO,Normal,Rqd,,ACS::DPConfigLane4 See Table 8-92,,8-93,Not in SONiC,
AppSelCodeLane5.11h,AppSelCodeLane5,0x11,210,1,0xF0,Lane-banked,bitfield4,,,,,RO,Normal,Rqd,,ACS::DPConfigLane5 See Table 8-92,,8-93,Agrees,ActiveAppSelLane5
DataPathIDLane5.11h,DataPathIDLane5,0x11,210,1,0x0E,Lane-banked,bitfield3,,,,,RO,Normal,Rqd,,ACS::DPConfigLane5 See Table 8-92,,8-93,Not in SONiC,
ExplicitControlLane5.11h,ExplicitControlLane5,0x11,210,1,0x01,Lane-banked,bool,,,,,RO,Normal,Rqd,,ACS::DPConfigLane5 See Table 8-92,,8-93,Not in SONiC,
AppSelCodeLane6.11h,AppSelCodeLane6,0x11,211,1,0xF0,Lane-banked,bitfield4,,,,,RO,Normal,Rqd,,ACS::DPConfigLane6 See Table 8-92,,8-93,Agrees,ActiveAppSelLane6
DataPathIDLane6.11h,DataPathIDLane6,0x11,211,1,0x0E,Lane-banked,bitfield3,,,,,RO,Normal,Rqd,,ACS::DPConfigLane6 See Table 8-92,,8-93,Not in SONiC,
ExplicitControlLane6.11h,ExplicitControlLane6,0x11,211,1,0x01,Lane-banked,bool,,,,,RO,Normal,Rqd,,ACS::DPConfigLane6 See Table 8-92,,8-93,Not in SONiC,
AppSelCodeLane7.11h,AppSelCodeLane7,0x11,212,1,0xF0,Lane-banked,bitfield4,,,,,RO,Normal,Rqd,,ACS::DPConfigLane7 See Table 8-92,,8-93,Agrees,ActiveAppSelLane7
DataPathIDLane7.11h,DataPathIDLane7,0x11,212,1,0x0E,Lane-banked,bitfield3,,,,,RO,Normal,Rqd,,ACS::DPConfigLane7 See Table 8-92,,8-93,Not in SONiC,
ExplicitControlLane7.11h,ExplicitControlLane7,0x11,212,1,0x01,Lane-banked,bool,,,,,RO,Normal,Rqd,,ACS::DPConfigLane7 See Table 8-92,,8-93,Not in SONiC,
AppSelCodeLane8.11h,AppSelCodeLane8,0x11,213,1,0xF0,Lane-banked,bitfield4,,,,,RO,Normal,Rqd,,ACS::DPConfigLane8 See Table 8-92,,8-93,Agrees,ActiveAppSelLane8
DataPathIDLane8.11h,DataPathIDLane8,0x11,213,1,0x0E,Lane-banked,bitfield3,,,,,RO,Normal,Rqd,,ACS::DPConfigLane8 See Table 8-92,,8-93,Not in SONiC,
ExplicitControlLane8.11h,ExplicitControlLane8,0x11,213,1,0x01,Lane-banked,bool,,,,,RO,Normal,Rqd,,ACS::DPConfigLane8 See Table 8-92,,8-93,Not in SONiC,
AdaptiveInputEqEnableTx8.11h,AdaptiveInputEqEnableTx8,0x11,214,1,0x80,Lane-banked,bool,,,,,RO,Normal,Adv,,"ACS::AdaptiveInputEqEnableTx<i> Adaptive Tx input equalization for lane <i> 1b: Enabled 0b: Disabled (Host-controlled Tx input equalization for lane <i> as per HostControlledInputEqTargetTx<i>, if supported) Advertisement: 01h:161.3",,8-94,Not in SONiC,
AdaptiveInputEqEnableTx7.11h,AdaptiveInputEqEnableTx7,0x11,214,1,0x40,Lane-banked,bool,,,,,RO,Normal,Adv,,"ACS::AdaptiveInputEqEnableTx<i> Adaptive Tx input equalization for lane <i> 1b: Enabled 0b: Disabled (Host-controlled Tx input equalization for lane <i> as per HostControlledInputEqTargetTx<i>, if supported) Advertisement: 01h:161.3",,8-94,Not in SONiC,
AdaptiveInputEqEnableTx6.11h,AdaptiveInputEqEnableTx6,0x11,214,1,0x20,Lane-banked,bool,,,,,RO,Normal,Adv,,"ACS::AdaptiveInputEqEnableTx<i> Adaptive Tx input equalization for lane <i> 1b: Enabled 0b: Disabled (Host-controlled Tx input equalization for lane <i> as per HostControlledInputEqTargetTx<i>, if supported) Advertisement: 01h:161.3",,8-94,Not in SONiC,
AdaptiveInputEqEnableTx5.11h,AdaptiveInputEqEnableTx5,0x11,214,1,0x10,Lane-banked,bool,,,,,RO,Normal,Adv,,"ACS::AdaptiveInputEqEnableTx<i> Adaptive Tx input equalization for lane <i> 1b: Enabled 0b: Disabled (Host-controlled Tx input equalization for lane <i> as per HostControlledInputEqTargetTx<i>, if supported) Advertisement: 01h:161.3",,8-94,Not in SONiC,
AdaptiveInputEqEnableTx4.11h,AdaptiveInputEqEnableTx4,0x11,214,1,0x08,Lane-banked,bool,,,,,RO,Normal,Adv,,"ACS::AdaptiveInputEqEnableTx<i> Adaptive Tx input equalization for lane <i> 1b: Enabled 0b: Disabled (Host-controlled Tx input equalization for lane <i> as per HostControlledInputEqTargetTx<i>, if supported) Advertisement: 01h:161.3",,8-94,Not in SONiC,
AdaptiveInputEqEnableTx3.11h,AdaptiveInputEqEnableTx3,0x11,214,1,0x04,Lane-banked,bool,,,,,RO,Normal,Adv,,"ACS::AdaptiveInputEqEnableTx<i> Adaptive Tx input equalization for lane <i> 1b: Enabled 0b: Disabled (Host-controlled Tx input equalization for lane <i> as per HostControlledInputEqTargetTx<i>, if supported) Advertisement: 01h:161.3",,8-94,Not in SONiC,
AdaptiveInputEqEnableTx2.11h,AdaptiveInputEqEnableTx2,0x11,214,1,0x02,Lane-banked,bool,,,,,RO,Normal,Adv,,"ACS::AdaptiveInputEqEnableTx<i> Adaptive Tx input equalization for lane <i> 1b: Enabled 0b: Disabled (Host-controlled Tx input equalization for lane <i> as per HostControlledInputEqTargetTx<i>, if supported) Advertisement: 01h:161.3",,8-94,Not in SONiC,
AdaptiveInputEqEnableTx1.11h,AdaptiveInputEqEnableTx1,0x11,214,1,0x01,Lane-banked,bool,,,,,RO,Normal,Adv,,"ACS::AdaptiveInputEqEnableTx<i> Adaptive Tx input equalization for lane <i> 1b: Enabled 0b: Disabled (Host-controlled Tx input equalization for lane <i> as per HostControlledInputEqTargetTx<i>, if supported) Advertisement: 01h:161.3",,8-94,Not in SONiC,
AdaptiveInputEqRecalledTx4,AdaptiveInputEqRecalledTx4,0x11,215,1,0xC0,Lane-banked,enum2,,,,,RO,Normal,Adv,,ACS::AdaptiveInputEqRecalledTx<i> Recalled Tx Eq settings status for lane <i> 00b: settings are not recalled 01b: settings have been recalled from recall buffer 1 10b: settings have been recalled from recall buffer 2 11b: reserved Note: See Table 8-73 and Table 8-78 for the recall settings in the staged control sets. Advertisement: 01h:161.6-5,,8-94,Not in SONiC,
AdaptiveInputEqRecalledTx3,AdaptiveInputEqRecalledTx3,0x11,215,1,0x30,Lane-banked,bitfield2,,,,,RO,Normal,Adv,,ACS::AdaptiveInputEqRecalledTx<i> Recalled Tx Eq settings status for lane <i> 00b: settings are not recalled 01b: settings have been recalled from recall buffer 1 10b: settings have been recalled from recall buffer 2 11b: reserved Note: See Table 8-73 and Table 8-78 for the recall settings in the staged control sets. Advertisement: 01h:161.6-5,,8-94,Not in SONiC,
AdaptiveInputEqRecalledTx2,AdaptiveInputEqRecalledTx2,0x11,215,1,0x0C,Lane-banked,bitfield2,,,,,RO,Normal,Adv,,ACS::AdaptiveInputEqRecalledTx<i> Recalled Tx Eq settings status for lane <i> 00b: settings are not recalled 01b: settings have been recalled from recall buffer 1 10b: settings have been recalled from recall buffer 2 11b: reserved Note: See Table 8-73 and Table 8-78 for the recall settings in the staged control sets. Advertisement: 01h:161.6-5,,8-94,Not in SONiC,
AdaptiveInputEqRecalledTx1,AdaptiveInputEqRecalledTx1,0x11,215,1,0x03,Lane-banked,bitfield2,,,,,RO,Normal,Adv,,ACS::AdaptiveInputEqRecalledTx<i> Recalled Tx Eq settings status for lane <i> 00b: settings are not recalled 01b: settings have been recalled from recall buffer 1 10b: settings have been recalled from recall buffer 2 11b: reserved Note: See Table 8-73 and Table 8-78 for the recall settings in the staged control sets. Advertisement: 01h:161.6-5,,8-94,Not in SONiC,
AdaptiveInputEqRecalledTx8,AdaptiveInputEqRecalledTx8,0x11,216,1,0xC0,Lane-banked,bitfield2,,,,,RO,Normal,Adv,,ACS::AdaptiveInputEqRecalledTx<i> Recalled Tx Eq settings status for lane <i> 00b: settings are not recalled 01b: settings have been recalled from recall buffer 1 10b: settings have been recalled from recall buffer 2 11b: reserved Note: See Table 8-73 and Table 8-78 for the recall settings in the staged control sets. Advertisement: 01h:161.6-5,,8-94,Not in SONiC,
AdaptiveInputEqRecalledTx7,AdaptiveInputEqRecalledTx7,0x11,216,1,0x30,Lane-banked,bitfield2,,,,,RO,Normal,Adv,,ACS::AdaptiveInputEqRecalledTx<i> Recalled Tx Eq settings status for lane <i> 00b: settings are not recalled 01b: settings have been recalled from recall buffer 1 10b: settings have been recalled from recall buffer 2 11b: reserved Note: See Table 8-73 and Table 8-78 for the recall settings in the staged control sets. Advertisement: 01h:161.6-5,,8-94,Not in SONiC,
AdaptiveInputEqRecalledTx6,AdaptiveInputEqRecalledTx6,0x11,216,1,0x0C,Lane-banked,bitfield2,,,,,RO,Normal,Adv,,ACS::AdaptiveInputEqRecalledTx<i> Recalled Tx Eq settings status for lane <i> 00b: settings are not recalled 01b: settings have been recalled from recall buffer 1 10b: settings have been recalled from recall buffer 2 11b: reserved Note: See Table 8-73 and Table 8-78 for the recall settings in the staged control sets. Advertisement: 01h:161.6-5,,8-94,Not in SONiC,
AdaptiveInputEqRecalledTx5,AdaptiveInputEqRecalledTx5,0x11,216,1,0x03,Lane-banked,bitfield2,,,,,RO,Normal,Adv,,ACS::AdaptiveInputEqRecalledTx<i> Recalled Tx Eq settings status for lane <i> 00b: settings are not recalled 01b: settings have been recalled from recall buffer 1 10b: settings have been recalled from recall buffer 2 11b: reserved Note: See Table 8-73 and Table 8-78 for the recall settings in the staged control sets. Advertisement: 01h:161.6-5,,8-94,Not in SONiC,
HostControlledInputEqTargetTx2.11h,HostControlledInputEqTargetTx2,0x11,217,1,0xF0,Lane-banked,bitfield4,,,,,RO,Normal,Adv,,ACS:: HostControlledInputEqTargetTx<i> Host-controlled Tx input equalization target for lane <i> encoded as defined in Table 6-6 Advertisement: 01h:161.2,,8-94,Not in SONiC,
HostControlledInputEqTargetTx1.11h,HostControlledInputEqTargetTx1,0x11,217,1,0x0F,Lane-banked,bitfield4,,,,,RO,Normal,Adv,,ACS:: HostControlledInputEqTargetTx<i> Host-controlled Tx input equalization target for lane <i> encoded as defined in Table 6-6 Advertisement: 01h:161.2,,8-94,Not in SONiC,
HostControlledInputEqTargetTx4.11h,HostControlledInputEqTargetTx4,0x11,218,1,0xF0,Lane-banked,bitfield4,,,,,RO,Normal,Adv,,ACS:: HostControlledInputEqTargetTx<i> Host-controlled Tx input equalization target for lane <i> encoded as defined in Table 6-6 Advertisement: 01h:161.2,,8-94,Not in SONiC,
HostControlledInputEqTargetTx3.11h,HostControlledInputEqTargetTx3,0x11,218,1,0x0F,Lane-banked,bitfield4,,,,,RO,Normal,Adv,,ACS:: HostControlledInputEqTargetTx<i> Host-controlled Tx input equalization target for lane <i> encoded as defined in Table 6-6 Advertisement: 01h:161.2,,8-94,Not in SONiC,
HostControlledInputEqTargetTx6.11h,HostControlledInputEqTargetTx6,0x11,219,1,0xF0,Lane-banked,bitfield4,,,,,RO,Normal,Adv,,ACS:: HostControlledInputEqTargetTx<i> Host-controlled Tx input equalization target for lane <i> encoded as defined in Table 6-6 Advertisement: 01h:161.2,,8-94,Not in SONiC,
HostControlledInputEqTargetTx5.11h,HostControlledInputEqTargetTx5,0x11,219,1,0x0F,Lane-banked,bitfield4,,,,,RO,Normal,Adv,,ACS:: HostControlledInputEqTargetTx<i> Host-controlled Tx input equalization target for lane <i> encoded as defined in Table 6-6 Advertisement: 01h:161.2,,8-94,Not in SONiC,
HostControlledInputEqTargetTx8.11h,HostControlledInputEqTargetTx8,0x11,220,1,0xF0,Lane-banked,bitfield4,,,,,RO,Normal,Adv,,ACS:: HostControlledInputEqTargetTx<i> Host-controlled Tx input equalization target for lane <i> encoded as defined in Table 6-6 Advertisement: 01h:161.2,,8-94,Not in SONiC,
HostControlledInputEqTargetTx7.11h,HostControlledInputEqTargetTx7,0x11,220,1,0x0F,Lane-banked,bitfield4,,,,,RO,Normal,Adv,,ACS:: HostControlledInputEqTargetTx<i> Host-controlled Tx input equalization target for lane <i> encoded as defined in Table 6-6 Advertisement: 01h:161.2,,8-94,Not in SONiC,
CDREnableTx8.11h,CDREnableTx8,0x11,221,1,0x80,Lane-banked,bool,,,,,RO,Normal,Adv,,ACS::CDREnableTx<i> 1b: CDR enabled 0b: CDR bypassed Advertisement: 01h:161.1,,8-94,Not in SONiC,
CDREnableTx7.11h,CDREnableTx7,0x11,221,1,0x40,Lane-banked,bool,,,,,RO,Normal,Adv,,ACS::CDREnableTx<i> 1b: CDR enabled 0b: CDR bypassed Advertisement: 01h:161.1,,8-94,Not in SONiC,
CDREnableTx6.11h,CDREnableTx6,0x11,221,1,0x20,Lane-banked,bool,,,,,RO,Normal,Adv,,ACS::CDREnableTx<i> 1b: CDR enabled 0b: CDR bypassed Advertisement: 01h:161.1,,8-94,Not in SONiC,
CDREnableTx5.11h,CDREnableTx5,0x11,221,1,0x10,Lane-banked,bool,,,,,RO,Normal,Adv,,ACS::CDREnableTx<i> 1b: CDR enabled 0b: CDR bypassed Advertisement: 01h:161.1,,8-94,Not in SONiC,
CDREnableTx4.11h,CDREnableTx4,0x11,221,1,0x08,Lane-banked,bool,,,,,RO,Normal,Adv,,ACS::CDREnableTx<i> 1b: CDR enabled 0b: CDR bypassed Advertisement: 01h:161.1,,8-94,Not in SONiC,
CDREnableTx3.11h,CDREnableTx3,0x11,221,1,0x04,Lane-banked,bool,,,,,RO,Normal,Adv,,ACS::CDREnableTx<i> 1b: CDR enabled 0b: CDR bypassed Advertisement: 01h:161.1,,8-94,Not in SONiC,
CDREnableTx2.11h,CDREnableTx2,0x11,221,1,0x02,Lane-banked,bool,,,,,RO,Normal,Adv,,ACS::CDREnableTx<i> 1b: CDR enabled 0b: CDR bypassed Advertisement: 01h:161.1,,8-94,Not in SONiC,
CDREnableTx1.11h,CDREnableTx1,0x11,221,1,0x01,Lane-banked,bool,,,,,RO,Normal,Adv,,ACS::CDREnableTx<i> 1b: CDR enabled 0b: CDR bypassed Advertisement: 01h:161.1,,8-94,Not in SONiC,
CDREnabledRx8,CDREnabledRx8,0x11,222,1,0x80,Lane-banked,bool,,,,,RO,Normal,Adv,,ACS::CDREnableRx<i> 1b: CDR enabled 0b: CDR bypassed Advertisement: 01h:162.1,,8-95,Not in SONiC,
CDREnabledRx7,CDREnabledRx7,0x11,222,1,0x40,Lane-banked,bool,,,,,RO,Normal,Adv,,ACS::CDREnableRx<i> 1b: CDR enabled 0b: CDR bypassed Advertisement: 01h:162.1,,8-95,Not in SONiC,
CDREnabledRx6,CDREnabledRx6,0x11,222,1,0x20,Lane-banked,bool,,,,,RO,Normal,Adv,,ACS::CDREnableRx<i> 1b: CDR enabled 0b: CDR bypassed Advertisement: 01h:162.1,,8-95,Not in SONiC,
CDREnabledRx5,CDREnabledRx5,0x11,222,1,0x10,Lane-banked,bool,,,,,RO,Normal,Adv,,ACS::CDREnableRx<i> 1b: CDR enabled 0b: CDR bypassed Advertisement: 01h:162.1,,8-95,Not in SONiC,
CDREnabledRx4,CDREnabledRx4,0x11,222,1,0x08,Lane-banked,bool,,,,,RO,Normal,Adv,,ACS::CDREnableRx<i> 1b: CDR enabled 0b: CDR bypassed Advertisement: 01h:162.1,,8-95,Not in SONiC,
CDREnabledRx3,CDREnabledRx3,0x11,222,1,0x04,Lane-banked,bool,,,,,RO,Normal,Adv,,ACS::CDREnableRx<i> 1b: CDR enabled 0b: CDR bypassed Advertisement: 01h:162.1,,8-95,Not in SONiC,
CDREnabledRx2,CDREnabledRx2,0x11,222,1,0x02,Lane-banked,bool,,,,,RO,Normal,Adv,,ACS::CDREnableRx<i> 1b: CDR enabled 0b: CDR bypassed Advertisement: 01h:162.1,,8-95,Not in SONiC,
CDREnabledRx1,CDREnabledRx1,0x11,222,1,0x01,Lane-banked,bool,,,,,RO,Normal,Adv,,ACS::CDREnableRx<i> 1b: CDR enabled 0b: CDR bypassed Advertisement: 01h:162.1,,8-95,Not in SONiC,
OutputEqPreCursorTargetRx2.11h,OutputEqPreCursorTargetRx2,0x11,223,1,0xF0,Lane-banked,bitfield4,,,,,RO,Normal,Adv,,ACS::OutputEqPreCursorTargetRx<i> Rx output pre-cursor equalization for lane <i> encoded as per Table 6-7 Advertisement: 01h:162.4-3,,8-95,Not in SONiC,
OutputEqPreCursorTargetRx1.11h,OutputEqPreCursorTargetRx1,0x11,223,1,0x0F,Lane-banked,bitfield4,,,,,RO,Normal,Adv,,ACS::OutputEqPreCursorTargetRx<i> Rx output pre-cursor equalization for lane <i> encoded as per Table 6-7 Advertisement: 01h:162.4-3,,8-95,Not in SONiC,
OutputEqPreCursorTargetRx4.11h,OutputEqPreCursorTargetRx4,0x11,224,1,0xF0,Lane-banked,bitfield4,,,,,RO,Normal,Adv,,ACS::OutputEqPreCursorTargetRx<i> Rx output pre-cursor equalization for lane <i> encoded as per Table 6-7 Advertisement: 01h:162.4-3,,8-95,Not in SONiC,
OutputEqPreCursorTargetRx3.11h,OutputEqPreCursorTargetRx3,0x11,224,1,0x0F,Lane-banked,bitfield4,,,,,RO,Normal,Adv,,ACS::OutputEqPreCursorTargetRx<i> Rx output pre-cursor equalization for lane <i> encoded as per Table 6-7 Advertisement: 01h:162.4-3,,8-95,Not in SONiC,
OutputEqPreCursorTargetRx6.11h,OutputEqPreCursorTargetRx6,0x11,225,1,0xF0,Lane-banked,bitfield4,,,,,RO,Normal,Adv,,ACS::OutputEqPreCursorTargetRx<i> Rx output pre-cursor equalization for lane <i> encoded as per Table 6-7 Advertisement: 01h:162.4-3,,8-95,Not in SONiC,
OutputEqPreCursorTargetRx5.11h,OutputEqPreCursorTargetRx5,0x11,225,1,0x0F,Lane-banked,bitfield4,,,,,RO,Normal,Adv,,ACS::OutputEqPreCursorTargetRx<i> Rx output pre-cursor equalization for lane <i> encoded as per Table 6-7 Advertisement: 01h:162.4-3,,8-95,Not in SONiC,
OutputEqPreCursorTargetRx8.11h,OutputEqPreCursorTargetRx8,0x11,226,1,0xF0,Lane-banked,bitfield4,,,,,RO,Normal,Adv,,ACS::OutputEqPreCursorTargetRx<i> Rx output pre-cursor equalization for lane <i> encoded as per Table 6-7 Advertisement: 01h:162.4-3,,8-95,Not in SONiC,
OutputEqPreCursorTargetRx7.11h,OutputEqPreCursorTargetRx7,0x11,226,1,0x0F,Lane-banked,bitfield4,,,,,RO,Normal,Adv,,ACS::OutputEqPreCursorTargetRx<i> Rx output pre-cursor equalization for lane <i> encoded as per Table 6-7 Advertisement: 01h:162.4-3,,8-95,Not in SONiC,
OutputEqPostCursorTargetRx2.11h,OutputEqPostCursorTargetRx2,0x11,227,1,0xF0,Lane-banked,bitfield4,,,,,RO,Normal,Adv,,ACS::OutputEqPostCursorTargetRx<i> Rx output post-cursor equalization for lane <i> encoded as per Table 6-7 Advertisement: 01h:162.4-3,,8-95,Not in SONiC,
OutputEqPostCursorTargetRx1.11h,OutputEqPostCursorTargetRx1,0x11,227,1,0x0F,Lane-banked,bitfield4,,,,,RO,Normal,Adv,,ACS::OutputEqPostCursorTargetRx<i> Rx output post-cursor equalization for lane <i> encoded as per Table 6-7 Advertisement: 01h:162.4-3,,8-95,Not in SONiC,
OutputEqPostCursorTargetRx4.11h,OutputEqPostCursorTargetRx4,0x11,228,1,0xF0,Lane-banked,bitfield4,,,,,RO,Normal,Adv,,ACS::OutputEqPostCursorTargetRx<i> Rx output post-cursor equalization for lane <i> encoded as per Table 6-7 Advertisement: 01h:162.4-3,,8-95,Not in SONiC,
OutputEqPostCursorTargetRx3.11h,OutputEqPostCursorTargetRx3,0x11,228,1,0x0F,Lane-banked,bitfield4,,,,,RO,Normal,Adv,,ACS::OutputEqPostCursorTargetRx<i> Rx output post-cursor equalization for lane <i> encoded as per Table 6-7 Advertisement: 01h:162.4-3,,8-95,Not in SONiC,
OutputEqPostCursorTargetRx6.11h,OutputEqPostCursorTargetRx6,0x11,229,1,0xF0,Lane-banked,bitfield4,,,,,RO,Normal,Adv,,ACS::OutputEqPostCursorTargetRx<i> Rx output post-cursor equalization for lane <i> encoded as per Table 6-7 Advertisement: 01h:162.4-3,,8-95,Not in SONiC,
OutputEqPostCursorTargetRx5.11h,OutputEqPostCursorTargetRx5,0x11,229,1,0x0F,Lane-banked,bitfield4,,,,,RO,Normal,Adv,,ACS::OutputEqPostCursorTargetRx<i> Rx output post-cursor equalization for lane <i> encoded as per Table 6-7 Advertisement: 01h:162.4-3,,8-95,Not in SONiC,
OutputEqPostCursorTargetRx8.11h,OutputEqPostCursorTargetRx8,0x11,230,1,0xF0,Lane-banked,bitfield4,,,,,RO,Normal,Adv,,ACS::OutputEqPostCursorTargetRx<i> Rx output post-cursor equalization for lane <i> encoded as per Table 6-7 Advertisement: 01h:162.4-3,,8-95,Not in SONiC,
OutputEqPostCursorTargetRx7.11h,OutputEqPostCursorTargetRx7,0x11,230,1,0x0F,Lane-banked,bitfield4,,,,,RO,Normal,Adv,,ACS::OutputEqPostCursorTargetRx<i> Rx output post-cursor equalization for lane <i> encoded as per Table 6-7 Advertisement: 01h:162.4-3,,8-95,Not in SONiC,
OutputAmplitudeTargetRx2.11h,OutputAmplitudeTargetRx2,0x11,231,1,0xF0,Lane-banked,bitfield4,,,,,RO,Normal,Adv,,ACS::OutputAmplitudeTargetRx<i> Rx output amplitude level for lane <i> encoded as per Table 6-8 Advertisement: 01h:162.2,,8-95,Not in SONiC,
OutputAmplitudeTargetRx1.11h,OutputAmplitudeTargetRx1,0x11,231,1,0x0F,Lane-banked,bitfield4,,,,,RO,Normal,Adv,,ACS::OutputAmplitudeTargetRx<i> Rx output amplitude level for lane <i> encoded as per Table 6-8 Advertisement: 01h:162.2,,8-95,Not in SONiC,
OutputAmplitudeTargetRx4.11h,OutputAmplitudeTargetRx4,0x11,232,1,0xF0,Lane-banked,bitfield4,,,,,RO,Normal,Adv,,ACS::OutputAmplitudeTargetRx<i> Rx output amplitude level for lane <i> encoded as per Table 6-8 Advertisement: 01h:162.2,,8-95,Not in SONiC,
OutputAmplitudeTargetRx3.11h,OutputAmplitudeTargetRx3,0x11,232,1,0x0F,Lane-banked,bitfield4,,,,,RO,Normal,Adv,,ACS::OutputAmplitudeTargetRx<i> Rx output amplitude level for lane <i> encoded as per Table 6-8 Advertisement: 01h:162.2,,8-95,Not in SONiC,
OutputAmplitudeTargetRx6.11h,OutputAmplitudeTargetRx6,0x11,233,1,0xF0,Lane-banked,bitfield4,,,,,RO,Normal,Adv,,ACS::OutputAmplitudeTargetRx<i> Rx output amplitude level for lane <i> encoded as per Table 6-8 Advertisement: 01h:162.2,,8-95,Not in SONiC,
OutputAmplitudeTargetRx5.11h,OutputAmplitudeTargetRx5,0x11,233,1,0x0F,Lane-banked,bitfield4,,,,,RO,Normal,Adv,,ACS::OutputAmplitudeTargetRx<i> Rx output amplitude level for lane <i> encoded as per Table 6-8 Advertisement: 01h:162.2,,8-95,Not in SONiC,
OutputAmplitudeTargetRx8.11h,OutputAmplitudeTargetRx8,0x11,234,1,0xF0,Lane-banked,bitfield4,,,,,RO,Normal,Adv,,ACS::OutputAmplitudeTargetRx<i> Rx output amplitude level for lane <i> encoded as per Table 6-8 Advertisement: 01h:162.2,,8-95,Not in SONiC,
OutputAmplitudeTargetRx7.11h,OutputAmplitudeTargetRx7,0x11,234,1,0x0F,Lane-banked,bitfield4,,,,,RO,Normal,Adv,,ACS::OutputAmplitudeTargetRx<i> Rx output amplitude level for lane <i> encoded as per Table 6-8 Advertisement: 01h:162.2,,8-95,Not in SONiC,
DPInitPendingLane8,DPInitPendingLane8,0x11,235,1,0x80,Lane-banked,bool,,,,,RO,Normal,Rqd,,"DPInitPendingLane<i> 0b: DPInit not pending 1b: DPInit not yet executed after successful ApplyDPInit, hence the Active Control Set content may deviate from the actual hardware configuration. Note: When SteppedConfigOnly=0, the DPInitPendingLane<i> bits are evaluated in DPSM exit condition equations, see section 6.3.3.1.",,8-96,Agrees,DPInitPending8
DPInitPendingLane7,DPInitPendingLane7,0x11,235,1,0x40,Lane-banked,bool,,,,,RO,Normal,Rqd,,"DPInitPendingLane<i> 0b: DPInit not pending 1b: DPInit not yet executed after successful ApplyDPInit, hence the Active Control Set content may deviate from the actual hardware configuration. Note: When SteppedConfigOnly=0, the DPInitPendingLane<i> bits are evaluated in DPSM exit condition equations, see section 6.3.3.1.",,8-96,Agrees,DPInitPending7
DPInitPendingLane6,DPInitPendingLane6,0x11,235,1,0x20,Lane-banked,bool,,,,,RO,Normal,Rqd,,"DPInitPendingLane<i> 0b: DPInit not pending 1b: DPInit not yet executed after successful ApplyDPInit, hence the Active Control Set content may deviate from the actual hardware configuration. Note: When SteppedConfigOnly=0, the DPInitPendingLane<i> bits are evaluated in DPSM exit condition equations, see section 6.3.3.1.",,8-96,Agrees,DPInitPending6
DPInitPendingLane5,DPInitPendingLane5,0x11,235,1,0x10,Lane-banked,bool,,,,,RO,Normal,Rqd,,"DPInitPendingLane<i> 0b: DPInit not pending 1b: DPInit not yet executed after successful ApplyDPInit, hence the Active Control Set content may deviate from the actual hardware configuration. Note: When SteppedConfigOnly=0, the DPInitPendingLane<i> bits are evaluated in DPSM exit condition equations, see section 6.3.3.1.",,8-96,Agrees,DPInitPending5
DPInitPendingLane4,DPInitPendingLane4,0x11,235,1,0x08,Lane-banked,bool,,,,,RO,Normal,Rqd,,"DPInitPendingLane<i> 0b: DPInit not pending 1b: DPInit not yet executed after successful ApplyDPInit, hence the Active Control Set content may deviate from the actual hardware configuration. Note: When SteppedConfigOnly=0, the DPInitPendingLane<i> bits are evaluated in DPSM exit condition equations, see section 6.3.3.1.",,8-96,Agrees,DPInitPending4
DPInitPendingLane3,DPInitPendingLane3,0x11,235,1,0x04,Lane-banked,bool,,,,,RO,Normal,Rqd,,"DPInitPendingLane<i> 0b: DPInit not pending 1b: DPInit not yet executed after successful ApplyDPInit, hence the Active Control Set content may deviate from the actual hardware configuration. Note: When SteppedConfigOnly=0, the DPInitPendingLane<i> bits are evaluated in DPSM exit condition equations, see section 6.3.3.1.",,8-96,Agrees,DPInitPending3
DPInitPendingLane2,DPInitPendingLane2,0x11,235,1,0x02,Lane-banked,bool,,,,,RO,Normal,Rqd,,"DPInitPendingLane<i> 0b: DPInit not pending 1b: DPInit not yet executed after successful ApplyDPInit, hence the Active Control Set content may deviate from the actual hardware configuration. Note: When SteppedConfigOnly=0, the DPInitPendingLane<i> bits are evaluated in DPSM exit condition equations, see section 6.3.3.1.",,8-96,Agrees,DPInitPending2
DPInitPendingLane1,DPInitPendingLane1,0x11,235,1,0x01,Lane-banked,bool,,,,,RO,Normal,Rqd,,"DPInitPendingLane<i> 0b: DPInit not pending 1b: DPInit not yet executed after successful ApplyDPInit, hence the Active Control Set content may deviate from the actual hardware configuration. Note: When SteppedConfigOnly=0, the DPInitPendingLane<i> bits are evaluated in DPSM exit condition equations, see section 6.3.3.1.",,8-96,Agrees,DPInitPending1
Reserved.11h,Reserved,0x11,236,4,,Lane-banked,,,,,,RO,Normal,,,Reserved[4],,8-96,Not in SONiC,
MediaLaneToWavelengthMappingTx1,MediaLaneToWavelengthMappingTx1,0x11,240,1,0xF0,Lane-banked,bitfield4,,,,,RO,Normal,Cnd,,MediaLaneToWavelengthMappingTx<i> Mapping of media lane <i> 0000: Mapping unknown or undefined 0001: Maps to media wavelength 1 0010: Maps to media wavelength 2 0011: Maps to media wavelength 3 0100: Maps to media wavelength 4 0101: Maps to media wavelength 5 0110: Maps to media wavelength 6 0111: Maps to media wavelength 7 1000: Maps to media wavelength 8 1001-1111: Reserved MediaLaneToFiberMappingTx<i> Mapping of media lane <i> 0000: Mapping unknown or undefined 0001: Maps to media fiber 1 or TR1 0010: Maps to media fiber 2 or RT1 0011: Maps to media fiber 3 or TR2 0100: Maps to media fiber 4 or RT2,,8-97,Not in SONiC,
MediaLaneToFiberMappingTx1,MediaLaneToFiberMappingTx1,0x11,240,1,0x0F,Lane-banked,bitfield4,,,,,RO,Normal,Cnd,,MediaLaneToWavelengthMappingTx<i> Mapping of media lane <i> 0000: Mapping unknown or undefined 0001: Maps to media wavelength 1 0010: Maps to media wavelength 2 0011: Maps to media wavelength 3 0100: Maps to media wavelength 4 0101: Maps to media wavelength 5 0110: Maps to media wavelength 6 0111: Maps to media wavelength 7 1000: Maps to media wavelength 8 1001-1111: Reserved MediaLaneToFiberMappingTx<i> Mapping of media lane <i> 0000: Mapping unknown or undefined 0001: Maps to media fiber 1 or TR1 0010: Maps to media fiber 2 or RT1 0011: Maps to media fiber 3 or TR2 0100: Maps to media fiber 4 or RT2,,8-97,Not in SONiC,
MediaLaneToWavelengthMappingTx2,MediaLaneToWavelengthMappingTx2,0x11,241,1,0xF0,Lane-banked,bitfield4,,,,,RO,Normal,Cnd,,MediaLaneToWavelengthMappingTx<i> Mapping of media lane <i> 0000: Mapping unknown or undefined 0001: Maps to media wavelength 1 0010: Maps to media wavelength 2 0011: Maps to media wavelength 3 0100: Maps to media wavelength 4 0101: Maps to media wavelength 5 0110: Maps to media wavelength 6 0111: Maps to media wavelength 7 1000: Maps to media wavelength 8 1001-1111: Reserved MediaLaneToFiberMappingTx<i> Mapping of media lane <i> 0000: Mapping unknown or undefined 0001: Maps to media fiber 1 or TR1 0010: Maps to media fiber 2 or RT1 0011: Maps to media fiber 3 or TR2 0100: Maps to media fiber 4 or RT2,,8-97,Not in SONiC,
MediaLaneToFiberMappingTx2,MediaLaneToFiberMappingTx2,0x11,241,1,0x0F,Lane-banked,bitfield4,,,,,RO,Normal,Cnd,,MediaLaneToWavelengthMappingTx<i> Mapping of media lane <i> 0000: Mapping unknown or undefined 0001: Maps to media wavelength 1 0010: Maps to media wavelength 2 0011: Maps to media wavelength 3 0100: Maps to media wavelength 4 0101: Maps to media wavelength 5 0110: Maps to media wavelength 6 0111: Maps to media wavelength 7 1000: Maps to media wavelength 8 1001-1111: Reserved MediaLaneToFiberMappingTx<i> Mapping of media lane <i> 0000: Mapping unknown or undefined 0001: Maps to media fiber 1 or TR1 0010: Maps to media fiber 2 or RT1 0011: Maps to media fiber 3 or TR2 0100: Maps to media fiber 4 or RT2,,8-97,Not in SONiC,
MediaLaneToWavelengthMappingTx3,MediaLaneToWavelengthMappingTx3,0x11,242,1,0xF0,Lane-banked,bitfield4,,,,,RO,Normal,Cnd,,MediaLaneToWavelengthMappingTx<i> Mapping of media lane <i> 0000: Mapping unknown or undefined 0001: Maps to media wavelength 1 0010: Maps to media wavelength 2 0011: Maps to media wavelength 3 0100: Maps to media wavelength 4 0101: Maps to media wavelength 5 0110: Maps to media wavelength 6 0111: Maps to media wavelength 7 1000: Maps to media wavelength 8 1001-1111: Reserved MediaLaneToFiberMappingTx<i> Mapping of media lane <i> 0000: Mapping unknown or undefined 0001: Maps to media fiber 1 or TR1 0010: Maps to media fiber 2 or RT1 0011: Maps to media fiber 3 or TR2 0100: Maps to media fiber 4 or RT2,,8-97,Not in SONiC,
MediaLaneToFiberMappingTx3,MediaLaneToFiberMappingTx3,0x11,242,1,0x0F,Lane-banked,bitfield4,,,,,RO,Normal,Cnd,,MediaLaneToWavelengthMappingTx<i> Mapping of media lane <i> 0000: Mapping unknown or undefined 0001: Maps to media wavelength 1 0010: Maps to media wavelength 2 0011: Maps to media wavelength 3 0100: Maps to media wavelength 4 0101: Maps to media wavelength 5 0110: Maps to media wavelength 6 0111: Maps to media wavelength 7 1000: Maps to media wavelength 8 1001-1111: Reserved MediaLaneToFiberMappingTx<i> Mapping of media lane <i> 0000: Mapping unknown or undefined 0001: Maps to media fiber 1 or TR1 0010: Maps to media fiber 2 or RT1 0011: Maps to media fiber 3 or TR2 0100: Maps to media fiber 4 or RT2,,8-97,Not in SONiC,
MediaLaneToWavelengthMappingTx4,MediaLaneToWavelengthMappingTx4,0x11,243,1,0xF0,Lane-banked,bitfield4,,,,,RO,Normal,Cnd,,MediaLaneToWavelengthMappingTx<i> Mapping of media lane <i> 0000: Mapping unknown or undefined 0001: Maps to media wavelength 1 0010: Maps to media wavelength 2 0011: Maps to media wavelength 3 0100: Maps to media wavelength 4 0101: Maps to media wavelength 5 0110: Maps to media wavelength 6 0111: Maps to media wavelength 7 1000: Maps to media wavelength 8 1001-1111: Reserved MediaLaneToFiberMappingTx<i> Mapping of media lane <i> 0000: Mapping unknown or undefined 0001: Maps to media fiber 1 or TR1 0010: Maps to media fiber 2 or RT1 0011: Maps to media fiber 3 or TR2 0100: Maps to media fiber 4 or RT2,,8-97,Not in SONiC,
MediaLaneToFiberMappingTx4,MediaLaneToFiberMappingTx4,0x11,243,1,0x0F,Lane-banked,bitfield4,,,,,RO,Normal,Cnd,,MediaLaneToWavelengthMappingTx<i> Mapping of media lane <i> 0000: Mapping unknown or undefined 0001: Maps to media wavelength 1 0010: Maps to media wavelength 2 0011: Maps to media wavelength 3 0100: Maps to media wavelength 4 0101: Maps to media wavelength 5 0110: Maps to media wavelength 6 0111: Maps to media wavelength 7 1000: Maps to media wavelength 8 1001-1111: Reserved MediaLaneToFiberMappingTx<i> Mapping of media lane <i> 0000: Mapping unknown or undefined 0001: Maps to media fiber 1 or TR1 0010: Maps to media fiber 2 or RT1 0011: Maps to media fiber 3 or TR2 0100: Maps to media fiber 4 or RT2,,8-97,Not in SONiC,
MediaLaneToWavelengthMappingTx5,MediaLaneToWavelengthMappingTx5,0x11,244,1,0xF0,Lane-banked,bitfield4,,,,,RO,Normal,Cnd,,MediaLaneToWavelengthMappingTx<i> Mapping of media lane <i> 0000: Mapping unknown or undefined 0001: Maps to media wavelength 1 0010: Maps to media wavelength 2 0011: Maps to media wavelength 3 0100: Maps to media wavelength 4 0101: Maps to media wavelength 5 0110: Maps to media wavelength 6 0111: Maps to media wavelength 7 1000: Maps to media wavelength 8 1001-1111: Reserved MediaLaneToFiberMappingTx<i> Mapping of media lane <i> 0000: Mapping unknown or undefined 0001: Maps to media fiber 1 or TR1 0010: Maps to media fiber 2 or RT1 0011: Maps to media fiber 3 or TR2 0100: Maps to media fiber 4 or RT2,,8-97,Not in SONiC,
MediaLaneToFiberMappingTx5,MediaLaneToFiberMappingTx5,0x11,244,1,0x0F,Lane-banked,bitfield4,,,,,RO,Normal,Cnd,,MediaLaneToWavelengthMappingTx<i> Mapping of media lane <i> 0000: Mapping unknown or undefined 0001: Maps to media wavelength 1 0010: Maps to media wavelength 2 0011: Maps to media wavelength 3 0100: Maps to media wavelength 4 0101: Maps to media wavelength 5 0110: Maps to media wavelength 6 0111: Maps to media wavelength 7 1000: Maps to media wavelength 8 1001-1111: Reserved MediaLaneToFiberMappingTx<i> Mapping of media lane <i> 0000: Mapping unknown or undefined 0001: Maps to media fiber 1 or TR1 0010: Maps to media fiber 2 or RT1 0011: Maps to media fiber 3 or TR2 0100: Maps to media fiber 4 or RT2,,8-97,Not in SONiC,
MediaLaneToWavelengthMappingTx6,MediaLaneToWavelengthMappingTx6,0x11,245,1,0xF0,Lane-banked,bitfield4,,,,,RO,Normal,Cnd,,MediaLaneToWavelengthMappingTx<i> Mapping of media lane <i> 0000: Mapping unknown or undefined 0001: Maps to media wavelength 1 0010: Maps to media wavelength 2 0011: Maps to media wavelength 3 0100: Maps to media wavelength 4 0101: Maps to media wavelength 5 0110: Maps to media wavelength 6 0111: Maps to media wavelength 7 1000: Maps to media wavelength 8 1001-1111: Reserved MediaLaneToFiberMappingTx<i> Mapping of media lane <i> 0000: Mapping unknown or undefined 0001: Maps to media fiber 1 or TR1 0010: Maps to media fiber 2 or RT1 0011: Maps to media fiber 3 or TR2 0100: Maps to media fiber 4 or RT2,,8-97,Not in SONiC,
MediaLaneToFiberMappingTx6,MediaLaneToFiberMappingTx6,0x11,245,1,0x0F,Lane-banked,bitfield4,,,,,RO,Normal,Cnd,,MediaLaneToWavelengthMappingTx<i> Mapping of media lane <i> 0000: Mapping unknown or undefined 0001: Maps to media wavelength 1 0010: Maps to media wavelength 2 0011: Maps to media wavelength 3 0100: Maps to media wavelength 4 0101: Maps to media wavelength 5 0110: Maps to media wavelength 6 0111: Maps to media wavelength 7 1000: Maps to media wavelength 8 1001-1111: Reserved MediaLaneToFiberMappingTx<i> Mapping of media lane <i> 0000: Mapping unknown or undefined 0001: Maps to media fiber 1 or TR1 0010: Maps to media fiber 2 or RT1 0011: Maps to media fiber 3 or TR2 0100: Maps to media fiber 4 or RT2,,8-97,Not in SONiC,
MediaLaneToWavelengthMappingTx7,MediaLaneToWavelengthMappingTx7,0x11,246,1,0xF0,Lane-banked,bitfield4,,,,,RO,Normal,Cnd,,MediaLaneToWavelengthMappingTx<i> Mapping of media lane <i> 0000: Mapping unknown or undefined 0001: Maps to media wavelength 1 0010: Maps to media wavelength 2 0011: Maps to media wavelength 3 0100: Maps to media wavelength 4 0101: Maps to media wavelength 5 0110: Maps to media wavelength 6 0111: Maps to media wavelength 7 1000: Maps to media wavelength 8 1001-1111: Reserved MediaLaneToFiberMappingTx<i> Mapping of media lane <i> 0000: Mapping unknown or undefined 0001: Maps to media fiber 1 or TR1 0010: Maps to media fiber 2 or RT1 0011: Maps to media fiber 3 or TR2 0100: Maps to media fiber 4 or RT2,,8-97,Not in SONiC,
MediaLaneToFiberMappingTx7,MediaLaneToFiberMappingTx7,0x11,246,1,0x0F,Lane-banked,bitfield4,,,,,RO,Normal,Cnd,,MediaLaneToWavelengthMappingTx<i> Mapping of media lane <i> 0000: Mapping unknown or undefined 0001: Maps to media wavelength 1 0010: Maps to media wavelength 2 0011: Maps to media wavelength 3 0100: Maps to media wavelength 4 0101: Maps to media wavelength 5 0110: Maps to media wavelength 6 0111: Maps to media wavelength 7 1000: Maps to media wavelength 8 1001-1111: Reserved MediaLaneToFiberMappingTx<i> Mapping of media lane <i> 0000: Mapping unknown or undefined 0001: Maps to media fiber 1 or TR1 0010: Maps to media fiber 2 or RT1 0011: Maps to media fiber 3 or TR2 0100: Maps to media fiber 4 or RT2,,8-97,Not in SONiC,
MediaLaneToWavelengthMappingTx8,MediaLaneToWavelengthMappingTx8,0x11,247,1,0xF0,Lane-banked,bitfield4,,,,,RO,Normal,Cnd,,MediaLaneToWavelengthMappingTx<i> Mapping of media lane <i> 0000: Mapping unknown or undefined 0001: Maps to media wavelength 1 0010: Maps to media wavelength 2 0011: Maps to media wavelength 3 0100: Maps to media wavelength 4 0101: Maps to media wavelength 5 0110: Maps to media wavelength 6 0111: Maps to media wavelength 7 1000: Maps to media wavelength 8 1001-1111: Reserved MediaLaneToFiberMappingTx<i> Mapping of media lane <i> 0000: Mapping unknown or undefined 0001: Maps to media fiber 1 or TR1 0010: Maps to media fiber 2 or RT1 0011: Maps to media fiber 3 or TR2 0100: Maps to media fiber 4 or RT2,,8-97,Not in SONiC,
MediaLaneToFiberMappingTx8,MediaLaneToFiberMappingTx8,0x11,247,1,0x0F,Lane-banked,bitfield4,,,,,RO,Normal,Cnd,,MediaLaneToWavelengthMappingTx<i> Mapping of media lane <i> 0000: Mapping unknown or undefined 0001: Maps to media wavelength 1 0010: Maps to media wavelength 2 0011: Maps to media wavelength 3 0100: Maps to media wavelength 4 0101: Maps to media wavelength 5 0110: Maps to media wavelength 6 0111: Maps to media wavelength 7 1000: Maps to media wavelength 8 1001-1111: Reserved MediaLaneToFiberMappingTx<i> Mapping of media lane <i> 0000: Mapping unknown or undefined 0001: Maps to media fiber 1 or TR1 0010: Maps to media fiber 2 or RT1 0011: Maps to media fiber 3 or TR2 0100: Maps to media fiber 4 or RT2,,8-97,Not in SONiC,
MediaLaneToWavelengthMappingRx1,MediaLaneToWavelengthMappingRx1,0x11,248,1,0xF0,Lane-banked,bitfield4,,,,,RO,Normal,Cnd,,MediaLaneToWavelengthMappingTx<i> Mapping of media lane <i> 0000: Mapping unknown or undefined 0001: Maps to media wavelength 1 0010: Maps to media wavelength 2 0011: Maps to media wavelength 3 0100: Maps to media wavelength 4 0101: Maps to media wavelength 5 0110: Maps to media wavelength 6 0111: Maps to media wavelength 7 1000: Maps to media wavelength 8 1001-1111: Reserved MediaLaneToFiberMappingTx<i> Mapping of media lane <i> 0000: Mapping unknown or undefined 0001: Maps to media fiber 1 or TR1 0010: Maps to media fiber 2 or RT1 0011: Maps to media fiber 3 or TR2 0100: Maps to media fiber 4 or RT2,,8-97,Not in SONiC,
MediaLaneToFiberMappingRx1,MediaLaneToFiberMappingRx1,0x11,248,1,0x0F,Lane-banked,bitfield4,,,,,RO,Normal,Cnd,,MediaLaneToWavelengthMappingTx<i> Mapping of media lane <i> 0000: Mapping unknown or undefined 0001: Maps to media wavelength 1 0010: Maps to media wavelength 2 0011: Maps to media wavelength 3 0100: Maps to media wavelength 4 0101: Maps to media wavelength 5 0110: Maps to media wavelength 6 0111: Maps to media wavelength 7 1000: Maps to media wavelength 8 1001-1111: Reserved MediaLaneToFiberMappingTx<i> Mapping of media lane <i> 0000: Mapping unknown or undefined 0001: Maps to media fiber 1 or TR1 0010: Maps to media fiber 2 or RT1 0011: Maps to media fiber 3 or TR2 0100: Maps to media fiber 4 or RT2,,8-97,Not in SONiC,
MediaLaneToWavelengthMappingRx2,MediaLaneToWavelengthMappingRx2,0x11,249,1,0xF0,Lane-banked,bitfield4,,,,,RO,Normal,Cnd,,MediaLaneToWavelengthMappingTx<i> Mapping of media lane <i> 0000: Mapping unknown or undefined 0001: Maps to media wavelength 1 0010: Maps to media wavelength 2 0011: Maps to media wavelength 3 0100: Maps to media wavelength 4 0101: Maps to media wavelength 5 0110: Maps to media wavelength 6 0111: Maps to media wavelength 7 1000: Maps to media wavelength 8 1001-1111: Reserved MediaLaneToFiberMappingTx<i> Mapping of media lane <i> 0000: Mapping unknown or undefined 0001: Maps to media fiber 1 or TR1 0010: Maps to media fiber 2 or RT1 0011: Maps to media fiber 3 or TR2 0100: Maps to media fiber 4 or RT2,,8-97,Not in SONiC,
MediaLaneToFiberMappingRx2,MediaLaneToFiberMappingRx2,0x11,249,1,0x0F,Lane-banked,bitfield4,,,,,RO,Normal,Cnd,,MediaLaneToWavelengthMappingTx<i> Mapping of media lane <i> 0000: Mapping unknown or undefined 0001: Maps to media wavelength 1 0010: Maps to media wavelength 2 0011: Maps to media wavelength 3 0100: Maps to media wavelength 4 0101: Maps to media wavelength 5 0110: Maps to media wavelength 6 0111: Maps to media wavelength 7 1000: Maps to media wavelength 8 1001-1111: Reserved MediaLaneToFiberMappingTx<i> Mapping of media lane <i> 0000: Mapping unknown or undefined 0001: Maps to media fiber 1 or TR1 0010: Maps to media fiber 2 or RT1 0011: Maps to media fiber 3 or TR2 0100: Maps to media fiber 4 or RT2,,8-97,Not in SONiC,
MediaLaneToWavelengthMappingRx3,MediaLaneToWavelengthMappingRx3,0x11,250,1,0xF0,Lane-banked,bitfield4,,,,,RO,Normal,Cnd,,0101: Maps to media fiber 5 or TR3 0110: Maps to media fiber 6 or RT3 0111: Maps to media fiber 7 or TR4 1000: Maps to media fiber 8 or RT4 1001-1111: Reserved,,8-97,Not in SONiC,
MediaLaneToFiberMappingRx3,MediaLaneToFiberMappingRx3,0x11,250,1,0x0F,Lane-banked,bitfield4,,,,,RO,Normal,Cnd,,0101: Maps to media fiber 5 or TR3 0110: Maps to media fiber 6 or RT3 0111: Maps to media fiber 7 or TR4 1000: Maps to media fiber 8 or RT4 1001-1111: Reserved,,8-97,Not in SONiC,
MediaLaneToWavelengthMappingRx4,MediaLaneToWavelengthMappingRx4,0x11,251,1,0xF0,Lane-banked,bitfield4,,,,,RO,Normal,Cnd,,0101: Maps to media fiber 5 or TR3 0110: Maps to media fiber 6 or RT3 0111: Maps to media fiber 7 or TR4 1000: Maps to media fiber 8 or RT4 1001-1111: Reserved,,8-97,Not in SONiC,
MediaLaneToFiberMappingRx4,MediaLaneToFiberMappingRx4,0x11,251,1,0x0F,Lane-banked,bitfield4,,,,,RO,Normal,Cnd,,0101: Maps to media fiber 5 or TR3 0110: Maps to media fiber 6 or RT3 0111: Maps to media fiber 7 or TR4 1000: Maps to media fiber 8 or RT4 1001-1111: Reserved,,8-97,Not in SONiC,
MediaLaneToWavelengthMappingRx5,MediaLaneToWavelengthMappingRx5,0x11,252,1,0xF0,Lane-banked,bitfield4,,,,,RO,Normal,Cnd,,0101: Maps to media fiber 5 or TR3 0110: Maps to media fiber 6 or RT3 0111: Maps to media fiber 7 or TR4 1000: Maps to media fiber 8 or RT4 1001-1111: Reserved,,8-97,Not in SONiC,
MediaLaneToFiberMappingRx5,MediaLaneToFiberMappingRx5,0x11,252,1,0x0F,Lane-banked,bitfield4,,,,,RO,Normal,Cnd,,0101: Maps to media fiber 5 or TR3 0110: Maps to media fiber 6 or RT3 0111: Maps to media fiber 7 or TR4 1000: Maps to media fiber 8 or RT4 1001-1111: Reserved,,8-97,Not in SONiC,
MediaLaneToWavelengthMappingRx6,MediaLaneToWavelengthMappingRx6,0x11,253,1,0xF0,Lane-banked,bitfield4,,,,,RO,Normal,Cnd,,0101: Maps to media fiber 5 or TR3 0110: Maps to media fiber 6 or RT3 0111: Maps to media fiber 7 or TR4 1000: Maps to media fiber 8 or RT4 1001-1111: Reserved,,8-97,Not in SONiC,
MediaLaneToFiberMappingRx6,MediaLaneToFiberMappingRx6,0x11,253,1,0x0F,Lane-banked,bitfield4,,,,,RO,Normal,Cnd,,0101: Maps to media fiber 5 or TR3 0110: Maps to media fiber 6 or RT3 0111: Maps to media fiber 7 or TR4 1000: Maps to media fiber 8 or RT4 1001-1111: Reserved,,8-97,Not in SONiC,
MediaLaneToWavelengthMappingRx7,MediaLaneToWavelengthMappingRx7,0x11,254,1,0xF0,Lane-banked,bitfield4,,,,,RO,Normal,Cnd,,0101: Maps to media fiber 5 or TR3 0110: Maps to media fiber 6 or RT3 0111: Maps to media fiber 7 or TR4 1000: Maps to media fiber 8 or RT4 1001-1111: Reserved,,8-97,Not in SONiC,
MediaLaneToFiberMappingRx7,MediaLaneToFiberMappingRx7,0x11,254,1,0x0F,Lane-banked,bitfield4,,,,,RO,Normal,Cnd,,0101: Maps to media fiber 5 or TR3 0110: Maps to media fiber 6 or RT3 0111: Maps to media fiber 7 or TR4 1000: Maps to media fiber 8 or RT4 1001-1111: Reserved,,8-97,Not in SONiC,
MediaLaneToWavelengthMappingRx8,MediaLaneToWavelengthMappingRx8,0x11,255,1,0xF0,Lane-banked,bitfield4,,,,,RO,Normal,Cnd,,0101: Maps to media fiber 5 or TR3 0110: Maps to media fiber 6 or RT3 0111: Maps to media fiber 7 or TR4 1000: Maps to media fiber 8 or RT4 1001-1111: Reserved,,8-97,Not in SONiC,
MediaLaneToFiberMappingRx8,MediaLaneToFiberMappingRx8,0x11,255,1,0x0F,Lane-banked,bitfield4,,,,,RO,Normal,Cnd,,0101: Maps to media fiber 5 or TR3 0110: Maps to media fiber 6 or RT3 0111: Maps to media fiber 7 or TR4 1000: Maps to media fiber 8 or RT4 1001-1111: Reserved,,8-97,Not in SONiC,
GridSpacingTx1,GridSpacingTx1,0x12,128,1,0xF0,Lane-banked,bitfield4,,,,,RW,Normal,Rqd,,Selected grid spacing of media lane <n>=1-8 0000b: 3.125 GHz 0001b: 6.25 GHz 0010b: 12.5 GHz 0011b: 25 GHz 0100b: 50 GHz 0101b: 100 GHz 0110b: 33 GHz 0111b: 75 GHz 1000b: 150GHz 9-14: Reserved 1111b: Not available,,8-99,Agrees,Tx1SelectedGridSpacing
Reserved.12h.128,Reserved,0x12,128,8,0x0E 0x0E 0x0E 0x0E 0x0E 0x0E 0x0E 0x0E,Lane-banked,,,,,,RO,Normal,,,Reserved,,8-99,Not in SONiC,
FineTuningEnableTx1,FineTuningEnableTx1,0x12,128,1,0x01,Lane-banked,bool,,,,,RW,Normal,Rqd,,Bool: fine-tuning enabled for media lane <n>=1-8 0b: Fine-tuning disabled 1b: Fine-tuning enabled,,8-99,Not in SONiC,
GridSpacingTx2,GridSpacingTx2,0x12,129,1,0xF0,Lane-banked,bitfield4,,,,,RW,Normal,Rqd,,Selected grid spacing of media lane <n>=1-8 0000b: 3.125 GHz 0001b: 6.25 GHz 0010b: 12.5 GHz 0011b: 25 GHz 0100b: 50 GHz 0101b: 100 GHz 0110b: 33 GHz 0111b: 75 GHz 1000b: 150GHz 9-14: Reserved 1111b: Not available,,8-99,Not in SONiC,
FineTuningEnableTx2,FineTuningEnableTx2,0x12,129,1,0x01,Lane-banked,bool,,,,,RW,Normal,Rqd,,Bool: fine-tuning enabled for media lane <n>=1-8 0b: Fine-tuning disabled 1b: Fine-tuning enabled,,8-99,Not in SONiC,
GridSpacingTx3,GridSpacingTx3,0x12,130,1,0xF0,Lane-banked,bitfield4,,,,,RW,Normal,Rqd,,Selected grid spacing of media lane <n>=1-8 0000b: 3.125 GHz 0001b: 6.25 GHz 0010b: 12.5 GHz 0011b: 25 GHz 0100b: 50 GHz 0101b: 100 GHz 0110b: 33 GHz 0111b: 75 GHz 1000b: 150GHz 9-14: Reserved 1111b: Not available,,8-99,Not in SONiC,
FineTuningEnableTx3,FineTuningEnableTx3,0x12,130,1,0x01,Lane-banked,bool,,,,,RW,Normal,Rqd,,Bool: fine-tuning enabled for media lane <n>=1-8 0b: Fine-tuning disabled 1b: Fine-tuning enabled,,8-99,Not in SONiC,
GridSpacingTx4,GridSpacingTx4,0x12,131,1,0xF0,Lane-banked,bitfield4,,,,,RW,Normal,Rqd,,Selected grid spacing of media lane <n>=1-8 0000b: 3.125 GHz 0001b: 6.25 GHz 0010b: 12.5 GHz 0011b: 25 GHz 0100b: 50 GHz 0101b: 100 GHz 0110b: 33 GHz 0111b: 75 GHz 1000b: 150GHz 9-14: Reserved 1111b: Not available,,8-99,Not in SONiC,
FineTuningEnableTx4,FineTuningEnableTx4,0x12,131,1,0x01,Lane-banked,bool,,,,,RW,Normal,Rqd,,Bool: fine-tuning enabled for media lane <n>=1-8 0b: Fine-tuning disabled 1b: Fine-tuning enabled,,8-99,Not in SONiC,
GridSpacingTx5,GridSpacingTx5,0x12,132,1,0xF0,Lane-banked,bitfield4,,,,,RW,Normal,Rqd,,Selected grid spacing of media lane <n>=1-8 0000b: 3.125 GHz 0001b: 6.25 GHz 0010b: 12.5 GHz 0011b: 25 GHz 0100b: 50 GHz 0101b: 100 GHz 0110b: 33 GHz 0111b: 75 GHz 1000b: 150GHz 9-14: Reserved 1111b: Not available,,8-99,Not in SONiC,
FineTuningEnableTx5,FineTuningEnableTx5,0x12,132,1,0x01,Lane-banked,bool,,,,,RW,Normal,Rqd,,Bool: fine-tuning enabled for media lane <n>=1-8 0b: Fine-tuning disabled 1b: Fine-tuning enabled,,8-99,Not in SONiC,
GridSpacingTx6,GridSpacingTx6,0x12,133,1,0xF0,Lane-banked,bitfield4,,,,,RW,Normal,Rqd,,Selected grid spacing of media lane <n>=1-8 0000b: 3.125 GHz 0001b: 6.25 GHz 0010b: 12.5 GHz 0011b: 25 GHz 0100b: 50 GHz 0101b: 100 GHz 0110b: 33 GHz 0111b: 75 GHz 1000b: 150GHz 9-14: Reserved 1111b: Not available,,8-99,Not in SONiC,
FineTuningEnableTx6,FineTuningEnableTx6,0x12,133,1,0x01,Lane-banked,bool,,,,,RW,Normal,Rqd,,Bool: fine-tuning enabled for media lane <n>=1-8 0b: Fine-tuning disabled 1b: Fine-tuning enabled,,8-99,Not in SONiC,
GridSpacingTx7,GridSpacingTx7,0x12,134,1,0xF0,Lane-banked,bitfield4,,,,,RW,Normal,Rqd,,Selected grid spacing of media lane <n>=1-8 0000b: 3.125 GHz 0001b: 6.25 GHz 0010b: 12.5 GHz 0011b: 25 GHz 0100b: 50 GHz 0101b: 100 GHz 0110b: 33 GHz 0111b: 75 GHz 1000b: 150GHz 9-14: Reserved 1111b: Not available,,8-99,Not in SONiC,
FineTuningEnableTx7,FineTuningEnableTx7,0x12,134,1,0x01,Lane-banked,bool,,,,,RW,Normal,Rqd,,Bool: fine-tuning enabled for media lane <n>=1-8 0b: Fine-tuning disabled 1b: Fine-tuning enabled,,8-99,Not in SONiC,
GridSpacingTx8,GridSpacingTx8,0x12,135,1,0xF0,Lane-banked,bitfield4,,,,,RW,Normal,Rqd,,Selected grid spacing of media lane <n>=1-8 0000b: 3.125 GHz 0001b: 6.25 GHz 0010b: 12.5 GHz 0011b: 25 GHz 0100b: 50 GHz 0101b: 100 GHz 0110b: 33 GHz 0111b: 75 GHz 1000b: 150GHz 9-14: Reserved 1111b: Not available,,8-99,Not in SONiC,
FineTuningEnableTx8,FineTuningEnableTx8,0x12,135,1,0x01,Lane-banked,bool,,,,,RW,Normal,Rqd,,Bool: fine-tuning enabled for media lane <n>=1-8 0b: Fine-tuning disabled 1b: Fine-tuning enabled,,8-99,Not in SONiC,
ChannelNumberTx1,ChannelNumberTx1,0x12,136,2,,Lane-banked,s16,,,Big-endian,,RW,Normal,Rqd,,S16 Channel (offset) Number for media lane <n>=1-8 The meaning of the signed channel (offset) number and its dependence on the selected grid spacing is defined in section 8.7.,,8-99,Agrees,Tx1ChannelNumber
ChannelNumberTx2,ChannelNumberTx2,0x12,138,2,,Lane-banked,s16,,,Big-endian,,RW,Normal,Rqd,,S16 Channel (offset) Number for media lane <n>=1-8 The meaning of the signed channel (offset) number and its dependence on the selected grid spacing is defined in section 8.7.,,8-99,Not in SONiC,
ChannelNumberTx3,ChannelNumberTx3,0x12,140,2,,Lane-banked,s16,,,Big-endian,,RW,Normal,Rqd,,S16 Channel (offset) Number for media lane <n>=1-8 The meaning of the signed channel (offset) number and its dependence on the selected grid spacing is defined in section 8.7.,,8-99,Not in SONiC,
ChannelNumberTx4,ChannelNumberTx4,0x12,142,2,,Lane-banked,s16,,,Big-endian,,RW,Normal,Rqd,,S16 Channel (offset) Number for media lane <n>=1-8 The meaning of the signed channel (offset) number and its dependence on the selected grid spacing is defined in section 8.7.,,8-99,Not in SONiC,
ChannelNumberTx5,ChannelNumberTx5,0x12,144,2,,Lane-banked,s16,,,Big-endian,,RW,Normal,Rqd,,S16 Channel (offset) Number for media lane <n>=1-8 The meaning of the signed channel (offset) number and its dependence on the selected grid spacing is defined in section 8.7.,,8-99,Not in SONiC,
ChannelNumberTx6,ChannelNumberTx6,0x12,146,2,,Lane-banked,s16,,,Big-endian,,RW,Normal,Rqd,,S16 Channel (offset) Number for media lane <n>=1-8 The meaning of the signed channel (offset) number and its dependence on the selected grid spacing is defined in section 8.7.,,8-99,Not in SONiC,
ChannelNumberTx7,ChannelNumberTx7,0x12,148,2,,Lane-banked,s16,,,Big-endian,,RW,Normal,Rqd,,S16 Channel (offset) Number for media lane <n>=1-8 The meaning of the signed channel (offset) number and its dependence on the selected grid spacing is defined in section 8.7.,,8-99,Not in SONiC,
ChannelNumberTx8,ChannelNumberTx8,0x12,150,2,,Lane-banked,s16,,,Big-endian,,RW,Normal,Rqd,,S16 Channel (offset) Number for media lane <n>=1-8 The meaning of the signed channel (offset) number and its dependence on the selected grid spacing is defined in section 8.7.,,8-99,Not in SONiC,
FineTuningOffsetTx1,FineTuningOffsetTx1,0x12,152,2,,Lane-banked,s16,GHz,0.001,Big-endian,,RW,Normal,Rqd,,S16 fine-tuning frequency offset for media lane <n>=1-8 in units of 0.001 GHz,,8-99,Not in SONiC,
FineTuningOffsetTx2,FineTuningOffsetTx2,0x12,154,2,,Lane-banked,s16,GHz,0.001,Big-endian,,RW,Normal,Rqd,,S16 fine-tuning frequency offset for media lane <n>=1-8 in units of 0.001 GHz,,8-99,Not in SONiC,
FineTuningOffsetTx3,FineTuningOffsetTx3,0x12,156,2,,Lane-banked,s16,GHz,0.001,Big-endian,,RW,Normal,Rqd,,S16 fine-tuning frequency offset for media lane <n>=1-8 in units of 0.001 GHz,,8-99,Not in SONiC,
FineTuningOffsetTx4,FineTuningOffsetTx4,0x12,158,2,,Lane-banked,s16,GHz,0.001,Big-endian,,RW,Normal,Rqd,,S16 fine-tuning frequency offset for media lane <n>=1-8 in units of 0.001 GHz,,8-99,Not in SONiC,
FineTuningOffsetTx5,FineTuningOffsetTx5,0x12,160,2,,Lane-banked,s16,GHz,0.001,Big-endian,,RW,Normal,Rqd,,S16 fine-tuning frequency offset for media lane <n>=1-8 in units of 0.001 GHz,,8-99,Not in SONiC,
FineTuningOffsetTx6,FineTuningOffsetTx6,0x12,162,2,,Lane-banked,s16,GHz,0.001,Big-endian,,RW,Normal,Rqd,,S16 fine-tuning frequency offset for media lane <n>=1-8 in units of 0.001 GHz,,8-99,Not in SONiC,
FineTuningOffsetTx7,FineTuningOffsetTx7,0x12,164,2,,Lane-banked,s16,GHz,0.001,Big-endian,,RW,Normal,Rqd,,S16 fine-tuning frequency offset for media lane <n>=1-8 in units of 0.001 GHz,,8-99,Not in SONiC,
FineTuningOffsetTx8,FineTuningOffsetTx8,0x12,166,2,,Lane-banked,s16,GHz,0.001,Big-endian,,RW,Normal,Rqd,,S16 fine-tuning frequency offset for media lane <n>=1-8 in units of 0.001 GHz,,8-99,Not in SONiC,
CurrentLaserFrequencyTx1,CurrentLaserFrequencyTx1,0x12,168,4,,Lane-banked,u32,GHz,0.001,Big-endian,,RO,Normal,Rqd,,U32 Current frequency for media lane <n>=1-8 in units of 0.001 GHz,,8-99,Agrees,Tx1CurrentLaserFrequency
CurrentLaserFrequencyTx2,CurrentLaserFrequencyTx2,0x12,172,4,,Lane-banked,u32,GHz,0.001,Big-endian,,RO,Normal,Rqd,,U32 Current frequency for media lane <n>=1-8 in units of 0.001 GHz,,8-99,Not in SONiC,
CurrentLaserFrequencyTx3,CurrentLaserFrequencyTx3,0x12,176,4,,Lane-banked,u32,GHz,0.001,Big-endian,,RO,Normal,Rqd,,U32 Current frequency for media lane <n>=1-8 in units of 0.001 GHz,,8-99,Not in SONiC,
CurrentLaserFrequencyTx4,CurrentLaserFrequencyTx4,0x12,180,4,,Lane-banked,u32,GHz,0.001,Big-endian,,RO,Normal,Rqd,,U32 Current frequency for media lane <n>=1-8 in units of 0.001 GHz,,8-99,Not in SONiC,
CurrentLaserFrequencyTx5,CurrentLaserFrequencyTx5,0x12,184,4,,Lane-banked,u32,GHz,0.001,Big-endian,,RO,Normal,Rqd,,U32 Current frequency for media lane <n>=1-8 in units of 0.001 GHz,,8-99,Not in SONiC,
CurrentLaserFrequencyTx6,CurrentLaserFrequencyTx6,0x12,188,4,,Lane-banked,u32,GHz,0.001,Big-endian,,RO,Normal,Rqd,,U32 Current frequency for media lane <n>=1-8 in units of 0.001 GHz,,8-99,Not in SONiC,
CurrentLaserFrequencyTx7,CurrentLaserFrequencyTx7,0x12,192,4,,Lane-banked,u32,GHz,0.001,Big-endian,,RO,Normal,Rqd,,U32 Current frequency for media lane <n>=1-8 in units of 0.001 GHz,,8-99,Not in SONiC,
CurrentLaserFrequencyTx8,CurrentLaserFrequencyTx8,0x12,196,4,,Lane-banked,u32,GHz,0.001,Big-endian,,RO,Normal,Rqd,,U32 Current frequency for media lane <n>=1-8 in units of 0.001 GHz,,8-99,Not in SONiC,
TargetOutputPowerTx1,TargetOutputPowerTx1,0x12,200,2,,Lane-banked,s16,dBm,0.01,Big-endian,,RW,Normal,Rqd,,S16 Target programmable output power for media lane <n>=1-8 in units of 0.01 dBm,,8-99,Agrees,Tx1TargetOutputPower
TargetOutputPowerTx2,TargetOutputPowerTx2,0x12,202,2,,Lane-banked,s16,dBm,0.01,Big-endian,,RW,Normal,Rqd,,S16 Target programmable output power for media lane <n>=1-8 in units of 0.01 dBm,,8-99,Not in SONiC,
TargetOutputPowerTx3,TargetOutputPowerTx3,0x12,204,2,,Lane-banked,s16,dBm,0.01,Big-endian,,RW,Normal,Rqd,,S16 Target programmable output power for media lane <n>=1-8 in units of 0.01 dBm,,8-99,Not in SONiC,
TargetOutputPowerTx4,TargetOutputPowerTx4,0x12,206,2,,Lane-banked,s16,dBm,0.01,Big-endian,,RW,Normal,Rqd,,S16 Target programmable output power for media lane <n>=1-8 in units of 0.01 dBm,,8-99,Not in SONiC,
TargetOutputPowerTx5,TargetOutputPowerTx5,0x12,208,2,,Lane-banked,s16,dBm,0.01,Big-endian,,RW,Normal,Rqd,,S16 Target programmable output power for media lane <n>=1-8 in units of 0.01 dBm,,8-99,Not in SONiC,
TargetOutputPowerTx6,TargetOutputPowerTx6,0x12,210,2,,Lane-banked,s16,dBm,0.01,Big-endian,,RW,Normal,Rqd,,S16 Target programmable output power for media lane <n>=1-8 in units of 0.01 dBm,,8-99,Not in SONiC,
TargetOutputPowerTx7,TargetOutputPowerTx7,0x12,212,2,,Lane-banked,s16,dBm,0.01,Big-endian,,RW,Normal,Rqd,,S16 Target programmable output power for media lane <n>=1-8 in units of 0.01 dBm,,8-99,Not in SONiC,
TargetOutputPowerTx8,TargetOutputPowerTx8,0x12,214,2,,Lane-banked,s16,dBm,0.01,Big-endian,,RW,Normal,Rqd,,S16 Target programmable output power for media lane <n>=1-8 in units of 0.01 dBm,,8-99,Not in SONiC,
Reserved.12h.216,Reserved,0x12,216,6,,Lane-banked,,,,,,RO,Normal,,,Reserved[6],,8-99,Not in SONiC,
Reserved.12h.222,Reserved,0x12,222,8,0xFC 0xFC 0xFC 0xFC 0xFC 0xFC 0xFC 0xFC,Lane-banked,,,,,,RO,Normal,,,Reserved,,8-99,Not in SONiC,
TuningInProgressTx1,TuningInProgressTx1,0x12,222,1,0x02,Lane-banked,bool,,,,,RO,Normal,Rqd,,"Bool: Status indication for tuning in progress on media lane <n>=1-8 0b/1b: Tuning not in progress/in progress Tuning is in progress when the laser is tuning to an on- grid channel, or fine tuning to a frequency offset, or tuning to target output power.",,8-99,Not in SONiC,
WavelengthUnlockStatusTx1,WavelengthUnlockStatusTx1,0x12,222,1,0x01,Lane-banked,bool,,,,,RO,Normal,Rqd,,Bool: Unlocked status indication for laser wavelength on media lane <n>=1-8 0b/1b: Wavelength locked/unlocked,,8-99,Not in SONiC,
TuningInProgressTx2,TuningInProgressTx2,0x12,223,1,0x02,Lane-banked,bool,,,,,RO,Normal,Rqd,,"Bool: Status indication for tuning in progress on media lane <n>=1-8 0b/1b: Tuning not in progress/in progress Tuning is in progress when the laser is tuning to an on- grid channel, or fine tuning to a frequency offset, or tuning to target output power.",,8-99,Not in SONiC,
WavelengthUnlockStatusTx2,WavelengthUnlockStatusTx2,0x12,223,1,0x01,Lane-banked,bool,,,,,RO,Normal,Rqd,,Bool: Unlocked status indication for laser wavelength on media lane <n>=1-8 0b/1b: Wavelength locked/unlocked,,8-99,Not in SONiC,
TuningInProgressTx3,TuningInProgressTx3,0x12,224,1,0x02,Lane-banked,bool,,,,,RO,Normal,Rqd,,"Bool: Status indication for tuning in progress on media lane <n>=1-8 0b/1b: Tuning not in progress/in progress Tuning is in progress when the laser is tuning to an on- grid channel, or fine tuning to a frequency offset, or tuning to target output power.",,8-99,Not in SONiC,
WavelengthUnlockStatusTx3,WavelengthUnlockStatusTx3,0x12,224,1,0x01,Lane-banked,bool,,,,,RO,Normal,Rqd,,Bool: Unlocked status indication for laser wavelength on media lane <n>=1-8 0b/1b: Wavelength locked/unlocked,,8-99,Not in SONiC,
TuningInProgressTx4,TuningInProgressTx4,0x12,225,1,0x02,Lane-banked,bool,,,,,RO,Normal,Rqd,,"Bool: Status indication for tuning in progress on media lane <n>=1-8 0b/1b: Tuning not in progress/in progress Tuning is in progress when the laser is tuning to an on- grid channel, or fine tuning to a frequency offset, or tuning to target output power.",,8-99,Not in SONiC,
WavelengthUnlockStatusTx4,WavelengthUnlockStatusTx4,0x12,225,1,0x01,Lane-banked,bool,,,,,RO,Normal,Rqd,,Bool: Unlocked status indication for laser wavelength on media lane <n>=1-8 0b/1b: Wavelength locked/unlocked,,8-99,Not in SONiC,
TuningInProgressTx5,TuningInProgressTx5,0x12,226,1,0x02,Lane-banked,bool,,,,,RO,Normal,Rqd,,"Bool: Status indication for tuning in progress on media lane <n>=1-8 0b/1b: Tuning not in progress/in progress Tuning is in progress when the laser is tuning to an on- grid channel, or fine tuning to a frequency offset, or tuning to target output power.",,8-99,Not in SONiC,
WavelengthUnlockStatusTx5,WavelengthUnlockStatusTx5,0x12,226,1,0x01,Lane-banked,bool,,,,,RO,Normal,Rqd,,Bool: Unlocked status indication for laser wavelength on media lane <n>=1-8 0b/1b: Wavelength locked/unlocked,,8-99,Not in SONiC,
TuningInProgressTx6,TuningInProgressTx6,0x12,227,1,0x02,Lane-banked,bool,,,,,RO,Normal,Rqd,,"Bool: Status indication for tuning in progress on media lane <n>=1-8 0b/1b: Tuning not in progress/in progress Tuning is in progress when the laser is tuning to an on- grid channel, or fine tuning to a frequency offset, or tuning to target output power.",,8-99,Not in SONiC,
WavelengthUnlockStatusTx6,WavelengthUnlockStatusTx6,0x12,227,1,0x01,Lane-banked,bool,,,,,RO,Normal,Rqd,,Bool: Unlocked status indication for laser wavelength on media lane <n>=1-8 0b/1b: Wavelength locked/unlocked,,8-99,Not in SONiC,
TuningInProgressTx7,TuningInProgressTx7,0x12,228,1,0x02,Lane-banked,bool,,,,,RO,Normal,Rqd,,"Bool: Status indication for tuning in progress on media lane <n>=1-8 0b/1b: Tuning not in progress/in progress Tuning is in progress when the laser is tuning to an on- grid channel, or fine tuning to a frequency offset, or tuning to target output power.",,8-99,Not in SONiC,
WavelengthUnlockStatusTx7,WavelengthUnlockStatusTx7,0x12,228,1,0x01,Lane-banked,bool,,,,,RO,Normal,Rqd,,Bool: Unlocked status indication for laser wavelength on media lane <n>=1-8 0b/1b: Wavelength locked/unlocked,,8-99,Not in SONiC,
TuningInProgressTx8,TuningInProgressTx8,0x12,229,1,0x02,Lane-banked,bool,,,,,RO,Normal,Rqd,,"Bool: Status indication for tuning in progress on media lane <n>=1-8 0b/1b: Tuning not in progress/in progress Tuning is in progress when the laser is tuning to an on- grid channel, or fine tuning to a frequency offset, or tuning to target output power.",,8-99,Not in SONiC,
WavelengthUnlockStatusTx8,WavelengthUnlockStatusTx8,0x12,229,1,0x01,Lane-banked,bool,,,,,RO,Normal,Rqd,,Bool: Unlocked status indication for laser wavelength on media lane <n>=1-8 0b/1b: Wavelength locked/unlocked,,8-99,Not in SONiC,
LaserTuningFlagSummaryTx8,LaserTuningFlagSummaryTx8,0x12,230,1,0x80,Lane-banked,bool,,,,,RO,Normal,Rqd,,Laser tuning Flag summary for media lane <n>=1-8. The bit <n>-1 is set if and only if any of the Flags in Bytes 231-238 are 1 for the particular Lane <n>. Note: The host should react to an interrupt by reading this Byte to indicate which Lane(s) are responsible for the interrupt. The host should then read the corresponding Lane Byte (231-238) to determine the specific interrupt and to clear the latch.,,8-99,Not in SONiC,
LaserTuningFlagSummaryTx7,LaserTuningFlagSummaryTx7,0x12,230,1,0x40,Lane-banked,bool,,,,,RO,Normal,Rqd,,Laser tuning Flag summary for media lane <n>=1-8. The bit <n>-1 is set if and only if any of the Flags in Bytes 231-238 are 1 for the particular Lane <n>. Note: The host should react to an interrupt by reading this Byte to indicate which Lane(s) are responsible for the interrupt. The host should then read the corresponding Lane Byte (231-238) to determine the specific interrupt and to clear the latch.,,8-99,Not in SONiC,
LaserTuningFlagSummaryTx6,LaserTuningFlagSummaryTx6,0x12,230,1,0x20,Lane-banked,bool,,,,,RO,Normal,Rqd,,Laser tuning Flag summary for media lane <n>=1-8. The bit <n>-1 is set if and only if any of the Flags in Bytes 231-238 are 1 for the particular Lane <n>. Note: The host should react to an interrupt by reading this Byte to indicate which Lane(s) are responsible for the interrupt. The host should then read the corresponding Lane Byte (231-238) to determine the specific interrupt and to clear the latch.,,8-99,Not in SONiC,
LaserTuningFlagSummaryTx5,LaserTuningFlagSummaryTx5,0x12,230,1,0x10,Lane-banked,bool,,,,,RO,Normal,Rqd,,Laser tuning Flag summary for media lane <n>=1-8. The bit <n>-1 is set if and only if any of the Flags in Bytes 231-238 are 1 for the particular Lane <n>. Note: The host should react to an interrupt by reading this Byte to indicate which Lane(s) are responsible for the interrupt. The host should then read the corresponding Lane Byte (231-238) to determine the specific interrupt and to clear the latch.,,8-99,Not in SONiC,
LaserTuningFlagSummaryTx4,LaserTuningFlagSummaryTx4,0x12,230,1,0x08,Lane-banked,bool,,,,,RO,Normal,Rqd,,Laser tuning Flag summary for media lane <n>=1-8. The bit <n>-1 is set if and only if any of the Flags in Bytes 231-238 are 1 for the particular Lane <n>. Note: The host should react to an interrupt by reading this Byte to indicate which Lane(s) are responsible for the interrupt. The host should then read the corresponding Lane Byte (231-238) to determine the specific interrupt and to clear the latch.,,8-99,Not in SONiC,
LaserTuningFlagSummaryTx3,LaserTuningFlagSummaryTx3,0x12,230,1,0x04,Lane-banked,bool,,,,,RO,Normal,Rqd,,Laser tuning Flag summary for media lane <n>=1-8. The bit <n>-1 is set if and only if any of the Flags in Bytes 231-238 are 1 for the particular Lane <n>. Note: The host should react to an interrupt by reading this Byte to indicate which Lane(s) are responsible for the interrupt. The host should then read the corresponding Lane Byte (231-238) to determine the specific interrupt and to clear the latch.,,8-99,Not in SONiC,
LaserTuningFlagSummaryTx2,LaserTuningFlagSummaryTx2,0x12,230,1,0x02,Lane-banked,bool,,,,,RO,Normal,Rqd,,Laser tuning Flag summary for media lane <n>=1-8. The bit <n>-1 is set if and only if any of the Flags in Bytes 231-238 are 1 for the particular Lane <n>. Note: The host should react to an interrupt by reading this Byte to indicate which Lane(s) are responsible for the interrupt. The host should then read the corresponding Lane Byte (231-238) to determine the specific interrupt and to clear the latch.,,8-99,Not in SONiC,
LaserTuningFlagSummaryTx1,LaserTuningFlagSummaryTx1,0x12,230,1,0x01,Lane-banked,bool,,,,,RO,Normal,Rqd,,Laser tuning Flag summary for media lane <n>=1-8. The bit <n>-1 is set if and only if any of the Flags in Bytes 231-238 are 1 for the particular Lane <n>. Note: The host should react to an interrupt by reading this Byte to indicate which Lane(s) are responsible for the interrupt. The host should then read the corresponding Lane Byte (231-238) to determine the specific interrupt and to clear the latch.,,8-99,Not in SONiC,
Reserved.12h.231,Reserved,0x12,231,8,0xC0 0xC0 0xC0 0xC0 0xC0 0xC0 0xC0 0xC0,Lane-banked,,,,,,RO,Normal,,,Reserved,,8-99,SONiC wider,TxTuningDetail
TargetOutputPowerOORFlagTx1,TargetOutputPowerOORFlagTx1,0x12,231,1,0x20,Lane-banked,bool,,,,,RO,ClearOnRead,Rqd,,Latched Flag indicating that a target output power value outside the allowed range was entered for media lane <n>=1-8,,8-99,SONiC wider,TxTuningDetail
FineTuningOutOfRangeFlagTx1,FineTuningOutOfRangeFlagTx1,0x12,231,1,0x10,Lane-banked,bool,,,,,RO,ClearOnRead,Rqd,,Latched Flag indicating that a fine-tuning value outside the allowed range was given for media lane <n>=1-8,,8-99,SONiC wider,TxTuningDetail
TuningNotAcceptedFlagTx1,TuningNotAcceptedFlagTx1,0x12,231,1,0x08,Lane-banked,bool,,,,,RO,ClearOnRead,Rqd,,"Latched Flag indicating a failed tuning operation for media lane <n>=1-8: the module was temporarily unable to serve a tuning request in its current state, in response to the host programming grid or channel. The Flag indicates that the nominally programmed grid or channel do not match the actual condition of the laser. The Flag clears when channel or grid have been successfully re-programmed. Note. This Flag may e.g. be asserted by the module if the host attempts to change the target output power or fine tune frequency while tuning in progress.",,8-99,SONiC wider,TxTuningDetail
InvalidChannelNumberFlagTx1,InvalidChannelNumberFlagTx1,0x12,231,1,0x04,Lane-banked,bool,,,,,RO,ClearOnRead,Rqd,,Latched Flag indicating that ChannelNumberTx<n> was not in advertised range of the channel spacing selected on media lane <n>=1-8,,8-99,SONiC wider,TxTuningDetail
WavelengthUnlockedFlagTx1,WavelengthUnlockedFlagTx1,0x12,231,1,0x02,Lane-banked,bool,,,,,RO,ClearOnRead,Rqd,,Latched Flag version of WavelengthUnlockedTx<n>,,8-99,SONiC wider,TxTuningDetail
TuningCompleteFlagTx1,TuningCompleteFlagTx1,0x12,231,1,0x01,Lane-banked,bool,,,,,RO,ClearOnRead,Rqd,,Latched Flag indicating laser tuning has been completed for media lane <n>=1-8,,8-99,SONiC wider,TxTuningDetail
TargetOutputPowerOORFlagTx2,TargetOutputPowerOORFlagTx2,0x12,232,1,0x20,Lane-banked,bool,,,,,RO,ClearOnRead,Rqd,,Latched Flag indicating that a target output power value outside the allowed range was entered for media lane <n>=1-8,,8-99,Not in SONiC,
FineTuningOutOfRangeFlagTx2,FineTuningOutOfRangeFlagTx2,0x12,232,1,0x10,Lane-banked,bool,,,,,RO,ClearOnRead,Rqd,,Latched Flag indicating that a fine-tuning value outside the allowed range was given for media lane <n>=1-8,,8-99,Not in SONiC,
TuningNotAcceptedFlagTx2,TuningNotAcceptedFlagTx2,0x12,232,1,0x08,Lane-banked,bool,,,,,RO,ClearOnRead,Rqd,,"Latched Flag indicating a failed tuning operation for media lane <n>=1-8: the module was temporarily unable to serve a tuning request in its current state, in response to the host programming grid or channel. The Flag indicates that the nominally programmed grid or channel do not match the actual condition of the laser. The Flag clears when channel or grid have been successfully re-programmed. Note. This Flag may e.g. be asserted by the module if the host attempts to change the target output power or fine tune frequency while tuning in progress.",,8-99,Not in SONiC,
InvalidChannelNumberFlagTx2,InvalidChannelNumberFlagTx2,0x12,232,1,0x04,Lane-banked,bool,,,,,RO,ClearOnRead,Rqd,,Latched Flag indicating that ChannelNumberTx<n> was not in advertised range of the channel spacing selected on media lane <n>=1-8,,8-99,Not in SONiC,
WavelengthUnlockedFlagTx2,WavelengthUnlockedFlagTx2,0x12,232,1,0x02,Lane-banked,bool,,,,,RO,ClearOnRead,Rqd,,Latched Flag version of WavelengthUnlockedTx<n>,,8-99,Not in SONiC,
TuningCompleteFlagTx2,TuningCompleteFlagTx2,0x12,232,1,0x01,Lane-banked,bool,,,,,RO,ClearOnRead,Rqd,,Latched Flag indicating laser tuning has been completed for media lane <n>=1-8,,8-99,Not in SONiC,
TargetOutputPowerOORFlagTx3,TargetOutputPowerOORFlagTx3,0x12,233,1,0x20,Lane-banked,bool,,,,,RO,ClearOnRead,Rqd,,Latched Flag indicating that a target output power value outside the allowed range was entered for media lane <n>=1-8,,8-99,Not in SONiC,
FineTuningOutOfRangeFlagTx3,FineTuningOutOfRangeFlagTx3,0x12,233,1,0x10,Lane-banked,bool,,,,,RO,ClearOnRead,Rqd,,Latched Flag indicating that a fine-tuning value outside the allowed range was given for media lane <n>=1-8,,8-99,Not in SONiC,
TuningNotAcceptedFlagTx3,TuningNotAcceptedFlagTx3,0x12,233,1,0x08,Lane-banked,bool,,,,,RO,ClearOnRead,Rqd,,"Latched Flag indicating a failed tuning operation for media lane <n>=1-8: the module was temporarily unable to serve a tuning request in its current state, in response to the host programming grid or channel. The Flag indicates that the nominally programmed grid or channel do not match the actual condition of the laser. The Flag clears when channel or grid have been successfully re-programmed. Note. This Flag may e.g. be asserted by the module if the host attempts to change the target output power or fine tune frequency while tuning in progress.",,8-99,Not in SONiC,
InvalidChannelNumberFlagTx3,InvalidChannelNumberFlagTx3,0x12,233,1,0x04,Lane-banked,bool,,,,,RO,ClearOnRead,Rqd,,Latched Flag indicating that ChannelNumberTx<n> was not in advertised range of the channel spacing selected on media lane <n>=1-8,,8-99,Not in SONiC,
WavelengthUnlockedFlagTx3,WavelengthUnlockedFlagTx3,0x12,233,1,0x02,Lane-banked,bool,,,,,RO,ClearOnRead,Rqd,,Latched Flag version of WavelengthUnlockedTx<n>,,8-99,Not in SONiC,
TuningCompleteFlagTx3,TuningCompleteFlagTx3,0x12,233,1,0x01,Lane-banked,bool,,,,,RO,ClearOnRead,Rqd,,Latched Flag indicating laser tuning has been completed for media lane <n>=1-8,,8-99,Not in SONiC,
TargetOutputPowerOORFlagTx4,TargetOutputPowerOORFlagTx4,0x12,234,1,0x20,Lane-banked,bool,,,,,RO,ClearOnRead,Rqd,,Latched Flag indicating that a target output power value outside the allowed range was entered for media lane <n>=1-8,,8-99,Not in SONiC,
FineTuningOutOfRangeFlagTx4,FineTuningOutOfRangeFlagTx4,0x12,234,1,0x10,Lane-banked,bool,,,,,RO,ClearOnRead,Rqd,,Latched Flag indicating that a fine-tuning value outside the allowed range was given for media lane <n>=1-8,,8-99,Not in SONiC,
TuningNotAcceptedFlagTx4,TuningNotAcceptedFlagTx4,0x12,234,1,0x08,Lane-banked,bool,,,,,RO,ClearOnRead,Rqd,,"Latched Flag indicating a failed tuning operation for media lane <n>=1-8: the module was temporarily unable to serve a tuning request in its current state, in response to the host programming grid or channel. The Flag indicates that the nominally programmed grid or channel do not match the actual condition of the laser. The Flag clears when channel or grid have been successfully re-programmed. Note. This Flag may e.g. be asserted by the module if the host attempts to change the target output power or fine tune frequency while tuning in progress.",,8-99,Not in SONiC,
InvalidChannelNumberFlagTx4,InvalidChannelNumberFlagTx4,0x12,234,1,0x04,Lane-banked,bool,,,,,RO,ClearOnRead,Rqd,,Latched Flag indicating that ChannelNumberTx<n> was not in advertised range of the channel spacing selected on media lane <n>=1-8,,8-99,Not in SONiC,
WavelengthUnlockedFlagTx4,WavelengthUnlockedFlagTx4,0x12,234,1,0x02,Lane-banked,bool,,,,,RO,ClearOnRead,Rqd,,Latched Flag version of WavelengthUnlockedTx<n>,,8-99,Not in SONiC,
TuningCompleteFlagTx4,TuningCompleteFlagTx4,0x12,234,1,0x01,Lane-banked,bool,,,,,RO,ClearOnRead,Rqd,,Latched Flag indicating laser tuning has been completed for media lane <n>=1-8,,8-99,Not in SONiC,
TargetOutputPowerOORFlagTx5,TargetOutputPowerOORFlagTx5,0x12,235,1,0x20,Lane-banked,bool,,,,,RO,ClearOnRead,Rqd,,Latched Flag indicating that a target output power value outside the allowed range was entered for media lane <n>=1-8,,8-99,Not in SONiC,
FineTuningOutOfRangeFlagTx5,FineTuningOutOfRangeFlagTx5,0x12,235,1,0x10,Lane-banked,bool,,,,,RO,ClearOnRead,Rqd,,Latched Flag indicating that a fine-tuning value outside the allowed range was given for media lane <n>=1-8,,8-99,Not in SONiC,
TuningNotAcceptedFlagTx5,TuningNotAcceptedFlagTx5,0x12,235,1,0x08,Lane-banked,bool,,,,,RO,ClearOnRead,Rqd,,"Latched Flag indicating a failed tuning operation for media lane <n>=1-8: the module was temporarily unable to serve a tuning request in its current state, in response to the host programming grid or channel. The Flag indicates that the nominally programmed grid or channel do not match the actual condition of the laser. The Flag clears when channel or grid have been successfully re-programmed. Note. This Flag may e.g. be asserted by the module if the host attempts to change the target output power or fine tune frequency while tuning in progress.",,8-99,Not in SONiC,
InvalidChannelNumberFlagTx5,InvalidChannelNumberFlagTx5,0x12,235,1,0x04,Lane-banked,bool,,,,,RO,ClearOnRead,Rqd,,Latched Flag indicating that ChannelNumberTx<n> was not in advertised range of the channel spacing selected on media lane <n>=1-8,,8-99,Not in SONiC,
WavelengthUnlockedFlagTx5,WavelengthUnlockedFlagTx5,0x12,235,1,0x02,Lane-banked,bool,,,,,RO,ClearOnRead,Rqd,,Latched Flag version of WavelengthUnlockedTx<n>,,8-99,Not in SONiC,
TuningCompleteFlagTx5,TuningCompleteFlagTx5,0x12,235,1,0x01,Lane-banked,bool,,,,,RO,ClearOnRead,Rqd,,Latched Flag indicating laser tuning has been completed for media lane <n>=1-8,,8-99,Not in SONiC,
TargetOutputPowerOORFlagTx6,TargetOutputPowerOORFlagTx6,0x12,236,1,0x20,Lane-banked,bool,,,,,RO,ClearOnRead,Rqd,,Latched Flag indicating that a target output power value outside the allowed range was entered for media lane <n>=1-8,,8-99,Not in SONiC,
FineTuningOutOfRangeFlagTx6,FineTuningOutOfRangeFlagTx6,0x12,236,1,0x10,Lane-banked,bool,,,,,RO,ClearOnRead,Rqd,,Latched Flag indicating that a fine-tuning value outside the allowed range was given for media lane <n>=1-8,,8-99,Not in SONiC,
TuningNotAcceptedFlagTx6,TuningNotAcceptedFlagTx6,0x12,236,1,0x08,Lane-banked,bool,,,,,RO,ClearOnRead,Rqd,,"Latched Flag indicating a failed tuning operation for media lane <n>=1-8: the module was temporarily unable to serve a tuning request in its current state, in response to the host programming grid or channel. The Flag indicates that the nominally programmed grid or channel do not match the actual condition of the laser. The Flag clears when channel or grid have been successfully re-programmed. Note. This Flag may e.g. be asserted by the module if the host attempts to change the target output power or fine tune frequency while tuning in progress.",,8-99,Not in SONiC,
InvalidChannelNumberFlagTx6,InvalidChannelNumberFlagTx6,0x12,236,1,0x04,Lane-banked,bool,,,,,RO,ClearOnRead,Rqd,,Latched Flag indicating that ChannelNumberTx<n> was not in advertised range of the channel spacing selected on media lane <n>=1-8,,8-99,Not in SONiC,
WavelengthUnlockedFlagTx6,WavelengthUnlockedFlagTx6,0x12,236,1,0x02,Lane-banked,bool,,,,,RO,ClearOnRead,Rqd,,Latched Flag version of WavelengthUnlockedTx<n>,,8-99,Not in SONiC,
TuningCompleteFlagTx6,TuningCompleteFlagTx6,0x12,236,1,0x01,Lane-banked,bool,,,,,RO,ClearOnRead,Rqd,,Latched Flag indicating laser tuning has been completed for media lane <n>=1-8,,8-99,Not in SONiC,
TargetOutputPowerOORFlagTx7,TargetOutputPowerOORFlagTx7,0x12,237,1,0x20,Lane-banked,bool,,,,,RO,ClearOnRead,Rqd,,Latched Flag indicating that a target output power value outside the allowed range was entered for media lane <n>=1-8,,8-99,Not in SONiC,
FineTuningOutOfRangeFlagTx7,FineTuningOutOfRangeFlagTx7,0x12,237,1,0x10,Lane-banked,bool,,,,,RO,ClearOnRead,Rqd,,Latched Flag indicating that a fine-tuning value outside the allowed range was given for media lane <n>=1-8,,8-99,Not in SONiC,
TuningNotAcceptedFlagTx7,TuningNotAcceptedFlagTx7,0x12,237,1,0x08,Lane-banked,bool,,,,,RO,ClearOnRead,Rqd,,"Latched Flag indicating a failed tuning operation for media lane <n>=1-8: the module was temporarily unable to serve a tuning request in its current state, in response to the host programming grid or channel. The Flag indicates that the nominally programmed grid or channel do not match the actual condition of the laser. The Flag clears when channel or grid have been successfully re-programmed. Note. This Flag may e.g. be asserted by the module if the host attempts to change the target output power or fine tune frequency while tuning in progress.",,8-99,Not in SONiC,
InvalidChannelNumberFlagTx7,InvalidChannelNumberFlagTx7,0x12,237,1,0x04,Lane-banked,bool,,,,,RO,ClearOnRead,Rqd,,Latched Flag indicating that ChannelNumberTx<n> was not in advertised range of the channel spacing selected on media lane <n>=1-8,,8-99,Not in SONiC,
WavelengthUnlockedFlagTx7,WavelengthUnlockedFlagTx7,0x12,237,1,0x02,Lane-banked,bool,,,,,RO,ClearOnRead,Rqd,,Latched Flag version of WavelengthUnlockedTx<n>,,8-99,Not in SONiC,
TuningCompleteFlagTx7,TuningCompleteFlagTx7,0x12,237,1,0x01,Lane-banked,bool,,,,,RO,ClearOnRead,Rqd,,Latched Flag indicating laser tuning has been completed for media lane <n>=1-8,,8-99,Not in SONiC,
TargetOutputPowerOORFlagTx8,TargetOutputPowerOORFlagTx8,0x12,238,1,0x20,Lane-banked,bool,,,,,RO,ClearOnRead,Rqd,,Latched Flag indicating that a target output power value outside the allowed range was entered for media lane <n>=1-8,,8-99,Not in SONiC,
FineTuningOutOfRangeFlagTx8,FineTuningOutOfRangeFlagTx8,0x12,238,1,0x10,Lane-banked,bool,,,,,RO,ClearOnRead,Rqd,,Latched Flag indicating that a fine-tuning value outside the allowed range was given for media lane <n>=1-8,,8-99,Not in SONiC,
TuningNotAcceptedFlagTx8,TuningNotAcceptedFlagTx8,0x12,238,1,0x08,Lane-banked,bool,,,,,RO,ClearOnRead,Rqd,,"Latched Flag indicating a failed tuning operation for media lane <n>=1-8: the module was temporarily unable to serve a tuning request in its current state, in response to the host programming grid or channel. The Flag indicates that the nominally programmed grid or channel do not match the actual condition of the laser. The Flag clears when channel or grid have been successfully re-programmed. Note. This Flag may e.g. be asserted by the module if the host attempts to change the target output power or fine tune frequency while tuning in progress.",,8-99,Not in SONiC,
InvalidChannelNumberFlagTx8,InvalidChannelNumberFlagTx8,0x12,238,1,0x04,Lane-banked,bool,,,,,RO,ClearOnRead,Rqd,,Latched Flag indicating that ChannelNumberTx<n> was not in advertised range of the channel spacing selected on media lane <n>=1-8,,8-99,Not in SONiC,
WavelengthUnlockedFlagTx8,WavelengthUnlockedFlagTx8,0x12,238,1,0x02,Lane-banked,bool,,,,,RO,ClearOnRead,Rqd,,Latched Flag version of WavelengthUnlockedTx<n>,,8-99,Not in SONiC,
TuningCompleteFlagTx8,TuningCompleteFlagTx8,0x12,238,1,0x01,Lane-banked,bool,,,,,RO,ClearOnRead,Rqd,,Latched Flag indicating laser tuning has been completed for media lane <n>=1-8,,8-99,Not in SONiC,
Reserved.12h.239,Reserved,0x12,239,8,0xC0 0xC0 0xC0 0xC0 0xC0 0xC0 0xC0 0xC0,Lane-banked,,,,,,RO,Normal,,,Reserved,,8-99,Not in SONiC,
TargetOutputPowerOORMaskTx1,TargetOutputPowerOORMaskTx1,0x12,239,1,0x20,Lane-banked,bool,,,,,RW,Normal,Rqd,,Mask for TargetOutputPowerOORFlagTx<n> Default: 1,,8-99,Not in SONiC,
FineTuningOutOfRangeMaskTx1,FineTuningOutOfRangeMaskTx1,0x12,239,1,0x10,Lane-banked,bool,,,,,RW,Normal,Rqd,,Mask for FineTuningOutOfRangeFlagTx<n> Default: 1,,8-99,Not in SONiC,
TuningNotAcceptedMaskTx1,TuningNotAcceptedMaskTx1,0x12,239,1,0x08,Lane-banked,bool,,,,,RW,Normal,Rqd,,Mask for TuningNotAcceptedFlagTx<n>=1-8 Default: 1,,8-99,Not in SONiC,
InvalidChannelMaskTx1,InvalidChannelMaskTx1,0x12,239,1,0x04,Lane-banked,bool,,,,,RW,Normal,Rqd,,Mask for InvalidChannelNumberFlagTx<n> Default: 1,,8-99,Not in SONiC,
WavelengthUnlockedMaskTx1,WavelengthUnlockedMaskTx1,0x12,239,1,0x02,Lane-banked,bool,,,,,RW,Normal,Rqd,,Mask for WavelengthUnlockedFlagTx<n> Default: 1,,8-99,Not in SONiC,
TuningCompleteMaskTx1,TuningCompleteMaskTx1,0x12,239,1,0x01,Lane-banked,bool,,,,,RW,Normal,Rqd,,Mask for TuningCompleteFlagTx<n> Default: 1,,8-99,Not in SONiC,
TargetOutputPowerOORMaskTx2,TargetOutputPowerOORMaskTx2,0x12,240,1,0x20,Lane-banked,bool,,,,,RW,Normal,Rqd,,Mask for TargetOutputPowerOORFlagTx<n> Default: 1,,8-99,Not in SONiC,
FineTuningOutOfRangeMaskTx2,FineTuningOutOfRangeMaskTx2,0x12,240,1,0x10,Lane-banked,bool,,,,,RW,Normal,Rqd,,Mask for FineTuningOutOfRangeFlagTx<n> Default: 1,,8-99,Not in SONiC,
TuningNotAcceptedMaskTx2,TuningNotAcceptedMaskTx2,0x12,240,1,0x08,Lane-banked,bool,,,,,RW,Normal,Rqd,,Mask for TuningNotAcceptedFlagTx<n>=1-8 Default: 1,,8-99,Not in SONiC,
InvalidChannelMaskTx2,InvalidChannelMaskTx2,0x12,240,1,0x04,Lane-banked,bool,,,,,RW,Normal,Rqd,,Mask for InvalidChannelNumberFlagTx<n> Default: 1,,8-99,Not in SONiC,
WavelengthUnlockedMaskTx2,WavelengthUnlockedMaskTx2,0x12,240,1,0x02,Lane-banked,bool,,,,,RW,Normal,Rqd,,Mask for WavelengthUnlockedFlagTx<n> Default: 1,,8-99,Not in SONiC,
TuningCompleteMaskTx2,TuningCompleteMaskTx2,0x12,240,1,0x01,Lane-banked,bool,,,,,RW,Normal,Rqd,,Mask for TuningCompleteFlagTx<n> Default: 1,,8-99,Not in SONiC,
TargetOutputPowerOORMaskTx3,TargetOutputPowerOORMaskTx3,0x12,241,1,0x20,Lane-banked,bool,,,,,RW,Normal,Rqd,,Mask for TargetOutputPowerOORFlagTx<n> Default: 1,,8-99,Not in SONiC,
FineTuningOutOfRangeMaskTx3,FineTuningOutOfRangeMaskTx3,0x12,241,1,0x10,Lane-banked,bool,,,,,RW,Normal,Rqd,,Mask for FineTuningOutOfRangeFlagTx<n> Default: 1,,8-99,Not in SONiC,
TuningNotAcceptedMaskTx3,TuningNotAcceptedMaskTx3,0x12,241,1,0x08,Lane-banked,bool,,,,,RW,Normal,Rqd,,Mask for TuningNotAcceptedFlagTx<n>=1-8 Default: 1,,8-99,Not in SONiC,
InvalidChannelMaskTx3,InvalidChannelMaskTx3,0x12,241,1,0x04,Lane-banked,bool,,,,,RW,Normal,Rqd,,Mask for InvalidChannelNumberFlagTx<n> Default: 1,,8-99,Not in SONiC,
WavelengthUnlockedMaskTx3,WavelengthUnlockedMaskTx3,0x12,241,1,0x02,Lane-banked,bool,,,,,RW,Normal,Rqd,,Mask for WavelengthUnlockedFlagTx<n> Default: 1,,8-99,Not in SONiC,
TuningCompleteMaskTx3,TuningCompleteMaskTx3,0x12,241,1,0x01,Lane-banked,bool,,,,,RW,Normal,Rqd,,Mask for TuningCompleteFlagTx<n> Default: 1,,8-99,Not in SONiC,
TargetOutputPowerOORMaskTx4,TargetOutputPowerOORMaskTx4,0x12,242,1,0x20,Lane-banked,bool,,,,,RW,Normal,Rqd,,Mask for TargetOutputPowerOORFlagTx<n> Default: 1,,8-99,Not in SONiC,
FineTuningOutOfRangeMaskTx4,FineTuningOutOfRangeMaskTx4,0x12,242,1,0x10,Lane-banked,bool,,,,,RW,Normal,Rqd,,Mask for FineTuningOutOfRangeFlagTx<n> Default: 1,,8-99,Not in SONiC,
TuningNotAcceptedMaskTx4,TuningNotAcceptedMaskTx4,0x12,242,1,0x08,Lane-banked,bool,,,,,RW,Normal,Rqd,,Mask for TuningNotAcceptedFlagTx<n>=1-8 Default: 1,,8-99,Not in SONiC,
InvalidChannelMaskTx4,InvalidChannelMaskTx4,0x12,242,1,0x04,Lane-banked,bool,,,,,RW,Normal,Rqd,,Mask for InvalidChannelNumberFlagTx<n> Default: 1,,8-99,Not in SONiC,
WavelengthUnlockedMaskTx4,WavelengthUnlockedMaskTx4,0x12,242,1,0x02,Lane-banked,bool,,,,,RW,Normal,Rqd,,Mask for WavelengthUnlockedFlagTx<n> Default: 1,,8-99,Not in SONiC,
TuningCompleteMaskTx4,TuningCompleteMaskTx4,0x12,242,1,0x01,Lane-banked,bool,,,,,RW,Normal,Rqd,,Mask for TuningCompleteFlagTx<n> Default: 1,,8-99,Not in SONiC,
TargetOutputPowerOORMaskTx5,TargetOutputPowerOORMaskTx5,0x12,243,1,0x20,Lane-banked,bool,,,,,RW,Normal,Rqd,,Mask for TargetOutputPowerOORFlagTx<n> Default: 1,,8-99,Not in SONiC,
FineTuningOutOfRangeMaskTx5,FineTuningOutOfRangeMaskTx5,0x12,243,1,0x10,Lane-banked,bool,,,,,RW,Normal,Rqd,,Mask for FineTuningOutOfRangeFlagTx<n> Default: 1,,8-99,Not in SONiC,
TuningNotAcceptedMaskTx5,TuningNotAcceptedMaskTx5,0x12,243,1,0x08,Lane-banked,bool,,,,,RW,Normal,Rqd,,Mask for TuningNotAcceptedFlagTx<n>=1-8 Default: 1,,8-99,Not in SONiC,
InvalidChannelMaskTx5,InvalidChannelMaskTx5,0x12,243,1,0x04,Lane-banked,bool,,,,,RW,Normal,Rqd,,Mask for InvalidChannelNumberFlagTx<n> Default: 1,,8-99,Not in SONiC,
WavelengthUnlockedMaskTx5,WavelengthUnlockedMaskTx5,0x12,243,1,0x02,Lane-banked,bool,,,,,RW,Normal,Rqd,,Mask for WavelengthUnlockedFlagTx<n> Default: 1,,8-99,Not in SONiC,
TuningCompleteMaskTx5,TuningCompleteMaskTx5,0x12,243,1,0x01,Lane-banked,bool,,,,,RW,Normal,Rqd,,Mask for TuningCompleteFlagTx<n> Default: 1,,8-99,Not in SONiC,
TargetOutputPowerOORMaskTx6,TargetOutputPowerOORMaskTx6,0x12,244,1,0x20,Lane-banked,bool,,,,,RW,Normal,Rqd,,Mask for TargetOutputPowerOORFlagTx<n> Default: 1,,8-99,Not in SONiC,
FineTuningOutOfRangeMaskTx6,FineTuningOutOfRangeMaskTx6,0x12,244,1,0x10,Lane-banked,bool,,,,,RW,Normal,Rqd,,Mask for FineTuningOutOfRangeFlagTx<n> Default: 1,,8-99,Not in SONiC,
TuningNotAcceptedMaskTx6,TuningNotAcceptedMaskTx6,0x12,244,1,0x08,Lane-banked,bool,,,,,RW,Normal,Rqd,,Mask for TuningNotAcceptedFlagTx<n>=1-8 Default: 1,,8-99,Not in SONiC,
InvalidChannelMaskTx6,InvalidChannelMaskTx6,0x12,244,1,0x04,Lane-banked,bool,,,,,RW,Normal,Rqd,,Mask for InvalidChannelNumberFlagTx<n> Default: 1,,8-99,Not in SONiC,
WavelengthUnlockedMaskTx6,WavelengthUnlockedMaskTx6,0x12,244,1,0x02,Lane-banked,bool,,,,,RW,Normal,Rqd,,Mask for WavelengthUnlockedFlagTx<n> Default: 1,,8-99,Not in SONiC,
TuningCompleteMaskTx6,TuningCompleteMaskTx6,0x12,244,1,0x01,Lane-banked,bool,,,,,RW,Normal,Rqd,,Mask for TuningCompleteFlagTx<n> Default: 1,,8-99,Not in SONiC,
TargetOutputPowerOORMaskTx7,TargetOutputPowerOORMaskTx7,0x12,245,1,0x20,Lane-banked,bool,,,,,RW,Normal,Rqd,,Mask for TargetOutputPowerOORFlagTx<n> Default: 1,,8-99,Not in SONiC,
FineTuningOutOfRangeMaskTx7,FineTuningOutOfRangeMaskTx7,0x12,245,1,0x10,Lane-banked,bool,,,,,RW,Normal,Rqd,,Mask for FineTuningOutOfRangeFlagTx<n> Default: 1,,8-99,Not in SONiC,
TuningNotAcceptedMaskTx7,TuningNotAcceptedMaskTx7,0x12,245,1,0x08,Lane-banked,bool,,,,,RW,Normal,Rqd,,Mask for TuningNotAcceptedFlagTx<n>=1-8 Default: 1,,8-99,Not in SONiC,
InvalidChannelMaskTx7,InvalidChannelMaskTx7,0x12,245,1,0x04,Lane-banked,bool,,,,,RW,Normal,Rqd,,Mask for InvalidChannelNumberFlagTx<n> Default: 1,,8-99,Not in SONiC,
WavelengthUnlockedMaskTx7,WavelengthUnlockedMaskTx7,0x12,245,1,0x02,Lane-banked,bool,,,,,RW,Normal,Rqd,,Mask for WavelengthUnlockedFlagTx<n> Default: 1,,8-99,Not in SONiC,
TuningCompleteMaskTx7,TuningCompleteMaskTx7,0x12,245,1,0x01,Lane-banked,bool,,,,,RW,Normal,Rqd,,Mask for TuningCompleteFlagTx<n> Default: 1,,8-99,Not in SONiC,
TargetOutputPowerOORMaskTx8,TargetOutputPowerOORMaskTx8,0x12,246,1,0x20,Lane-banked,bool,,,,,RW,Normal,Rqd,,Mask for TargetOutputPowerOORFlagTx<n> Default: 1,,8-99,Not in SONiC,
FineTuningOutOfRangeMaskTx8,FineTuningOutOfRangeMaskTx8,0x12,246,1,0x10,Lane-banked,bool,,,,,RW,Normal,Rqd,,Mask for FineTuningOutOfRangeFlagTx<n> Default: 1,,8-99,Not in SONiC,
TuningNotAcceptedMaskTx8,TuningNotAcceptedMaskTx8,0x12,246,1,0x08,Lane-banked,bool,,,,,RW,Normal,Rqd,,Mask for TuningNotAcceptedFlagTx<n>=1-8 Default: 1,,8-99,Not in SONiC,
InvalidChannelMaskTx8,InvalidChannelMaskTx8,0x12,246,1,0x04,Lane-banked,bool,,,,,RW,Normal,Rqd,,Mask for InvalidChannelNumberFlagTx<n> Default: 1,,8-99,Not in SONiC,
WavelengthUnlockedMaskTx8,WavelengthUnlockedMaskTx8,0x12,246,1,0x02,Lane-banked,bool,,,,,RW,Normal,Rqd,,Mask for WavelengthUnlockedFlagTx<n> Default: 1,,8-99,Not in SONiC,
TuningCompleteMaskTx8,TuningCompleteMaskTx8,0x12,246,1,0x01,Lane-banked,bool,,,,,RW,Normal,Rqd,,Mask for TuningCompleteFlagTx<n> Default: 1,,8-99,Not in SONiC,
Reserved.12h.247,Reserved,0x12,247,9,,Lane-banked,,,,,,RO,Normal,,,Reserved[9],,8-99,Not in SONiC,
Reserved.13h.128,Reserved,0x13,128,1,0x80,Lane-banked,,,,,,RO,Normal,,,Reserved,,8-101,SONiC wider,LoopbackCapability
SimultaneousHostAndMediaSideLoopbacks,SimultaneousHostAndMediaSideLoopbacks,0x13,128,1,0x40,Lane-banked,bool,,,,,RO,Normal,Rqd,,0b: not supported 1b: supported,,8-101,SONiC wider,LoopbackCapability
PerLaneMediaSideLoopbacks,PerLaneMediaSideLoopbacks,0x13,128,1,0x20,Lane-banked,bool,,,,,RO,Normal,Rqd,,0b: not supported 1b: supported,,8-101,SONiC wider,LoopbackCapability
PerLaneHostSideLoopbacks,PerLaneHostSideLoopbacks,0x13,128,1,0x10,Lane-banked,bool,,,,,RO,Normal,Rqd,,0b: not supported 1b: supported,,8-101,SONiC wider,LoopbackCapability
HostSideInputLoopback,HostSideInputLoopback,0x13,128,1,0x08,Lane-banked,bool,,,,,RO,Normal,Rqd,,0b: not supported 1b: supported,,8-101,SONiC wider,LoopbackCapability
HostSideOutputLoopback,HostSideOutputLoopback,0x13,128,1,0x04,Lane-banked,bool,,,,,RO,Normal,Rqd,,0b: not supported 1b: supported,,8-101,SONiC wider,LoopbackCapability
MediaSideInputLoopback,MediaSideInputLoopback,0x13,128,1,0x02,Lane-banked,bool,,,,,RO,Normal,Rqd,,0b: not supported 1b: supported,,8-101,SONiC wider,LoopbackCapability
MediaSideOutputLoopback,MediaSideOutputLoopback,0x13,128,1,0x01,Lane-banked,bool,,,,,RO,Normal,Rqd,,0b: not supported 1b: supported,,8-101,SONiC wider,LoopbackCapability
GatingSupport,GatingSupport,0x13,129,1,0xC0,Lane-banked,enum2,,,,,RO,Normal,Rqd,,"Gating (measurement over a given time interval) is 00b: Not supported (host defined measurement time) 01b: Supported with time accuracy <= 2 ms 10b: Supported with time accuracy <= 20 ms 11b: Supported with time accuracy > 20 ms Note: The accuracy specifies the interval length error magnitude in the real-time time base of the module. Interval length may vary, e.g. by task scheduling jitter in module firmware. Note: The total bits counted and reported can be used as an accurate measure of the actual time interval length",,8-102,Not in SONiC,
GatingResultsSupported,GatingResultsSupported,0x13,129,1,0x20,Lane-banked,bool,,,,,RO,Normal,Rqd,,Gating result statistics selectable by DiagnosticsSelector (14h:128) values 11h-15h are 0b: Not supported 1b: Supported,,8-102,Not in SONiC,
PeriodicUpdatesSupported,PeriodicUpdatesSupported,0x13,129,1,0x10,Lane-banked,bool,,,,,RO,Normal,Rqd,,Real-time statistics selectable by DiagnosticsSelector (14h:128) values 01h-06h are periodically updated during measurement 0b: no periodic update during measurement 1b: periodic update during measurement Note: The update rate of periodic update is selected by UpdatePeriodSelect (13h:177.0) Note: Single-shot measurements (un-gated non-periodic) can be started by enabling checkers and stopped by ResetErrorInformation (13h:177.5),,8-102,Not in SONiC,
PerLaneGatingTimersSupported,PerLaneGatingTimersSupported,0x13,129,1,0x08,Lane-banked,bool,,,,,RO,Normal,Rqd,,"0b: Only two global gating timers are available for all lanes on all Banks, one for Host Side Measurements and one for Media Side Measurements. 1b: Per lane gating timers are supported in all Banks",,8-102,Not in SONiC,
AutoRestartGatingSupported,AutoRestartGatingSupported,0x13,129,1,0x04,Lane-banked,bool,,,,,RO,Normal,Rqd,,0b: AutoRestartGating control (13h:177.4) not supported 1b: AutoRestartGating control (13h:177.4) supported,,8-102,Not in SONiC,
Reserved.13h.129,Reserved,0x13,129,1,0x03,Lane-banked,,,,,,RO,Normal,,,Reserved,,8-102,Not in SONiC,
MediaSideFEC,MediaSideFEC,0x13,130,1,0x80,Lane-banked,bool,,,,,RO,Normal,Rqd,,1b: Supported (PRBS error information available) 0b: Not supported,,8-103,Not in SONiC,
HostSideFEC,HostSideFEC,0x13,130,1,0x40,Lane-banked,bool,,,,,RO,Normal,Rqd,,1b: Supported (PRBS error information available) 0b: Not supported,,8-103,Not in SONiC,
MediaSideInputSNRMeasurement,MediaSideInputSNRMeasurement,0x13,130,1,0x20,Lane-banked,bool,,,,,RO,Normal,Rqd,,Indicates if media side SNR measurement reported via DiagnosticsSelector value 06h is supported (see Table 8-127) 1b: Supported 0b: Not supported,,8-103,Not in SONiC,
HostSideInputSNRMeasurement,HostSideInputSNRMeasurement,0x13,130,1,0x10,Lane-banked,bool,,,,,RO,Normal,Rqd,,"Indicates if host side SNR measurement reported via Diagnostics Selection value 06h is supported (Byte 14h:128, see Table 8-127) 1b: Supported 0b: Not supported",,8-103,Not in SONiC,
Reserved.13h.130.0x08,Reserved,0x13,130,1,0x08,Lane-banked,,,,,,RO,Normal,,,Reserved,,8-103,Not in SONiC,
Reserved.13h.130.0x04,Reserved,0x13,130,1,0x04,Lane-banked,,,,,,RO,Normal,,,Reserved,,8-103,Not in SONiC,
BitsAndErrorsCountingSupported,BitsAndErrorsCountingSupported,0x13,130,1,0x02,Lane-banked,bool,,,,,RO,Normal,Rqd,,"Indicates if DiagnosticsSelector values 02h-05h are supported (Page 14h byte 128, Table 8-127) 1b: Supported 0b: Not supported Some modules are unable to perform a 64-bit division to calculate and present BER. It is expected these types of module will present the BER as error counts and total bits elapsed for the error counts presented.",,8-103,Not in SONiC,
BitErrorRatioResultsSupported,BitErrorRatioResultsSupported,0x13,130,1,0x01,Lane-banked,bool,,,,,RO,Normal,Rqd,,Indicates if DiagnosticsSelector value 01h is supported (See Table 8-127) 1b: Supported 0b: Not supported,,8-103,Not in SONiC,
PRBSGeneratorMediaSidePreFEC,PRBSGeneratorMediaSidePreFEC,0x13,131,1,0x80,Lane-banked,bool,,,,,RO,Normal,Rqd,,1b: Supported 0b: Not supported Note: see reference diagram in Figure 8-4,,8-104,Not in SONiC,
PRBSGeneratorMediaSidePostFEC,PRBSGeneratorMediaSidePostFEC,0x13,131,1,0x40,Lane-banked,bool,,,,,RO,Normal,Rqd,,1b: Supported 0b: Not supported Note: see reference diagram in Figure 8-4,,8-104,Not in SONiC,
PRBSCheckerMediaSidePreFEC,PRBSCheckerMediaSidePreFEC,0x13,131,1,0x20,Lane-banked,bool,,,,,RO,Normal,Rqd,,1b: Supported 0b: Not supported Note: see reference diagram in Figure 8-4,,8-104,Not in SONiC,
PRBSCheckerMediaSidePostFEC,PRBSCheckerMediaSidePostFEC,0x13,131,1,0x10,Lane-banked,bool,,,,,RO,Normal,Rqd,,1b: Supported 0b: Not supported Note: see reference diagram in Figure 8-4,,8-104,Not in SONiC,
PRBSGeneratorHostSidePreFEC,PRBSGeneratorHostSidePreFEC,0x13,131,1,0x08,Lane-banked,bool,,,,,RO,Normal,Rqd,,1b: Supported 0b: Not supported Note: see reference diagram in Figure 8-4,,8-104,Not in SONiC,
PRBSGeneratorHostSidePostFEC,PRBSGeneratorHostSidePostFEC,0x13,131,1,0x04,Lane-banked,bool,,,,,RO,Normal,Rqd,,1b: Supported 0b: Not supported Note: see reference diagram in Figure 8-4,,8-104,Not in SONiC,
PRBSCheckerHostSidePreFEC,PRBSCheckerHostSidePreFEC,0x13,131,1,0x02,Lane-banked,bool,,,,,RO,Normal,Rqd,,1b: Supported 0b: Not supported Note: see reference diagram in Figure 8-4,,8-104,Not in SONiC,
PRBSCheckerHostSidePostFEC,PRBSCheckerHostSidePostFEC,0x13,131,1,0x01,Lane-banked,bool,,,,,RO,Normal,Rqd,,1b: Supported 0b: Not supported Note: see reference diagram in Figure 8-4,,8-104,Not in SONiC,
HostSideGeneratorSupportsPattern7,HostSideGeneratorSupportsPattern7,0x13,132,1,0x80,Lane-banked,bool,,,,,RO,Normal,Rqd,,HostSideGeneratorSupportsPattern<i> Pattern with ID <i> (see Table 8-105) 1b: Supported 0b: Not supported (Little Endian),,8-106,Not in SONiC,
HostSideGeneratorSupportsPattern6,HostSideGeneratorSupportsPattern6,0x13,132,1,0x40,Lane-banked,bool,,,,,RO,Normal,Rqd,,HostSideGeneratorSupportsPattern<i> Pattern with ID <i> (see Table 8-105) 1b: Supported 0b: Not supported (Little Endian),,8-106,Not in SONiC,
HostSideGeneratorSupportsPattern5,HostSideGeneratorSupportsPattern5,0x13,132,1,0x20,Lane-banked,bool,,,,,RO,Normal,Rqd,,HostSideGeneratorSupportsPattern<i> Pattern with ID <i> (see Table 8-105) 1b: Supported 0b: Not supported (Little Endian),,8-106,Not in SONiC,
HostSideGeneratorSupportsPattern4,HostSideGeneratorSupportsPattern4,0x13,132,1,0x10,Lane-banked,bool,,,,,RO,Normal,Rqd,,HostSideGeneratorSupportsPattern<i> Pattern with ID <i> (see Table 8-105) 1b: Supported 0b: Not supported (Little Endian),,8-106,Not in SONiC,
HostSideGeneratorSupportsPattern3,HostSideGeneratorSupportsPattern3,0x13,132,1,0x08,Lane-banked,bool,,,,,RO,Normal,Rqd,,HostSideGeneratorSupportsPattern<i> Pattern with ID <i> (see Table 8-105) 1b: Supported 0b: Not supported (Little Endian),,8-106,Not in SONiC,
HostSideGeneratorSupportsPattern2,HostSideGeneratorSupportsPattern2,0x13,132,1,0x04,Lane-banked,bool,,,,,RO,Normal,Rqd,,HostSideGeneratorSupportsPattern<i> Pattern with ID <i> (see Table 8-105) 1b: Supported 0b: Not supported (Little Endian),,8-106,Not in SONiC,
HostSideGeneratorSupportsPattern1,HostSideGeneratorSupportsPattern1,0x13,132,1,0x02,Lane-banked,bool,,,,,RO,Normal,Rqd,,HostSideGeneratorSupportsPattern<i> Pattern with ID <i> (see Table 8-105) 1b: Supported 0b: Not supported (Little Endian),,8-106,Not in SONiC,
HostSideGeneratorSupportsPattern0,HostSideGeneratorSupportsPattern0,0x13,132,1,0x01,Lane-banked,bool,,,,,RO,Normal,Rqd,,HostSideGeneratorSupportsPattern<i> Pattern with ID <i> (see Table 8-105) 1b: Supported 0b: Not supported (Little Endian),,8-106,Not in SONiC,
HostSideGeneratorSupportsPattern15,HostSideGeneratorSupportsPattern15,0x13,133,1,0x80,Lane-banked,bool,,,,,RO,Normal,Rqd,,HostSideGeneratorSupportsPattern<i> Pattern with ID <i> (see Table 8-105) 1b: Supported 0b: Not supported (Little Endian),,8-106,Not in SONiC,
HostSideGeneratorSupportsPattern14,HostSideGeneratorSupportsPattern14,0x13,133,1,0x40,Lane-banked,bool,,,,,RO,Normal,Rqd,,HostSideGeneratorSupportsPattern<i> Pattern with ID <i> (see Table 8-105) 1b: Supported 0b: Not supported (Little Endian),,8-106,Not in SONiC,
HostSideGeneratorSupportsPattern13,HostSideGeneratorSupportsPattern13,0x13,133,1,0x20,Lane-banked,bool,,,,,RO,Normal,Rqd,,HostSideGeneratorSupportsPattern<i> Pattern with ID <i> (see Table 8-105) 1b: Supported 0b: Not supported (Little Endian),,8-106,Not in SONiC,
HostSideGeneratorSupportsPattern12,HostSideGeneratorSupportsPattern12,0x13,133,1,0x10,Lane-banked,bool,,,,,RO,Normal,Rqd,,HostSideGeneratorSupportsPattern<i> Pattern with ID <i> (see Table 8-105) 1b: Supported 0b: Not supported (Little Endian),,8-106,Not in SONiC,
HostSideGeneratorSupportsPattern11,HostSideGeneratorSupportsPattern11,0x13,133,1,0x08,Lane-banked,bool,,,,,RO,Normal,Rqd,,HostSideGeneratorSupportsPattern<i> Pattern with ID <i> (see Table 8-105) 1b: Supported 0b: Not supported (Little Endian),,8-106,Not in SONiC,
HostSideGeneratorSupportsPattern10,HostSideGeneratorSupportsPattern10,0x13,133,1,0x04,Lane-banked,bool,,,,,RO,Normal,Rqd,,HostSideGeneratorSupportsPattern<i> Pattern with ID <i> (see Table 8-105) 1b: Supported 0b: Not supported (Little Endian),,8-106,Not in SONiC,
HostSideGeneratorSupportsPattern9,HostSideGeneratorSupportsPattern9,0x13,133,1,0x02,Lane-banked,bool,,,,,RO,Normal,Rqd,,HostSideGeneratorSupportsPattern<i> Pattern with ID <i> (see Table 8-105) 1b: Supported 0b: Not supported (Little Endian),,8-106,Not in SONiC,
HostSideGeneratorSupportsPattern8,HostSideGeneratorSupportsPattern8,0x13,133,1,0x01,Lane-banked,bool,,,,,RO,Normal,Rqd,,HostSideGeneratorSupportsPattern<i> Pattern with ID <i> (see Table 8-105) 1b: Supported 0b: Not supported (Little Endian),,8-106,Not in SONiC,
MediaSideGeneratorSupportsPattern7,MediaSideGeneratorSupportsPattern7,0x13,134,1,0x80,Lane-banked,bool,,,,,RO,Normal,Rqd,,MediaSideGeneratorSupportsPattern<i> Pattern <i> (see Table 8-105 for Pattern IDs) 1b: Supported 0b: Not supported (Little Endian),,8-106,Not in SONiC,
MediaSideGeneratorSupportsPattern6,MediaSideGeneratorSupportsPattern6,0x13,134,1,0x40,Lane-banked,bool,,,,,RO,Normal,Rqd,,MediaSideGeneratorSupportsPattern<i> Pattern <i> (see Table 8-105 for Pattern IDs) 1b: Supported 0b: Not supported (Little Endian),,8-106,Not in SONiC,
MediaSideGeneratorSupportsPattern5,MediaSideGeneratorSupportsPattern5,0x13,134,1,0x20,Lane-banked,bool,,,,,RO,Normal,Rqd,,MediaSideGeneratorSupportsPattern<i> Pattern <i> (see Table 8-105 for Pattern IDs) 1b: Supported 0b: Not supported (Little Endian),,8-106,Not in SONiC,
MediaSideGeneratorSupportsPattern4,MediaSideGeneratorSupportsPattern4,0x13,134,1,0x10,Lane-banked,bool,,,,,RO,Normal,Rqd,,MediaSideGeneratorSupportsPattern<i> Pattern <i> (see Table 8-105 for Pattern IDs) 1b: Supported 0b: Not supported (Little Endian),,8-106,Not in SONiC,
MediaSideGeneratorSupportsPattern3,MediaSideGeneratorSupportsPattern3,0x13,134,1,0x08,Lane-banked,bool,,,,,RO,Normal,Rqd,,MediaSideGeneratorSupportsPattern<i> Pattern <i> (see Table 8-105 for Pattern IDs) 1b: Supported 0b: Not supported (Little Endian),,8-106,Not in SONiC,
MediaSideGeneratorSupportsPattern2,MediaSideGeneratorSupportsPattern2,0x13,134,1,0x04,Lane-banked,bool,,,,,RO,Normal,Rqd,,MediaSideGeneratorSupportsPattern<i> Pattern <i> (see Table 8-105 for Pattern IDs) 1b: Supported 0b: Not supported (Little Endian),,8-106,Not in SONiC,
MediaSideGeneratorSupportsPattern1,MediaSideGeneratorSupportsPattern1,0x13,134,1,0x02,Lane-banked,bool,,,,,RO,Normal,Rqd,,MediaSideGeneratorSupportsPattern<i> Pattern <i> (see Table 8-105 for Pattern IDs) 1b: Supported 0b: Not supported (Little Endian),,8-106,Not in SONiC,
MediaSideGeneratorSupportsPattern0,MediaSideGeneratorSupportsPattern0,0x13,134,1,0x01,Lane-banked,bool,,,,,RO,Normal,Rqd,,MediaSideGeneratorSupportsPattern<i> Pattern <i> (see Table 8-105 for Pattern IDs) 1b: Supported 0b: Not supported (Little Endian),,8-106,Not in SONiC,
MediaSideGeneratorSupportsPattern15,MediaSideGeneratorSupportsPattern15,0x13,135,1,0x80,Lane-banked,bool,,,,,RO,Normal,Rqd,,MediaSideGeneratorSupportsPattern<i> Pattern <i> (see Table 8-105 for Pattern IDs) 1b: Supported 0b: Not supported (Little Endian),,8-106,Not in SONiC,
MediaSideGeneratorSupportsPattern14,MediaSideGeneratorSupportsPattern14,0x13,135,1,0x40,Lane-banked,bool,,,,,RO,Normal,Rqd,,MediaSideGeneratorSupportsPattern<i> Pattern <i> (see Table 8-105 for Pattern IDs) 1b: Supported 0b: Not supported (Little Endian),,8-106,Not in SONiC,
MediaSideGeneratorSupportsPattern13,MediaSideGeneratorSupportsPattern13,0x13,135,1,0x20,Lane-banked,bool,,,,,RO,Normal,Rqd,,MediaSideGeneratorSupportsPattern<i> Pattern <i> (see Table 8-105 for Pattern IDs) 1b: Supported 0b: Not supported (Little Endian),,8-106,Not in SONiC,
MediaSideGeneratorSupportsPattern12,MediaSideGeneratorSupportsPattern12,0x13,135,1,0x10,Lane-banked,bool,,,,,RO,Normal,Rqd,,MediaSideGeneratorSupportsPattern<i> Pattern <i> (see Table 8-105 for Pattern IDs) 1b: Supported 0b: Not supported (Little Endian),,8-106,Not in SONiC,
MediaSideGeneratorSupportsPattern11,MediaSideGeneratorSupportsPattern11,0x13,135,1,0x08,Lane-banked,bool,,,,,RO,Normal,Rqd,,MediaSideGeneratorSupportsPattern<i> Pattern <i> (see Table 8-105 for Pattern IDs) 1b: Supported 0b: Not supported (Little Endian),,8-106,Not in SONiC,
MediaSideGeneratorSupportsPattern10,MediaSideGeneratorSupportsPattern10,0x13,135,1,0x04,Lane-banked,bool,,,,,RO,Normal,Rqd,,MediaSideGeneratorSupportsPattern<i> Pattern <i> (see Table 8-105 for Pattern IDs) 1b: Supported 0b: Not supported (Little Endian),,8-106,Not in SONiC,
MediaSideGeneratorSupportsPattern9,MediaSideGeneratorSupportsPattern9,0x13,135,1,0x02,Lane-banked,bool,,,,,RO,Normal,Rqd,,MediaSideGeneratorSupportsPattern<i> Pattern <i> (see Table 8-105 for Pattern IDs) 1b: Supported 0b: Not supported (Little Endian),,8-106,Not in SONiC,
MediaSideGeneratorSupportsPattern8,MediaSideGeneratorSupportsPattern8,0x13,135,1,0x01,Lane-banked,bool,,,,,RO,Normal,Rqd,,MediaSideGeneratorSupportsPattern<i> Pattern <i> (see Table 8-105 for Pattern IDs) 1b: Supported 0b: Not supported (Little Endian),,8-106,Not in SONiC,
HostSideCheckerSupportsPattern7,HostSideCheckerSupportsPattern7,0x13,136,1,0x80,Lane-banked,bool,,,,,RO,Normal,Rqd,,HostSideCheckerSupportsPattern<i> Pattern <i> (see Table 8-105 for Pattern IDs) 1b: Supported 0b: Not supported (Little Endian),,8-107,Not in SONiC,
HostSideCheckerSupportsPattern6,HostSideCheckerSupportsPattern6,0x13,136,1,0x40,Lane-banked,bool,,,,,RO,Normal,Rqd,,HostSideCheckerSupportsPattern<i> Pattern <i> (see Table 8-105 for Pattern IDs) 1b: Supported 0b: Not supported (Little Endian),,8-107,Not in SONiC,
HostSideCheckerSupportsPattern5,HostSideCheckerSupportsPattern5,0x13,136,1,0x20,Lane-banked,bool,,,,,RO,Normal,Rqd,,HostSideCheckerSupportsPattern<i> Pattern <i> (see Table 8-105 for Pattern IDs) 1b: Supported 0b: Not supported (Little Endian),,8-107,Not in SONiC,
HostSideCheckerSupportsPattern4,HostSideCheckerSupportsPattern4,0x13,136,1,0x10,Lane-banked,bool,,,,,RO,Normal,Rqd,,HostSideCheckerSupportsPattern<i> Pattern <i> (see Table 8-105 for Pattern IDs) 1b: Supported 0b: Not supported (Little Endian),,8-107,Not in SONiC,
HostSideCheckerSupportsPattern3,HostSideCheckerSupportsPattern3,0x13,136,1,0x08,Lane-banked,bool,,,,,RO,Normal,Rqd,,HostSideCheckerSupportsPattern<i> Pattern <i> (see Table 8-105 for Pattern IDs) 1b: Supported 0b: Not supported (Little Endian),,8-107,Not in SONiC,
HostSideCheckerSupportsPattern2,HostSideCheckerSupportsPattern2,0x13,136,1,0x04,Lane-banked,bool,,,,,RO,Normal,Rqd,,HostSideCheckerSupportsPattern<i> Pattern <i> (see Table 8-105 for Pattern IDs) 1b: Supported 0b: Not supported (Little Endian),,8-107,Not in SONiC,
HostSideCheckerSupportsPattern1,HostSideCheckerSupportsPattern1,0x13,136,1,0x02,Lane-banked,bool,,,,,RO,Normal,Rqd,,HostSideCheckerSupportsPattern<i> Pattern <i> (see Table 8-105 for Pattern IDs) 1b: Supported 0b: Not supported (Little Endian),,8-107,Not in SONiC,
HostSideCheckerSupportsPattern0,HostSideCheckerSupportsPattern0,0x13,136,1,0x01,Lane-banked,bool,,,,,RO,Normal,Rqd,,HostSideCheckerSupportsPattern<i> Pattern <i> (see Table 8-105 for Pattern IDs) 1b: Supported 0b: Not supported (Little Endian),,8-107,Not in SONiC,
HostSideCheckerSupportsPattern15,HostSideCheckerSupportsPattern15,0x13,137,1,0x80,Lane-banked,bool,,,,,RO,Normal,Rqd,,HostSideCheckerSupportsPattern<i> Pattern <i> (see Table 8-105 for Pattern IDs) 1b: Supported 0b: Not supported (Little Endian),,8-107,Not in SONiC,
HostSideCheckerSupportsPattern14,HostSideCheckerSupportsPattern14,0x13,137,1,0x40,Lane-banked,bool,,,,,RO,Normal,Rqd,,HostSideCheckerSupportsPattern<i> Pattern <i> (see Table 8-105 for Pattern IDs) 1b: Supported 0b: Not supported (Little Endian),,8-107,Not in SONiC,
HostSideCheckerSupportsPattern13,HostSideCheckerSupportsPattern13,0x13,137,1,0x20,Lane-banked,bool,,,,,RO,Normal,Rqd,,HostSideCheckerSupportsPattern<i> Pattern <i> (see Table 8-105 for Pattern IDs) 1b: Supported 0b: Not supported (Little Endian),,8-107,Not in SONiC,
HostSideCheckerSupportsPattern12,HostSideCheckerSupportsPattern12,0x13,137,1,0x10,Lane-banked,bool,,,,,RO,Normal,Rqd,,HostSideCheckerSupportsPattern<i> Pattern <i> (see Table 8-105 for Pattern IDs) 1b: Supported 0b: Not supported (Little Endian),,8-107,Not in SONiC,
HostSideCheckerSupportsPattern11,HostSideCheckerSupportsPattern11,0x13,137,1,0x08,Lane-banked,bool,,,,,RO,Normal,Rqd,,HostSideCheckerSupportsPattern<i> Pattern <i> (see Table 8-105 for Pattern IDs) 1b: Supported 0b: Not supported (Little Endian),,8-107,Not in SONiC,
HostSideCheckerSupportsPattern10,HostSideCheckerSupportsPattern10,0x13,137,1,0x04,Lane-banked,bool,,,,,RO,Normal,Rqd,,HostSideCheckerSupportsPattern<i> Pattern <i> (see Table 8-105 for Pattern IDs) 1b: Supported 0b: Not supported (Little Endian),,8-107,Not in SONiC,
HostSideCheckerSupportsPattern9,HostSideCheckerSupportsPattern9,0x13,137,1,0x02,Lane-banked,bool,,,,,RO,Normal,Rqd,,HostSideCheckerSupportsPattern<i> Pattern <i> (see Table 8-105 for Pattern IDs) 1b: Supported 0b: Not supported (Little Endian),,8-107,Not in SONiC,
HostSideCheckerSupportsPattern8,HostSideCheckerSupportsPattern8,0x13,137,1,0x01,Lane-banked,bool,,,,,RO,Normal,Rqd,,HostSideCheckerSupportsPattern<i> Pattern <i> (see Table 8-105 for Pattern IDs) 1b: Supported 0b: Not supported (Little Endian),,8-107,Not in SONiC,
MediaSideCheckerSupportsPattern7,MediaSideCheckerSupportsPattern7,0x13,138,1,0x80,Lane-banked,bool,,,,,RO,Normal,Rqd,,MediaSideCheckerSupportsPattern<i> Pattern <i> (see Table 8-105 for Pattern IDs) 1b: Supported 0b: Not supported (Little Endian),,8-107,Not in SONiC,
MediaSideCheckerSupportsPattern6,MediaSideCheckerSupportsPattern6,0x13,138,1,0x40,Lane-banked,bool,,,,,RO,Normal,Rqd,,MediaSideCheckerSupportsPattern<i> Pattern <i> (see Table 8-105 for Pattern IDs) 1b: Supported 0b: Not supported (Little Endian),,8-107,Not in SONiC,
MediaSideCheckerSupportsPattern5,MediaSideCheckerSupportsPattern5,0x13,138,1,0x20,Lane-banked,bool,,,,,RO,Normal,Rqd,,MediaSideCheckerSupportsPattern<i> Pattern <i> (see Table 8-105 for Pattern IDs) 1b: Supported 0b: Not supported (Little Endian),,8-107,Not in SONiC,
MediaSideCheckerSupportsPattern4,MediaSideCheckerSupportsPattern4,0x13,138,1,0x10,Lane-banked,bool,,,,,RO,Normal,Rqd,,MediaSideCheckerSupportsPattern<i> Pattern <i> (see Table 8-105 for Pattern IDs) 1b: Supported 0b: Not supported (Little Endian),,8-107,Not in SONiC,
MediaSideCheckerSupportsPattern3,MediaSideCheckerSupportsPattern3,0x13,138,1,0x08,Lane-banked,bool,,,,,RO,Normal,Rqd,,MediaSideCheckerSupportsPattern<i> Pattern <i> (see Table 8-105 for Pattern IDs) 1b: Supported 0b: Not supported (Little Endian),,8-107,Not in SONiC,
MediaSideCheckerSupportsPattern2,MediaSideCheckerSupportsPattern2,0x13,138,1,0x04,Lane-banked,bool,,,,,RO,Normal,Rqd,,MediaSideCheckerSupportsPattern<i> Pattern <i> (see Table 8-105 for Pattern IDs) 1b: Supported 0b: Not supported (Little Endian),,8-107,Not in SONiC,
MediaSideCheckerSupportsPattern1,MediaSideCheckerSupportsPattern1,0x13,138,1,0x02,Lane-banked,bool,,,,,RO,Normal,Rqd,,MediaSideCheckerSupportsPattern<i> Pattern <i> (see Table 8-105 for Pattern IDs) 1b: Supported 0b: Not supported (Little Endian),,8-107,Not in SONiC,
MediaSideCheckerSupportsPattern0,MediaSideCheckerSupportsPattern0,0x13,138,1,0x01,Lane-banked,bool,,,,,RO,Normal,Rqd,,MediaSideCheckerSupportsPattern<i> Pattern <i> (see Table 8-105 for Pattern IDs) 1b: Supported 0b: Not supported (Little Endian),,8-107,Not in SONiC,
MediaSideCheckerSupportsPattern15,MediaSideCheckerSupportsPattern15,0x13,139,1,0x80,Lane-banked,bool,,,,,RO,Normal,Rqd,,MediaSideCheckerSupportsPattern<i> Pattern <i> (see Table 8-105 for Pattern IDs) 1b: Supported 0b: Not supported (Little Endian),,8-107,Not in SONiC,
MediaSideCheckerSupportsPattern14,MediaSideCheckerSupportsPattern14,0x13,139,1,0x40,Lane-banked,bool,,,,,RO,Normal,Rqd,,MediaSideCheckerSupportsPattern<i> Pattern <i> (see Table 8-105 for Pattern IDs) 1b: Supported 0b: Not supported (Little Endian),,8-107,Not in SONiC,
MediaSideCheckerSupportsPattern13,MediaSideCheckerSupportsPattern13,0x13,139,1,0x20,Lane-banked,bool,,,,,RO,Normal,Rqd,,MediaSideCheckerSupportsPattern<i> Pattern <i> (see Table 8-105 for Pattern IDs) 1b: Supported 0b: Not supported (Little Endian),,8-107,Not in SONiC,
MediaSideCheckerSupportsPattern12,MediaSideCheckerSupportsPattern12,0x13,139,1,0x10,Lane-banked,bool,,,,,RO,Normal,Rqd,,MediaSideCheckerSupportsPattern<i> Pattern <i> (see Table 8-105 for Pattern IDs) 1b: Supported 0b: Not supported (Little Endian),,8-107,Not in SONiC,
MediaSideCheckerSupportsPattern11,MediaSideCheckerSupportsPattern11,0x13,139,1,0x08,Lane-banked,bool,,,,,RO,Normal,Rqd,,MediaSideCheckerSupportsPattern<i> Pattern <i> (see Table 8-105 for Pattern IDs) 1b: Supported 0b: Not supported (Little Endian),,8-107,Not in SONiC,
MediaSideCheckerSupportsPattern10,MediaSideCheckerSupportsPattern10,0x13,139,1,0x04,Lane-banked,bool,,,,,RO,Normal,Rqd,,MediaSideCheckerSupportsPattern<i> Pattern <i> (see Table 8-105 for Pattern IDs) 1b: Supported 0b: Not supported (Little Endian),,8-107,Not in SONiC,
MediaSideCheckerSupportsPattern9,MediaSideCheckerSupportsPattern9,0x13,139,1,0x02,Lane-banked,bool,,,,,RO,Normal,Rqd,,MediaSideCheckerSupportsPattern<i> Pattern <i> (see Table 8-105 for Pattern IDs) 1b: Supported 0b: Not supported (Little Endian),,8-107,Not in SONiC,
MediaSideCheckerSupportsPattern8,MediaSideCheckerSupportsPattern8,0x13,139,1,0x01,Lane-banked,bool,,,,,RO,Normal,Rqd,,MediaSideCheckerSupportsPattern<i> Pattern <i> (see Table 8-105 for Pattern IDs) 1b: Supported 0b: Not supported (Little Endian),,8-107,Not in SONiC,
RecoveredClockForGeneratorOptions,RecoveredClockForGeneratorOptions,0x13,140,1,0xC0,Lane-banked,enum2,,,,,RO,Normal,Rqd,,Options to use recovered clock for contra-directional pattern generator on the same module side 00b: not supported 01b: supported without loopback 10b: supported with loopback 11b: supported with and without loopback,,8-108,Not in SONiC,
ReferenceClockForPatternsSupported,ReferenceClockForPatternsSupported,0x13,140,1,0x20,Lane-banked,bool,,,,,RO,Normal,Rqd,,Option to use reference clock for pattern generation 1b/0b: supported/not supported,,8-108,Not in SONiC,
Reserved.13h.140,Reserved,0x13,140,1,0x10,Lane-banked,,,,,,,,,,Reserved,,8-108,Not in SONiC,
UserPatternLengthSupported,UserPatternLengthSupported,0x13,140,1,0x0F,Lane-banked,enum4,,,,,RO,Normal,Rqd,,"U4 Maximum length L of the user defined pattern, where the field value n encodes L as L=2(n+1), i.e. 0000b: 2 bytes, …, 1111b: 32 bytes",,8-108,Not in SONiC,
MediaSideCheckerSupportsDataSwap,MediaSideCheckerSupportsDataSwap,0x13,141,1,0x80,Lane-banked,bool,,,,,RO,Normal,Rqd,,0b/1b: Byte 13h:170 not supported/supported,,8-108,Not in SONiC,
MediaSideCheckerSupportsDataInvert,MediaSideCheckerSupportsDataInvert,0x13,141,1,0x40,Lane-banked,bool,,,,,RO,Normal,Rqd,,0b/1b: Byte 13h:169 not supported/supported,,8-108,Not in SONiC,
MediaSideGeneratorSupportsDataSwap,MediaSideGeneratorSupportsDataSwap,0x13,141,1,0x20,Lane-banked,bool,,,,,RO,Normal,Rqd,,0b/1b: Byte 13h:154 not supported/supported,,8-108,Not in SONiC,
MediaSideGeneratorSupportsDataInvert,MediaSideGeneratorSupportsDataInvert,0x13,141,1,0x10,Lane-banked,bool,,,,,RO,Normal,Rqd,,0b/1b: Byte 13h:153 not supported/supported,,8-108,Not in SONiC,
HostSideCheckerSupportsDataSwap,HostSideCheckerSupportsDataSwap,0x13,141,1,0x08,Lane-banked,bool,,,,,RO,Normal,Rqd,,0b/1b: Byte 13h:162 not supported/supported,,8-108,Not in SONiC,
HostSideCheckerSupportsDataInvert,HostSideCheckerSupportsDataInvert,0x13,141,1,0x04,Lane-banked,bool,,,,,RO,Normal,Rqd,,0b/1b: Byte 13h:161 not supported/supported,,8-108,Not in SONiC,
HostSideGeneratorSupportsDataSwap,HostSideGeneratorSupportsDataSwap,0x13,141,1,0x02,Lane-banked,bool,,,,,RO,Normal,Rqd,,0b/1b: Byte 13h:146 not supported/supported,,8-108,Not in SONiC,
HostSideGeneratorSupportsDataInvert,HostSideGeneratorSupportsDataInvert,0x13,141,1,0x01,Lane-banked,bool,,,,,RO,Normal,Rqd,,0b/1b: Byte 13h:145 not supported/supported,,8-108,Not in SONiC,
MediaCheckerSupportsPerLaneEnable,MediaCheckerSupportsPerLaneEnable,0x13,142,1,0x80,Lane-banked,bool,,,,,RO,Normal,Rqd,,Media side pattern checker for lane i enabled in 13h:168 enables lane i (or all lanes of the Bank) 0b/1b: per lane enable not supported/supported,,8-108,Not in SONiC,
MediaCheckerSupportsPerLanePattern,MediaCheckerSupportsPerLanePattern,0x13,142,1,0x40,Lane-banked,bool,,,,,RO,Normal,Rqd,,Media side pattern selection for checker 0b: Lane 1 pattern 13h:172.3-0 is used for all lanes 1b: Per lane pattern selection in 13h:172-175,,8-108,Not in SONiC,
MediaGeneratorSupportsPerLaneEnable,MediaGeneratorSupportsPerLaneEnable,0x13,142,1,0x20,Lane-banked,bool,,,,,RO,Normal,Rqd,,Media side pattern generator for lane i enabled in 13h:152 enables lane i (or all lanes of the Bank) 0b/1b: per lane enable not supported/supported,,8-108,Not in SONiC,
MediaGeneratorSupportsPerLanePattern,MediaGeneratorSupportsPerLanePattern,0x13,142,1,0x10,Lane-banked,bool,,,,,RO,Normal,Rqd,,Media side pattern selection for generator 0b: Lane 1 pattern 13h:156.3-0 is used for all lanes 1b: Per lane pattern selection in 13h:156-159,,8-108,Not in SONiC,
HostCheckerSupportsPerLaneEnable,HostCheckerSupportsPerLaneEnable,0x13,142,1,0x08,Lane-banked,bool,,,,,RO,Normal,Rqd,,Host side pattern checker for lane i enabled in 13h:160 enables lane i (or all lanes of the Bank) 0b/1b: per lane enable not supported/supported,,8-108,Not in SONiC,
HostCheckerSupportsPerLanePattern,HostCheckerSupportsPerLanePattern,0x13,142,1,0x04,Lane-banked,bool,,,,,RO,Normal,Rqd,,Host side pattern selection for checker 0b: Lane 1 pattern 13h:164.3-0 is used for all lanes 1b: Per lane pattern selection in 13h:164-167,,8-108,Not in SONiC,
HostGeneratorSupportsPerLaneEnable,HostGeneratorSupportsPerLaneEnable,0x13,142,1,0x02,Lane-banked,bool,,,,,RO,Normal,Rqd,,Host side pattern generator for lane i enabled in 13h:144 enables lane i (or all lanes of the Bank) 0b/1b: per lane enable not supported/supported,,8-108,Not in SONiC,
HostGeneratorSupportsPerLanePattern,HostGeneratorSupportsPerLanePattern,0x13,142,1,0x01,Lane-banked,bool,,,,,RO,Normal,Rqd,,Host side pattern selection for generator 0b: Lane 1 pattern 13h:148.3-0 is used for all lanes 1b: Per lane pattern selection in 13h:148-151,,8-108,Not in SONiC,
Reserved.13h.143,Reserved,0x13,143,1,,Lane-banked,,,,,,RO,Normal,,,Reserved[1],,8-108,Not in SONiC,
HostSideGeneratorEnableLane8,HostSideGeneratorEnableLane8,0x13,144,1,0x80,Lane-banked,bool,,,,,RW,Normal,Adv,,1b: Enable generator with configuration defined in Bytes 145-151 0b: Disable pattern generator Advertisement: 13h:131.3-2,,8-109,Not in SONiC,
HostSideGeneratorEnableLane7,HostSideGeneratorEnableLane7,0x13,144,1,0x40,Lane-banked,bool,,,,,RW,Normal,Adv,,1b: Enable generator with configuration defined in Bytes 145-151 0b: Disable pattern generator Advertisement: 13h:131.3-2,,8-109,Not in SONiC,
HostSideGeneratorEnableLane6,HostSideGeneratorEnableLane6,0x13,144,1,0x20,Lane-banked,bool,,,,,RW,Normal,Adv,,1b: Enable generator with configuration defined in Bytes 145-151 0b: Disable pattern generator Advertisement: 13h:131.3-2,,8-109,Not in SONiC,
HostSideGeneratorEnableLane5,HostSideGeneratorEnableLane5,0x13,144,1,0x10,Lane-banked,bool,,,,,RW,Normal,Adv,,1b: Enable generator with configuration defined in Bytes 145-151 0b: Disable pattern generator Advertisement: 13h:131.3-2,,8-109,Not in SONiC,
HostSideGeneratorEnableLane4,HostSideGeneratorEnableLane4,0x13,144,1,0x08,Lane-banked,bool,,,,,RW,Normal,Adv,,1b: Enable generator with configuration defined in Bytes 145-151 0b: Disable pattern generator Advertisement: 13h:131.3-2,,8-109,Not in SONiC,
HostSideGeneratorEnableLane3,HostSideGeneratorEnableLane3,0x13,144,1,0x04,Lane-banked,bool,,,,,RW,Normal,Adv,,1b: Enable generator with configuration defined in Bytes 145-151 0b: Disable pattern generator Advertisement: 13h:131.3-2,,8-109,Not in SONiC,
HostSideGeneratorEnableLane2,HostSideGeneratorEnableLane2,0x13,144,1,0x02,Lane-banked,bool,,,,,RW,Normal,Adv,,1b: Enable generator with configuration defined in Bytes 145-151 0b: Disable pattern generator Advertisement: 13h:131.3-2,,8-109,Not in SONiC,
HostSideGeneratorEnableLane1,HostSideGeneratorEnableLane1,0x13,144,1,0x01,Lane-banked,bool,,,,,RW,Normal,Adv,,1b: Enable generator with configuration defined in Bytes 145-151 0b: Disable pattern generator Advertisement: 13h:131.3-2,,8-109,Not in SONiC,
HostSideGeneratorDataInvertLane8,HostSideGeneratorDataInvertLane8,0x13,145,1,0x80,Lane-banked,bool,,,,,RW,Normal,Adv,,1b: Invert the selected pattern 0b: Do not invert the selected pattern Note: This control inverts the pattern; it does not swap the P and N signals (see polarity controls in Table 8-69.),,8-109,Not in SONiC,
HostSideGeneratorDataInvertLane7,HostSideGeneratorDataInvertLane7,0x13,145,1,0x40,Lane-banked,bool,,,,,RW,Normal,Adv,,1b: Invert the selected pattern 0b: Do not invert the selected pattern Note: This control inverts the pattern; it does not swap the P and N signals (see polarity controls in Table 8-69.),,8-109,Not in SONiC,
HostSideGeneratorDataInvertLane6,HostSideGeneratorDataInvertLane6,0x13,145,1,0x20,Lane-banked,bool,,,,,RW,Normal,Adv,,1b: Invert the selected pattern 0b: Do not invert the selected pattern Note: This control inverts the pattern; it does not swap the P and N signals (see polarity controls in Table 8-69.),,8-109,Not in SONiC,
HostSideGeneratorDataInvertLane5,HostSideGeneratorDataInvertLane5,0x13,145,1,0x10,Lane-banked,bool,,,,,RW,Normal,Adv,,1b: Invert the selected pattern 0b: Do not invert the selected pattern Note: This control inverts the pattern; it does not swap the P and N signals (see polarity controls in Table 8-69.),,8-109,Not in SONiC,
HostSideGeneratorDataInvertLane4,HostSideGeneratorDataInvertLane4,0x13,145,1,0x08,Lane-banked,bool,,,,,RW,Normal,Adv,,1b: Invert the selected pattern 0b: Do not invert the selected pattern Note: This control inverts the pattern; it does not swap the P and N signals (see polarity controls in Table 8-69.),,8-109,Not in SONiC,
HostSideGeneratorDataInvertLane3,HostSideGeneratorDataInvertLane3,0x13,145,1,0x04,Lane-banked,bool,,,,,RW,Normal,Adv,,1b: Invert the selected pattern 0b: Do not invert the selected pattern Note: This control inverts the pattern; it does not swap the P and N signals (see polarity controls in Table 8-69.),,8-109,Not in SONiC,
HostSideGeneratorDataInvertLane2,HostSideGeneratorDataInvertLane2,0x13,145,1,0x02,Lane-banked,bool,,,,,RW,Normal,Adv,,1b: Invert the selected pattern 0b: Do not invert the selected pattern Note: This control inverts the pattern; it does not swap the P and N signals (see polarity controls in Table 8-69.),,8-109,Not in SONiC,
HostSideGeneratorDataInvertLane1,HostSideGeneratorDataInvertLane1,0x13,145,1,0x01,Lane-banked,bool,,,,,RW,Normal,Adv,,1b: Invert the selected pattern 0b: Do not invert the selected pattern Note: This control inverts the pattern; it does not swap the P and N signals (see polarity controls in Table 8-69.),,8-109,Not in SONiC,
HostSideGeneratorSwapSymbolBitsLane8,HostSideGeneratorSwapSymbolBitsLane8,0x13,146,1,0x80,Lane-banked,bool,,,,,RW,Normal,Adv,,1b: Swap MSB and LSB for PAM4 patterns 0b: Do not swap MSB and LSB,,8-109,Not in SONiC,
HostSideGeneratorSwapSymbolBitsLane7,HostSideGeneratorSwapSymbolBitsLane7,0x13,146,1,0x40,Lane-banked,bool,,,,,RW,Normal,Adv,,1b: Swap MSB and LSB for PAM4 patterns 0b: Do not swap MSB and LSB,,8-109,Not in SONiC,
HostSideGeneratorSwapSymbolBitsLane6,HostSideGeneratorSwapSymbolBitsLane6,0x13,146,1,0x20,Lane-banked,bool,,,,,RW,Normal,Adv,,1b: Swap MSB and LSB for PAM4 patterns 0b: Do not swap MSB and LSB,,8-109,Not in SONiC,
HostSideGeneratorSwapSymbolBitsLane5,HostSideGeneratorSwapSymbolBitsLane5,0x13,146,1,0x10,Lane-banked,bool,,,,,RW,Normal,Adv,,1b: Swap MSB and LSB for PAM4 patterns 0b: Do not swap MSB and LSB,,8-109,Not in SONiC,
HostSideGeneratorSwapSymbolBitsLane4,HostSideGeneratorSwapSymbolBitsLane4,0x13,146,1,0x08,Lane-banked,bool,,,,,RW,Normal,Adv,,1b: Swap MSB and LSB for PAM4 patterns 0b: Do not swap MSB and LSB,,8-109,Not in SONiC,
HostSideGeneratorSwapSymbolBitsLane3,HostSideGeneratorSwapSymbolBitsLane3,0x13,146,1,0x04,Lane-banked,bool,,,,,RW,Normal,Adv,,1b: Swap MSB and LSB for PAM4 patterns 0b: Do not swap MSB and LSB,,8-109,Not in SONiC,
HostSideGeneratorSwapSymbolBitsLane2,HostSideGeneratorSwapSymbolBitsLane2,0x13,146,1,0x02,Lane-banked,bool,,,,,RW,Normal,Adv,,1b: Swap MSB and LSB for PAM4 patterns 0b: Do not swap MSB and LSB,,8-109,Not in SONiC,
HostSideGeneratorSwapSymbolBitsLane1,HostSideGeneratorSwapSymbolBitsLane1,0x13,146,1,0x01,Lane-banked,bool,,,,,RW,Normal,Adv,,1b: Swap MSB and LSB for PAM4 patterns 0b: Do not swap MSB and LSB,,8-109,Not in SONiC,
HostSideGeneratorPreFECEnableLane8,HostSideGeneratorPreFECEnableLane8,0x13,147,1,0x80,Lane-banked,bool,,,,,RW,Normal,Adv,,1b: Encoded pattern: Generate the selected pattern at the input to the internal host side FEC encoder 0b: Unencoded pattern: Generate the selected pattern at a location after the internal host side FEC encoder block,,8-109,Not in SONiC,
HostSideGeneratorPreFECEnableLane7,HostSideGeneratorPreFECEnableLane7,0x13,147,1,0x40,Lane-banked,bool,,,,,RW,Normal,Adv,,1b: Encoded pattern: Generate the selected pattern at the input to the internal host side FEC encoder 0b: Unencoded pattern: Generate the selected pattern at a location after the internal host side FEC encoder block,,8-109,Not in SONiC,
HostSideGeneratorPreFECEnableLane6,HostSideGeneratorPreFECEnableLane6,0x13,147,1,0x20,Lane-banked,bool,,,,,RW,Normal,Adv,,1b: Encoded pattern: Generate the selected pattern at the input to the internal host side FEC encoder 0b: Unencoded pattern: Generate the selected pattern at a location after the internal host side FEC encoder block,,8-109,Not in SONiC,
HostSideGeneratorPreFECEnableLane5,HostSideGeneratorPreFECEnableLane5,0x13,147,1,0x10,Lane-banked,bool,,,,,RW,Normal,Adv,,1b: Encoded pattern: Generate the selected pattern at the input to the internal host side FEC encoder 0b: Unencoded pattern: Generate the selected pattern at a location after the internal host side FEC encoder block,,8-109,Not in SONiC,
HostSideGeneratorPreFECEnableLane4,HostSideGeneratorPreFECEnableLane4,0x13,147,1,0x08,Lane-banked,bool,,,,,RW,Normal,Adv,,1b: Encoded pattern: Generate the selected pattern at the input to the internal host side FEC encoder 0b: Unencoded pattern: Generate the selected pattern at a location after the internal host side FEC encoder block,,8-109,Not in SONiC,
HostSideGeneratorPreFECEnableLane3,HostSideGeneratorPreFECEnableLane3,0x13,147,1,0x04,Lane-banked,bool,,,,,RW,Normal,Adv,,1b: Encoded pattern: Generate the selected pattern at the input to the internal host side FEC encoder 0b: Unencoded pattern: Generate the selected pattern at a location after the internal host side FEC encoder block,,8-109,Not in SONiC,
HostSideGeneratorPreFECEnableLane2,HostSideGeneratorPreFECEnableLane2,0x13,147,1,0x02,Lane-banked,bool,,,,,RW,Normal,Adv,,1b: Encoded pattern: Generate the selected pattern at the input to the internal host side FEC encoder 0b: Unencoded pattern: Generate the selected pattern at a location after the internal host side FEC encoder block,,8-109,Not in SONiC,
HostSideGeneratorPreFECEnableLane1,HostSideGeneratorPreFECEnableLane1,0x13,147,1,0x01,Lane-banked,bool,,,,,RW,Normal,Adv,,1b: Encoded pattern: Generate the selected pattern at the input to the internal host side FEC encoder 0b: Unencoded pattern: Generate the selected pattern at a location after the internal host side FEC encoder block,,8-109,Not in SONiC,
HostSideGeneratorPatternSelectLane2,HostSideGeneratorPatternSelectLane2,0x13,148,1,0xF0,Lane-banked,bitfield4,,,,,RW,Normal,Adv,,Selected pattern to be generated on each lane. See Table 8-105 for pattern coding.,,8-110,Not in SONiC,
HostSideGeneratorPatternSelectLane1,HostSideGeneratorPatternSelectLane1,0x13,148,1,0x0F,Lane-banked,bitfield4,,,,,RW,Normal,Adv,,Selected pattern to be generated on each lane. See Table 8-105 for pattern coding.,,8-110,Not in SONiC,
HostSideGeneratorPatternSelectLane4,HostSideGeneratorPatternSelectLane4,0x13,149,1,0xF0,Lane-banked,bitfield4,,,,,RW,Normal,Adv,,Selected pattern to be generated on each lane. See Table 8-105 for pattern coding.,,8-110,Not in SONiC,
HostSideGeneratorPatternSelectLane3,HostSideGeneratorPatternSelectLane3,0x13,149,1,0x0F,Lane-banked,bitfield4,,,,,RW,Normal,Adv,,Selected pattern to be generated on each lane. See Table 8-105 for pattern coding.,,8-110,Not in SONiC,
HostSideGeneratorPatternSelectLane6,HostSideGeneratorPatternSelectLane6,0x13,150,1,0xF0,Lane-banked,bitfield4,,,,,RW,Normal,Adv,,Selected pattern to be generated on each lane. See Table 8-105 for pattern coding.,,8-110,Not in SONiC,
HostSideGeneratorPatternSelectLane5,HostSideGeneratorPatternSelectLane5,0x13,150,1,0x0F,Lane-banked,bitfield4,,,,,RW,Normal,Adv,,Selected pattern to be generated on each lane. See Table 8-105 for pattern coding.,,8-110,Not in SONiC,
HostSideGeneratorPatternSelectLane8,HostSideGeneratorPatternSelectLane8,0x13,151,1,0xF0,Lane-banked,bitfield4,,,,,RW,Normal,Adv,,Selected pattern to be generated on each lane. See Table 8-105 for pattern coding.,,8-110,Not in SONiC,
HostSideGeneratorPatternSelectLane7,HostSideGeneratorPatternSelectLane7,0x13,151,1,0x0F,Lane-banked,bitfield4,,,,,RW,Normal,Adv,,Selected pattern to be generated on each lane. See Table 8-105 for pattern coding.,,8-110,Not in SONiC,
MediaSideGeneratorEnableLane8,MediaSideGeneratorEnableLane8,0x13,152,1,0x80,Lane-banked,bool,,,,,RW,Normal,Adv,,1b: Enable pattern generator with configuration defined in Bytes 153-159 0b: Disable pattern generator Advertisement: 13h:131.7-6,,8-111,Not in SONiC,
MediaSideGeneratorEnableLane7,MediaSideGeneratorEnableLane7,0x13,152,1,0x40,Lane-banked,bool,,,,,RW,Normal,Adv,,1b: Enable pattern generator with configuration defined in Bytes 153-159 0b: Disable pattern generator Advertisement: 13h:131.7-6,,8-111,Not in SONiC,
MediaSideGeneratorEnableLane6,MediaSideGeneratorEnableLane6,0x13,152,1,0x20,Lane-banked,bool,,,,,RW,Normal,Adv,,1b: Enable pattern generator with configuration defined in Bytes 153-159 0b: Disable pattern generator Advertisement: 13h:131.7-6,,8-111,Not in SONiC,
MediaSideGeneratorEnableLane5,MediaSideGeneratorEnableLane5,0x13,152,1,0x10,Lane-banked,bool,,,,,RW,Normal,Adv,,1b: Enable pattern generator with configuration defined in Bytes 153-159 0b: Disable pattern generator Advertisement: 13h:131.7-6,,8-111,Not in SONiC,
MediaSideGeneratorEnableLane4,MediaSideGeneratorEnableLane4,0x13,152,1,0x08,Lane-banked,bool,,,,,RW,Normal,Adv,,1b: Enable pattern generator with configuration defined in Bytes 153-159 0b: Disable pattern generator Advertisement: 13h:131.7-6,,8-111,Not in SONiC,
MediaSideGeneratorEnableLane3,MediaSideGeneratorEnableLane3,0x13,152,1,0x04,Lane-banked,bool,,,,,RW,Normal,Adv,,1b: Enable pattern generator with configuration defined in Bytes 153-159 0b: Disable pattern generator Advertisement: 13h:131.7-6,,8-111,Not in SONiC,
MediaSideGeneratorEnableLane2,MediaSideGeneratorEnableLane2,0x13,152,1,0x02,Lane-banked,bool,,,,,RW,Normal,Adv,,1b: Enable pattern generator with configuration defined in Bytes 153-159 0b: Disable pattern generator Advertisement: 13h:131.7-6,,8-111,Not in SONiC,
MediaSideGeneratorEnableLane1,MediaSideGeneratorEnableLane1,0x13,152,1,0x01,Lane-banked,bool,,,,,RW,Normal,Adv,,1b: Enable pattern generator with configuration defined in Bytes 153-159 0b: Disable pattern generator Advertisement: 13h:131.7-6,,8-111,Not in SONiC,
MediaSideGeneratorDataInvertLane8,MediaSideGeneratorDataInvertLane8,0x13,153,1,0x80,Lane-banked,bool,,,,,RW,Normal,Adv,,1b: Invert the selected pattern 0b: Do not invert the selected pattern Note: This control inverts the pattern; it does not swap the P and N signals (see polarity controls in Table 8-69),,8-111,Not in SONiC,
MediaSideGeneratorDataInvertLane7,MediaSideGeneratorDataInvertLane7,0x13,153,1,0x40,Lane-banked,bool,,,,,RW,Normal,Adv,,1b: Invert the selected pattern 0b: Do not invert the selected pattern Note: This control inverts the pattern; it does not swap the P and N signals (see polarity controls in Table 8-69),,8-111,Not in SONiC,
MediaSideGeneratorDataInvertLane6,MediaSideGeneratorDataInvertLane6,0x13,153,1,0x20,Lane-banked,bool,,,,,RW,Normal,Adv,,1b: Invert the selected pattern 0b: Do not invert the selected pattern Note: This control inverts the pattern; it does not swap the P and N signals (see polarity controls in Table 8-69),,8-111,Not in SONiC,
MediaSideGeneratorDataInvertLane5,MediaSideGeneratorDataInvertLane5,0x13,153,1,0x10,Lane-banked,bool,,,,,RW,Normal,Adv,,1b: Invert the selected pattern 0b: Do not invert the selected pattern Note: This control inverts the pattern; it does not swap the P and N signals (see polarity controls in Table 8-69),,8-111,Not in SONiC,
MediaSideGeneratorDataInvertLane4,MediaSideGeneratorDataInvertLane4,0x13,153,1,0x08,Lane-banked,bool,,,,,RW,Normal,Adv,,1b: Invert the selected pattern 0b: Do not invert the selected pattern Note: This control inverts the pattern; it does not swap the P and N signals (see polarity controls in Table 8-69),,8-111,Not in SONiC,
MediaSideGeneratorDataInvertLane3,MediaSideGeneratorDataInvertLane3,0x13,153,1,0x04,Lane-banked,bool,,,,,RW,Normal,Adv,,1b: Invert the selected pattern 0b: Do not invert the selected pattern Note: This control inverts the pattern; it does not swap the P and N signals (see polarity controls in Table 8-69),,8-111,Not in SONiC,
MediaSideGeneratorDataInvertLane2,MediaSideGeneratorDataInvertLane2,0x13,153,1,0x02,Lane-banked,bool,,,,,RW,Normal,Adv,,1b: Invert the selected pattern 0b: Do not invert the selected pattern Note: This control inverts the pattern; it does not swap the P and N signals (see polarity controls in Table 8-69),,8-111,Not in SONiC,
MediaSideGeneratorDataInvertLane1,MediaSideGeneratorDataInvertLane1,0x13,153,1,0x01,Lane-banked,bool,,,,,RW,Normal,Adv,,1b: Invert the selected pattern 0b: Do not invert the selected pattern Note: This control inverts the pattern; it does not swap the P and N signals (see polarity controls in Table 8-69),,8-111,Not in SONiC,
MediaSideGeneratorSwapSymbolBitsLane8,MediaSideGeneratorSwapSymbolBitsLane8,0x13,154,1,0x80,Lane-banked,bool,,,,,RW,Normal,Adv,,1b: Swap MSB and LSB for PAM4 patterns 0b: Do not swap MSB and LSB,,8-111,Not in SONiC,
MediaSideGeneratorSwapSymbolBitsLane7,MediaSideGeneratorSwapSymbolBitsLane7,0x13,154,1,0x40,Lane-banked,bool,,,,,RW,Normal,Adv,,1b: Swap MSB and LSB for PAM4 patterns 0b: Do not swap MSB and LSB,,8-111,Not in SONiC,
MediaSideGeneratorSwapSymbolBitsLane6,MediaSideGeneratorSwapSymbolBitsLane6,0x13,154,1,0x20,Lane-banked,bool,,,,,RW,Normal,Adv,,1b: Swap MSB and LSB for PAM4 patterns 0b: Do not swap MSB and LSB,,8-111,Not in SONiC,
MediaSideGeneratorSwapSymbolBitsLane5,MediaSideGeneratorSwapSymbolBitsLane5,0x13,154,1,0x10,Lane-banked,bool,,,,,RW,Normal,Adv,,1b: Swap MSB and LSB for PAM4 patterns 0b: Do not swap MSB and LSB,,8-111,Not in SONiC,
MediaSideGeneratorSwapSymbolBitsLane4,MediaSideGeneratorSwapSymbolBitsLane4,0x13,154,1,0x08,Lane-banked,bool,,,,,RW,Normal,Adv,,1b: Swap MSB and LSB for PAM4 patterns 0b: Do not swap MSB and LSB,,8-111,Not in SONiC,
MediaSideGeneratorSwapSymbolBitsLane3,MediaSideGeneratorSwapSymbolBitsLane3,0x13,154,1,0x04,Lane-banked,bool,,,,,RW,Normal,Adv,,1b: Swap MSB and LSB for PAM4 patterns 0b: Do not swap MSB and LSB,,8-111,Not in SONiC,
MediaSideGeneratorSwapSymbolBitsLane2,MediaSideGeneratorSwapSymbolBitsLane2,0x13,154,1,0x02,Lane-banked,bool,,,,,RW,Normal,Adv,,1b: Swap MSB and LSB for PAM4 patterns 0b: Do not swap MSB and LSB,,8-111,Not in SONiC,
MediaSideGeneratorSwapSymbolBitsLane1,MediaSideGeneratorSwapSymbolBitsLane1,0x13,154,1,0x01,Lane-banked,bool,,,,,RW,Normal,Adv,,1b: Swap MSB and LSB for PAM4 patterns 0b: Do not swap MSB and LSB,,8-111,Not in SONiC,
MediaSideGeneratorPreFECEnableLane8,MediaSideGeneratorPreFECEnableLane8,0x13,155,1,0x80,Lane-banked,bool,,,,,RW,Normal,Adv,,1b: Encoded pattern: Generate the selected pattern at the input to the internal media side FEC encoder 0b: Unencoded pattern: Generate the selected pattern at a location after the internal media side FEC encoder block,,8-111,Not in SONiC,
MediaSideGeneratorPreFECEnableLane7,MediaSideGeneratorPreFECEnableLane7,0x13,155,1,0x40,Lane-banked,bool,,,,,RW,Normal,Adv,,1b: Encoded pattern: Generate the selected pattern at the input to the internal media side FEC encoder 0b: Unencoded pattern: Generate the selected pattern at a location after the internal media side FEC encoder block,,8-111,Not in SONiC,
MediaSideGeneratorPreFECEnableLane6,MediaSideGeneratorPreFECEnableLane6,0x13,155,1,0x20,Lane-banked,bool,,,,,RW,Normal,Adv,,1b: Encoded pattern: Generate the selected pattern at the input to the internal media side FEC encoder 0b: Unencoded pattern: Generate the selected pattern at a location after the internal media side FEC encoder block,,8-111,Not in SONiC,
MediaSideGeneratorPreFECEnableLane5,MediaSideGeneratorPreFECEnableLane5,0x13,155,1,0x10,Lane-banked,bool,,,,,RW,Normal,Adv,,1b: Encoded pattern: Generate the selected pattern at the input to the internal media side FEC encoder 0b: Unencoded pattern: Generate the selected pattern at a location after the internal media side FEC encoder block,,8-111,Not in SONiC,
MediaSideGeneratorPreFECEnableLane4,MediaSideGeneratorPreFECEnableLane4,0x13,155,1,0x08,Lane-banked,bool,,,,,RW,Normal,Adv,,1b: Encoded pattern: Generate the selected pattern at the input to the internal media side FEC encoder 0b: Unencoded pattern: Generate the selected pattern at a location after the internal media side FEC encoder block,,8-111,Not in SONiC,
MediaSideGeneratorPreFECEnableLane3,MediaSideGeneratorPreFECEnableLane3,0x13,155,1,0x04,Lane-banked,bool,,,,,RW,Normal,Adv,,1b: Encoded pattern: Generate the selected pattern at the input to the internal media side FEC encoder 0b: Unencoded pattern: Generate the selected pattern at a location after the internal media side FEC encoder block,,8-111,Not in SONiC,
MediaSideGeneratorPreFECEnableLane2,MediaSideGeneratorPreFECEnableLane2,0x13,155,1,0x02,Lane-banked,bool,,,,,RW,Normal,Adv,,1b: Encoded pattern: Generate the selected pattern at the input to the internal media side FEC encoder 0b: Unencoded pattern: Generate the selected pattern at a location after the internal media side FEC encoder block,,8-111,Not in SONiC,
MediaSideGeneratorPreFECEnableLane1,MediaSideGeneratorPreFECEnableLane1,0x13,155,1,0x01,Lane-banked,bool,,,,,RW,Normal,Adv,,1b: Encoded pattern: Generate the selected pattern at the input to the internal media side FEC encoder 0b: Unencoded pattern: Generate the selected pattern at a location after the internal media side FEC encoder block,,8-111,Not in SONiC,
MediaSideGeneratorPatternSelectLane2,MediaSideGeneratorPatternSelectLane2,0x13,156,1,0xF0,Lane-banked,bitfield4,,,,,RW,Normal,Adv,,Selected pattern to be generated on each lane. See Table 8-105 for pattern coding.,,8-112,Not in SONiC,
MediaSideGeneratorPatternSelectLane1,MediaSideGeneratorPatternSelectLane1,0x13,156,1,0x0F,Lane-banked,bitfield4,,,,,RW,Normal,Adv,,Selected pattern to be generated on each lane. See Table 8-105 for pattern coding.,,8-112,Not in SONiC,
MediaSideGeneratorPatternSelectLane4,MediaSideGeneratorPatternSelectLane4,0x13,157,1,0xF0,Lane-banked,bitfield4,,,,,RW,Normal,Adv,,Selected pattern to be generated on each lane. See Table 8-105 for pattern coding.,,8-112,Not in SONiC,
MediaSideGeneratorPatternSelectLane3,MediaSideGeneratorPatternSelectLane3,0x13,157,1,0x0F,Lane-banked,bitfield4,,,,,RW,Normal,Adv,,Selected pattern to be generated on each lane. See Table 8-105 for pattern coding.,,8-112,Not in SONiC,
MediaSideGeneratorPatternSelectLane6,MediaSideGeneratorPatternSelectLane6,0x13,158,1,0xF0,Lane-banked,bitfield4,,,,,RW,Normal,Adv,,Selected pattern to be generated on each lane. See Table 8-105 for pattern coding.,,8-112,Not in SONiC,
MediaSideGeneratorPatternSelectLane5,MediaSideGeneratorPatternSelectLane5,0x13,158,1,0x0F,Lane-banked,bitfield4,,,,,RW,Normal,Adv,,Selected pattern to be generated on each lane. See Table 8-105 for pattern coding.,,8-112,Not in SONiC,
MediaSideGeneratorPatternSelectLane8,MediaSideGeneratorPatternSelectLane8,0x13,159,1,0xF0,Lane-banked,bitfield4,,,,,RW,Normal,Adv,,Selected pattern to be generated on each lane. See Table 8-105 for pattern coding.,,8-112,Not in SONiC,
MediaSideGeneratorPatternSelectLane7,MediaSideGeneratorPatternSelectLane7,0x13,159,1,0x0F,Lane-banked,bitfield4,,,,,RW,Normal,Adv,,Selected pattern to be generated on each lane. See Table 8-105 for pattern coding.,,8-112,Not in SONiC,
HostSideCheckerEnableLane8,HostSideCheckerEnableLane8,0x13,160,1,0x80,Lane-banked,bool,,,,,RW,Normal,Adv,,1b: Enable pattern checker with configuration defined in Bytes 161-167 0b: Disable pattern checker Advertisement: 13h:131.1-0,,8-113,Not in SONiC,
HostSideCheckerEnableLane7,HostSideCheckerEnableLane7,0x13,160,1,0x40,Lane-banked,bool,,,,,RW,Normal,Adv,,1b: Enable pattern checker with configuration defined in Bytes 161-167 0b: Disable pattern checker Advertisement: 13h:131.1-0,,8-113,Not in SONiC,
HostSideCheckerEnableLane6,HostSideCheckerEnableLane6,0x13,160,1,0x20,Lane-banked,bool,,,,,RW,Normal,Adv,,1b: Enable pattern checker with configuration defined in Bytes 161-167 0b: Disable pattern checker Advertisement: 13h:131.1-0,,8-113,Not in SONiC,
HostSideCheckerEnableLane5,HostSideCheckerEnableLane5,0x13,160,1,0x10,Lane-banked,bool,,,,,RW,Normal,Adv,,1b: Enable pattern checker with configuration defined in Bytes 161-167 0b: Disable pattern checker Advertisement: 13h:131.1-0,,8-113,Not in SONiC,
HostSideCheckerEnableLane4,HostSideCheckerEnableLane4,0x13,160,1,0x08,Lane-banked,bool,,,,,RW,Normal,Adv,,1b: Enable pattern checker with configuration defined in Bytes 161-167 0b: Disable pattern checker Advertisement: 13h:131.1-0,,8-113,Not in SONiC,
HostSideCheckerEnableLane3,HostSideCheckerEnableLane3,0x13,160,1,0x04,Lane-banked,bool,,,,,RW,Normal,Adv,,1b: Enable pattern checker with configuration defined in Bytes 161-167 0b: Disable pattern checker Advertisement: 13h:131.1-0,,8-113,Not in SONiC,
HostSideCheckerEnableLane2,HostSideCheckerEnableLane2,0x13,160,1,0x02,Lane-banked,bool,,,,,RW,Normal,Adv,,1b: Enable pattern checker with configuration defined in Bytes 161-167 0b: Disable pattern checker Advertisement: 13h:131.1-0,,8-113,Not in SONiC,
HostSideCheckerEnableLane1,HostSideCheckerEnableLane1,0x13,160,1,0x01,Lane-banked,bool,,,,,RW,Normal,Adv,,1b: Enable pattern checker with configuration defined in Bytes 161-167 0b: Disable pattern checker Advertisement: 13h:131.1-0,,8-113,Not in SONiC,
HostSideCheckerDataInvertLane8,HostSideCheckerDataInvertLane8,0x13,161,1,0x80,Lane-banked,bool,,,,,RW,Normal,Adv,,1b: Invert the selected pattern 0b: Do not invert the selected pattern Note: This control inverts the pattern; it does not swap the P and N signals (P/N swap for input signals is not currently supported by this specification).,,8-113,Not in SONiC,
HostSideCheckerDataInvertLane7,HostSideCheckerDataInvertLane7,0x13,161,1,0x40,Lane-banked,bool,,,,,RW,Normal,Adv,,1b: Invert the selected pattern 0b: Do not invert the selected pattern Note: This control inverts the pattern; it does not swap the P and N signals (P/N swap for input signals is not currently supported by this specification).,,8-113,Not in SONiC,
HostSideCheckerDataInvertLane6,HostSideCheckerDataInvertLane6,0x13,161,1,0x20,Lane-banked,bool,,,,,RW,Normal,Adv,,1b: Invert the selected pattern 0b: Do not invert the selected pattern Note: This control inverts the pattern; it does not swap the P and N signals (P/N swap for input signals is not currently supported by this specification).,,8-113,Not in SONiC,
HostSideCheckerDataInvertLane5,HostSideCheckerDataInvertLane5,0x13,161,1,0x10,Lane-banked,bool,,,,,RW,Normal,Adv,,1b: Invert the selected pattern 0b: Do not invert the selected pattern Note: This control inverts the pattern; it does not swap the P and N signals (P/N swap for input signals is not currently supported by this specification).,,8-113,Not in SONiC,
HostSideCheckerDataInvertLane4,HostSideCheckerDataInvertLane4,0x13,161,1,0x08,Lane-banked,bool,,,,,RW,Normal,Adv,,1b: Invert the selected pattern 0b: Do not invert the selected pattern Note: This control inverts the pattern; it does not swap the P and N signals (P/N swap for input signals is not currently supported by this specification).,,8-113,Not in SONiC,
HostSideCheckerDataInvertLane3,HostSideCheckerDataInvertLane3,0x13,161,1,0x04,Lane-banked,bool,,,,,RW,Normal,Adv,,1b: Invert the selected pattern 0b: Do not invert the selected pattern Note: This control inverts the pattern; it does not swap the P and N signals (P/N swap for input signals is not currently supported by this specification).,,8-113,Not in SONiC,
HostSideCheckerDataInvertLane2,HostSideCheckerDataInvertLane2,0x13,161,1,0x02,Lane-banked,bool,,,,,RW,Normal,Adv,,1b: Invert the selected pattern 0b: Do not invert the selected pattern Note: This control inverts the pattern; it does not swap the P and N signals (P/N swap for input signals is not currently supported by this specification).,,8-113,Not in SONiC,
HostSideCheckerDataInvertLane1,HostSideCheckerDataInvertLane1,0x13,161,1,0x01,Lane-banked,bool,,,,,RW,Normal,Adv,,1b: Invert the selected pattern 0b: Do not invert the selected pattern Note: This control inverts the pattern; it does not swap the P and N signals (P/N swap for input signals is not currently supported by this specification).,,8-113,Not in SONiC,
HostSideCheckerSwapSymbolBitsLane8,HostSideCheckerSwapSymbolBitsLane8,0x13,162,1,0x80,Lane-banked,bool,,,,,RW,Normal,Adv,,1b: Swap MSB and LSB for PAM4 patterns 0b: Do not swap MSB and LSB,,8-113,Not in SONiC,
HostSideCheckerSwapSymbolBitsLane7,HostSideCheckerSwapSymbolBitsLane7,0x13,162,1,0x40,Lane-banked,bool,,,,,RW,Normal,Adv,,1b: Swap MSB and LSB for PAM4 patterns 0b: Do not swap MSB and LSB,,8-113,Not in SONiC,
HostSideCheckerSwapSymbolBitsLane6,HostSideCheckerSwapSymbolBitsLane6,0x13,162,1,0x20,Lane-banked,bool,,,,,RW,Normal,Adv,,1b: Swap MSB and LSB for PAM4 patterns 0b: Do not swap MSB and LSB,,8-113,Not in SONiC,
HostSideCheckerSwapSymbolBitsLane5,HostSideCheckerSwapSymbolBitsLane5,0x13,162,1,0x10,Lane-banked,bool,,,,,RW,Normal,Adv,,1b: Swap MSB and LSB for PAM4 patterns 0b: Do not swap MSB and LSB,,8-113,Not in SONiC,
HostSideCheckerSwapSymbolBitsLane4,HostSideCheckerSwapSymbolBitsLane4,0x13,162,1,0x08,Lane-banked,bool,,,,,RW,Normal,Adv,,1b: Swap MSB and LSB for PAM4 patterns 0b: Do not swap MSB and LSB,,8-113,Not in SONiC,
HostSideCheckerSwapSymbolBitsLane3,HostSideCheckerSwapSymbolBitsLane3,0x13,162,1,0x04,Lane-banked,bool,,,,,RW,Normal,Adv,,1b: Swap MSB and LSB for PAM4 patterns 0b: Do not swap MSB and LSB,,8-113,Not in SONiC,
HostSideCheckerSwapSymbolBitsLane2,HostSideCheckerSwapSymbolBitsLane2,0x13,162,1,0x02,Lane-banked,bool,,,,,RW,Normal,Adv,,1b: Swap MSB and LSB for PAM4 patterns 0b: Do not swap MSB and LSB,,8-113,Not in SONiC,
HostSideCheckerSwapSymbolBitsLane1,HostSideCheckerSwapSymbolBitsLane1,0x13,162,1,0x01,Lane-banked,bool,,,,,RW,Normal,Adv,,1b: Swap MSB and LSB for PAM4 patterns 0b: Do not swap MSB and LSB,,8-113,Not in SONiC,
HostSideCheckerPostFECEnableLane8,HostSideCheckerPostFECEnableLane8,0x13,163,1,0x80,Lane-banked,bool,,,,,RW,Normal,Adv,,1b: Check the selected encoded pattern at the output from the internal FEC decoder 0b: Check the selected unencoded pattern at the input to the internal FEC decoder block,,8-113,Not in SONiC,
HostSideCheckerPostFECEnableLane7,HostSideCheckerPostFECEnableLane7,0x13,163,1,0x40,Lane-banked,bool,,,,,RW,Normal,Adv,,1b: Check the selected encoded pattern at the output from the internal FEC decoder 0b: Check the selected unencoded pattern at the input to the internal FEC decoder block,,8-113,Not in SONiC,
HostSideCheckerPostFECEnableLane6,HostSideCheckerPostFECEnableLane6,0x13,163,1,0x20,Lane-banked,bool,,,,,RW,Normal,Adv,,1b: Check the selected encoded pattern at the output from the internal FEC decoder 0b: Check the selected unencoded pattern at the input to the internal FEC decoder block,,8-113,Not in SONiC,
HostSideCheckerPostFECEnableLane5,HostSideCheckerPostFECEnableLane5,0x13,163,1,0x10,Lane-banked,bool,,,,,RW,Normal,Adv,,1b: Check the selected encoded pattern at the output from the internal FEC decoder 0b: Check the selected unencoded pattern at the input to the internal FEC decoder block,,8-113,Not in SONiC,
HostSideCheckerPostFECEnableLane4,HostSideCheckerPostFECEnableLane4,0x13,163,1,0x08,Lane-banked,bool,,,,,RW,Normal,Adv,,1b: Check the selected encoded pattern at the output from the internal FEC decoder 0b: Check the selected unencoded pattern at the input to the internal FEC decoder block,,8-113,Not in SONiC,
HostSideCheckerPostFECEnableLane3,HostSideCheckerPostFECEnableLane3,0x13,163,1,0x04,Lane-banked,bool,,,,,RW,Normal,Adv,,1b: Check the selected encoded pattern at the output from the internal FEC decoder 0b: Check the selected unencoded pattern at the input to the internal FEC decoder block,,8-113,Not in SONiC,
HostSideCheckerPostFECEnableLane2,HostSideCheckerPostFECEnableLane2,0x13,163,1,0x02,Lane-banked,bool,,,,,RW,Normal,Adv,,1b: Check the selected encoded pattern at the output from the internal FEC decoder 0b: Check the selected unencoded pattern at the input to the internal FEC decoder block,,8-113,Not in SONiC,
HostSideCheckerPostFECEnableLane1,HostSideCheckerPostFECEnableLane1,0x13,163,1,0x01,Lane-banked,bool,,,,,RW,Normal,Adv,,1b: Check the selected encoded pattern at the output from the internal FEC decoder 0b: Check the selected unencoded pattern at the input to the internal FEC decoder block,,8-113,Not in SONiC,
HostSideCheckerPatternSelectLane2,HostSideCheckerPatternSelectLane2,0x13,164,1,0xF0,Lane-banked,bitfield4,,,,,RW,Normal,Adv,,Selected pattern to be generated on each lane. See Table 8-105 for pattern coding.,,8-114,Not in SONiC,
HostSideCheckerPatternSelectLane1,HostSideCheckerPatternSelectLane1,0x13,164,1,0x0F,Lane-banked,bitfield4,,,,,RW,Normal,Adv,,Selected pattern to be generated on each lane. See Table 8-105 for pattern coding.,,8-114,Not in SONiC,
HostSideCheckerPatternSelectLane4,HostSideCheckerPatternSelectLane4,0x13,165,1,0xF0,Lane-banked,bitfield4,,,,,RW,Normal,Adv,,Selected pattern to be generated on each lane. See Table 8-105 for pattern coding.,,8-114,Not in SONiC,
HostSideCheckerPatternSelectLane3,HostSideCheckerPatternSelectLane3,0x13,165,1,0x0F,Lane-banked,bitfield4,,,,,RW,Normal,Adv,,Selected pattern to be generated on each lane. See Table 8-105 for pattern coding.,,8-114,Not in SONiC,
HostSideCheckerPatternSelectLane6,HostSideCheckerPatternSelectLane6,0x13,166,1,0xF0,Lane-banked,bitfield4,,,,,RW,Normal,Adv,,Selected pattern to be generated on each lane. See Table 8-105 for pattern coding.,,8-114,Not in SONiC,
HostSideCheckerPatternSelectLane5,HostSideCheckerPatternSelectLane5,0x13,166,1,0x0F,Lane-banked,bitfield4,,,,,RW,Normal,Adv,,Selected pattern to be generated on each lane. See Table 8-105 for pattern coding.,,8-114,Not in SONiC,
HostSideCheckerPatternSelectLane8,HostSideCheckerPatternSelectLane8,0x13,167,1,0xF0,Lane-banked,bitfield4,,,,,RW,Normal,Adv,,Selected pattern to be generated on each lane. See Table 8-105 for pattern coding.,,8-114,Not in SONiC,
HostSideCheckerPatternSelectLane7,HostSideCheckerPatternSelectLane7,0x13,167,1,0x0F,Lane-banked,bitfield4,,,,,RW,Normal,Adv,,Selected pattern to be generated on each lane. See Table 8-105 for pattern coding.,,8-114,Not in SONiC,
MediaSideCheckerEnableLane8,MediaSideCheckerEnableLane8,0x13,168,1,0x80,Lane-banked,bool,,,,,RW,Normal,Adv,,1b: Enable pattern checker with configuration defined in Bytes 169-175 0b: Disable pattern checker Advertisement: 13h:131.5-4,,8-115,Not in SONiC,
MediaSideCheckerEnableLane7,MediaSideCheckerEnableLane7,0x13,168,1,0x40,Lane-banked,bool,,,,,RW,Normal,Adv,,1b: Enable pattern checker with configuration defined in Bytes 169-175 0b: Disable pattern checker Advertisement: 13h:131.5-4,,8-115,Not in SONiC,
MediaSideCheckerEnableLane6,MediaSideCheckerEnableLane6,0x13,168,1,0x20,Lane-banked,bool,,,,,RW,Normal,Adv,,1b: Enable pattern checker with configuration defined in Bytes 169-175 0b: Disable pattern checker Advertisement: 13h:131.5-4,,8-115,Not in SONiC,
MediaSideCheckerEnableLane5,MediaSideCheckerEnableLane5,0x13,168,1,0x10,Lane-banked,bool,,,,,RW,Normal,Adv,,1b: Enable pattern checker with configuration defined in Bytes 169-175 0b: Disable pattern checker Advertisement: 13h:131.5-4,,8-115,Not in SONiC,
MediaSideCheckerEnableLane4,MediaSideCheckerEnableLane4,0x13,168,1,0x08,Lane-banked,bool,,,,,RW,Normal,Adv,,1b: Enable pattern checker with configuration defined in Bytes 169-175 0b: Disable pattern checker Advertisement: 13h:131.5-4,,8-115,Not in SONiC,
MediaSideCheckerEnableLane3,MediaSideCheckerEnableLane3,0x13,168,1,0x04,Lane-banked,bool,,,,,RW,Normal,Adv,,1b: Enable pattern checker with configuration defined in Bytes 169-175 0b: Disable pattern checker Advertisement: 13h:131.5-4,,8-115,Not in SONiC,
MediaSideCheckerEnableLane2,MediaSideCheckerEnableLane2,0x13,168,1,0x02,Lane-banked,bool,,,,,RW,Normal,Adv,,1b: Enable pattern checker with configuration defined in Bytes 169-175 0b: Disable pattern checker Advertisement: 13h:131.5-4,,8-115,Not in SONiC,
MediaSideCheckerEnableLane1,MediaSideCheckerEnableLane1,0x13,168,1,0x01,Lane-banked,bool,,,,,RW,Normal,Adv,,1b: Enable pattern checker with configuration defined in Bytes 169-175 0b: Disable pattern checker Advertisement: 13h:131.5-4,,8-115,Not in SONiC,
MediaSideCheckerDataInvertLane8,MediaSideCheckerDataInvertLane8,0x13,169,1,0x80,Lane-banked,bool,,,,,RW,Normal,Adv,,1b: Invert the selected pattern 0b: Do not invert the selected pattern Note: This control inverts the pattern; it does not swap the P and N signals (P/N swap for input signals is not currently supported by this specification).,,8-115,Not in SONiC,
MediaSideCheckerDataInvertLane7,MediaSideCheckerDataInvertLane7,0x13,169,1,0x40,Lane-banked,bool,,,,,RW,Normal,Adv,,1b: Invert the selected pattern 0b: Do not invert the selected pattern Note: This control inverts the pattern; it does not swap the P and N signals (P/N swap for input signals is not currently supported by this specification).,,8-115,Not in SONiC,
MediaSideCheckerDataInvertLane6,MediaSideCheckerDataInvertLane6,0x13,169,1,0x20,Lane-banked,bool,,,,,RW,Normal,Adv,,1b: Invert the selected pattern 0b: Do not invert the selected pattern Note: This control inverts the pattern; it does not swap the P and N signals (P/N swap for input signals is not currently supported by this specification).,,8-115,Not in SONiC,
MediaSideCheckerDataInvertLane5,MediaSideCheckerDataInvertLane5,0x13,169,1,0x10,Lane-banked,bool,,,,,RW,Normal,Adv,,1b: Invert the selected pattern 0b: Do not invert the selected pattern Note: This control inverts the pattern; it does not swap the P and N signals (P/N swap for input signals is not currently supported by this specification).,,8-115,Not in SONiC,
MediaSideCheckerDataInvertLane4,MediaSideCheckerDataInvertLane4,0x13,169,1,0x08,Lane-banked,bool,,,,,RW,Normal,Adv,,1b: Invert the selected pattern 0b: Do not invert the selected pattern Note: This control inverts the pattern; it does not swap the P and N signals (P/N swap for input signals is not currently supported by this specification).,,8-115,Not in SONiC,
MediaSideCheckerDataInvertLane3,MediaSideCheckerDataInvertLane3,0x13,169,1,0x04,Lane-banked,bool,,,,,RW,Normal,Adv,,1b: Invert the selected pattern 0b: Do not invert the selected pattern Note: This control inverts the pattern; it does not swap the P and N signals (P/N swap for input signals is not currently supported by this specification).,,8-115,Not in SONiC,
MediaSideCheckerDataInvertLane2,MediaSideCheckerDataInvertLane2,0x13,169,1,0x02,Lane-banked,bool,,,,,RW,Normal,Adv,,1b: Invert the selected pattern 0b: Do not invert the selected pattern Note: This control inverts the pattern; it does not swap the P and N signals (P/N swap for input signals is not currently supported by this specification).,,8-115,Not in SONiC,
MediaSideCheckerDataInvertLane1,MediaSideCheckerDataInvertLane1,0x13,169,1,0x01,Lane-banked,bool,,,,,RW,Normal,Adv,,1b: Invert the selected pattern 0b: Do not invert the selected pattern Note: This control inverts the pattern; it does not swap the P and N signals (P/N swap for input signals is not currently supported by this specification).,,8-115,Not in SONiC,
MediaSideCheckerSwapSymbolBitsLane8,MediaSideCheckerSwapSymbolBitsLane8,0x13,170,1,0x80,Lane-banked,bool,,,,,RW,Normal,Adv,,1b: Swap MSB and LSB for PAM4 patterns 0b: Do not swap MSB and LSB,,8-115,Not in SONiC,
MediaSideCheckerSwapSymbolBitsLane7,MediaSideCheckerSwapSymbolBitsLane7,0x13,170,1,0x40,Lane-banked,bool,,,,,RW,Normal,Adv,,1b: Swap MSB and LSB for PAM4 patterns 0b: Do not swap MSB and LSB,,8-115,Not in SONiC,
MediaSideCheckerSwapSymbolBitsLane6,MediaSideCheckerSwapSymbolBitsLane6,0x13,170,1,0x20,Lane-banked,bool,,,,,RW,Normal,Adv,,1b: Swap MSB and LSB for PAM4 patterns 0b: Do not swap MSB and LSB,,8-115,Not in SONiC,
MediaSideCheckerSwapSymbolBitsLane5,MediaSideCheckerSwapSymbolBitsLane5,0x13,170,1,0x10,Lane-banked,bool,,,,,RW,Normal,Adv,,1b: Swap MSB and LSB for PAM4 patterns 0b: Do not swap MSB and LSB,,8-115,Not in SONiC,
MediaSideCheckerSwapSymbolBitsLane4,MediaSideCheckerSwapSymbolBitsLane4,0x13,170,1,0x08,Lane-banked,bool,,,,,RW,Normal,Adv,,1b: Swap MSB and LSB for PAM4 patterns 0b: Do not swap MSB and LSB,,8-115,Not in SONiC,
MediaSideCheckerSwapSymbolBitsLane3,MediaSideCheckerSwapSymbolBitsLane3,0x13,170,1,0x04,Lane-banked,bool,,,,,RW,Normal,Adv,,1b: Swap MSB and LSB for PAM4 patterns 0b: Do not swap MSB and LSB,,8-115,Not in SONiC,
MediaSideCheckerSwapSymbolBitsLane2,MediaSideCheckerSwapSymbolBitsLane2,0x13,170,1,0x02,Lane-banked,bool,,,,,RW,Normal,Adv,,1b: Swap MSB and LSB for PAM4 patterns 0b: Do not swap MSB and LSB,,8-115,Not in SONiC,
MediaSideCheckerSwapSymbolBitsLane1,MediaSideCheckerSwapSymbolBitsLane1,0x13,170,1,0x01,Lane-banked,bool,,,,,RW,Normal,Adv,,1b: Swap MSB and LSB for PAM4 patterns 0b: Do not swap MSB and LSB,,8-115,Not in SONiC,
MediaSideCheckerPostFECEnableLane8,MediaSideCheckerPostFECEnableLane8,0x13,171,1,0x80,Lane-banked,bool,,,,,RW,Normal,Adv,,1b: Check the selected encoded pattern at the output from the internal FEC decoder 0b: Check the selected unencoded pattern at the input to the internal FEC decoder block,,8-115,Not in SONiC,
MediaSideCheckerPostFECEnableLane7,MediaSideCheckerPostFECEnableLane7,0x13,171,1,0x40,Lane-banked,bool,,,,,RW,Normal,Adv,,1b: Check the selected encoded pattern at the output from the internal FEC decoder 0b: Check the selected unencoded pattern at the input to the internal FEC decoder block,,8-115,Not in SONiC,
MediaSideCheckerPostFECEnableLane6,MediaSideCheckerPostFECEnableLane6,0x13,171,1,0x20,Lane-banked,bool,,,,,RW,Normal,Adv,,1b: Check the selected encoded pattern at the output from the internal FEC decoder 0b: Check the selected unencoded pattern at the input to the internal FEC decoder block,,8-115,Not in SONiC,
MediaSideCheckerPostFECEnableLane5,MediaSideCheckerPostFECEnableLane5,0x13,171,1,0x10,Lane-banked,bool,,,,,RW,Normal,Adv,,1b: Check the selected encoded pattern at the output from the internal FEC decoder 0b: Check the selected unencoded pattern at the input to the internal FEC decoder block,,8-115,Not in SONiC,
MediaSideCheckerPostFECEnableLane4,MediaSideCheckerPostFECEnableLane4,0x13,171,1,0x08,Lane-banked,bool,,,,,RW,Normal,Adv,,1b: Check the selected encoded pattern at the output from the internal FEC decoder 0b: Check the selected unencoded pattern at the input to the internal FEC decoder block,,8-115,Not in SONiC,
MediaSideCheckerPostFECEnableLane3,MediaSideCheckerPostFECEnableLane3,0x13,171,1,0x04,Lane-banked,bool,,,,,RW,Normal,Adv,,1b: Check the selected encoded pattern at the output from the internal FEC decoder 0b: Check the selected unencoded pattern at the input to the internal FEC decoder block,,8-115,Not in SONiC,
MediaSideCheckerPostFECEnableLane2,MediaSideCheckerPostFECEnableLane2,0x13,171,1,0x02,Lane-banked,bool,,,,,RW,Normal,Adv,,1b: Check the selected encoded pattern at the output from the internal FEC decoder 0b: Check the selected unencoded pattern at the input to the internal FEC decoder block,,8-115,Not in SONiC,
MediaSideCheckerPostFECEnableLane1,MediaSideCheckerPostFECEnableLane1,0x13,171,1,0x01,Lane-banked,bool,,,,,RW,Normal,Adv,,1b: Check the selected encoded pattern at the output from the internal FEC decoder 0b: Check the selected unencoded pattern at the input to the internal FEC decoder block,,8-115,Not in SONiC,
MediaSideCheckerPatternSelectLane2,MediaSideCheckerPatternSelectLane2,0x13,172,1,0xF0,Lane-banked,bitfield4,,,,,RW,Normal,Adv,,Selected pattern to be generated on each lane. See Table 8-105 for pattern coding.,,8-116,Not in SONiC,
MediaSideCheckerPatternSelectLane1,MediaSideCheckerPatternSelectLane1,0x13,172,1,0x0F,Lane-banked,bitfield4,,,,,RW,Normal,Adv,,Selected pattern to be generated on each lane. See Table 8-105 for pattern coding.,,8-116,Not in SONiC,
MediaSideCheckerPatternSelectLane4,MediaSideCheckerPatternSelectLane4,0x13,173,1,0xF0,Lane-banked,bitfield4,,,,,RW,Normal,Adv,,Selected pattern to be generated on each lane. See Table 8-105 for pattern coding.,,8-116,Not in SONiC,
MediaSideCheckerPatternSelectLane3,MediaSideCheckerPatternSelectLane3,0x13,173,1,0x0F,Lane-banked,bitfield4,,,,,RW,Normal,Adv,,Selected pattern to be generated on each lane. See Table 8-105 for pattern coding.,,8-116,Not in SONiC,
MediaSideCheckerPatternSelectLane6,MediaSideCheckerPatternSelectLane6,0x13,174,1,0xF0,Lane-banked,bitfield4,,,,,RW,Normal,Adv,,Selected pattern to be generated on each lane. See Table 8-105 for pattern coding.,,8-116,Not in SONiC,
MediaSideCheckerPatternSelectLane5,MediaSideCheckerPatternSelectLane5,0x13,174,1,0x0F,Lane-banked,bitfield4,,,,,RW,Normal,Adv,,Selected pattern to be generated on each lane. See Table 8-105 for pattern coding.,,8-116,Not in SONiC,
MediaSideCheckerPatternSelectLane8,MediaSideCheckerPatternSelectLane8,0x13,175,1,0xF0,Lane-banked,bitfield4,,,,,RW,Normal,Adv,,Selected pattern to be generated on each lane. See Table 8-105 for pattern coding.,,8-116,Not in SONiC,
MediaSideCheckerPatternSelectLane7,MediaSideCheckerPatternSelectLane7,0x13,175,1,0x0F,Lane-banked,bitfield4,,,,,RW,Normal,Adv,,Selected pattern to be generated on each lane. See Table 8-105 for pattern coding.,,8-116,Not in SONiC,
HostPRBSGeneratorClockSource,HostPRBSGeneratorClockSource,0x13,176,1,0xF0,Lane-banked,bitfield4,,,,,RW,Normal,Opt,,Clock source for Host Side PRBS Pattern Generation: 0: All lanes use Internal Clock i=1-8: All lanes use Reference Clock Media Lane i 9-14: Reserved 15: Recovered clock per Media Lane or Data Path,,8-117,Not in SONiC,
MediaPRBSGeneratorClockSource,MediaPRBSGeneratorClockSource,0x13,176,1,0x0F,Lane-banked,bitfield4,,,,,RW,Normal,Opt,,Clock source for Media Side PRBS Pattern Generation: 0: All lanes use Internal Clock 1: All lanes use Reference Clock i= 2-9: All lanes use Reference Clock Host Lane i-1 10-14: Reserved 15: Recovered clock per Host Lane or Data Path,,8-117,Not in SONiC,
StartStopIsGlobal,StartStopIsGlobal,0x13,177,1,0x80,Lane-banked,bool,,,,,RW,Normal,Opt,,Bool StartStopIsGlobal controls whether writing a measurement Start/Stop control (see below for a list) on one Bank globally starts/stops measurements across all Banks as if the same control value change had occurred in all supported Banks synchronously (which is impossible): 0b: A start/stop control change acts on current Bank 1b: A start/stop control change acts on all Banks Start/Stop controls (instances) Locations ResetErrorInformation (4) (0-3:13h:177.5) HostSideCheckerEnable (32) (0-3:13h:160.0-7) MediaSideCheckerEnable (32) (0-3:13h:168.0-7) Note: The intended effect of StartStopIsGlobal is that starting or stopping error counting measurement in one supported Bank occurs on all affected lanes in all supported Banks synchronously. Note: The actually affected lanes depend on per Bank capabilities like *CheckerSupportsPerLaneEnable.,,8-117,Not in SONiC,
Reserved.13h.177,Reserved,0x13,177,1,0x40,Lane-banked,,,,,,RW,Normal,,,Reserved,,8-117,Not in SONiC,
ResetErrorInformation,ResetErrorInformation,0x13,177,1,0x20,Lane-banked,bool,,,,,RW,Normal,Opt,,"This bit has effects on error information, and on gating timers when the value changes. Effect on Error Information 0b→1b: Freeze. Currently accumulating error statistics identified by DiagnosticsSelector 01h to 05h are frozen and, if supported, gated results identified by Selectors 11h-15h are updated with the frozen current error statistics. 1b→0b: Reset. Error statistics identified by Selectors 01h-05h are reset to 0, whereas results identified by Selectors 11h-15h are unaffected. Whenever a ResetErrorInformation operation on an individual lane or all lanes is triggered, it should always clear associated Error Information (both PRBS BER and Error Counters) in the Diagnostics Data memory at the same time. The effect of ResetErrorInformation depends also on - PerLaneGatingTimersSupported (13h:129.3) - StartStopIsGlobal (13h:177.7) Effect on global gating timers (13h:129.3=0b) 0b→1b: single gate timer is stopped 1b→0b: starts the single gating timer Effect on per lane gating timers (13h:129.3=1b) 1b: keeps the gate timers stopped for the lanes in this Bank (13h:177.7=0) or on all. 0b: starts the individual gating timers for all enabled lanes in this Bank.",,8-117,Not in SONiC,
AutoRestartGating,AutoRestartGating,0x13,177,1,0x10,Lane-banked,bool,,,,,RW,Normal,Opt,,"0b: When Gate Time expires, the module will set the Gate Complete Flag in Bytes 14h:134-135. The module will update the error counter result and stop error detection. 1b: When Gate Time expires, the module will set the Gate Complete Flag in Bytes 14h:134-135. The module will update the error counter results, then immediately clear internal error counters and restart the Gate Timer, while continuing to count errors. Note: With Auto-restart the host must read the error counter results before the Gate Time expires to avoid the result values to be overwritten with new results.",,8-117,Not in SONiC,
MeasurementTime,MeasurementTime,0x13,177,1,0x0E,Lane-banked,enum3,,,,,RW,Normal,Opt,,"Measurement (gating) time for one complete result over a defined measurement period. 000b: ungated, counters accrue indefinitely (infinite gate time 001b: 5 sec gate time 010b: 10 sec gate time 011b: 30 sec gate time 100b: 60 sec gate time 101b: 120 sec gate time 110b: 300 sec gate time 111b: Custom",,8-117,Not in SONiC,
UpdatePeriodSelect,UpdatePeriodSelect,0x13,177,1,0x01,Lane-banked,bool,,,,,RW,Normal,Opt,,"Time between incremental updates to intermediate error counting results during a longer gating period 0b: 1 sec update interval 1b: 5 sec update interval This period is relevant only if PeriodicUpdatesSupported (13h:129.4=1b) advertises that the module will update the BER or Error counters while gating is in progress. Then two update rates at which the module will process the internal error counters and update the error counter fields in the Memory Map are possible. The host can then poll “real-time” error counts, up until the gating results are completed.",,8-117,Not in SONiC,
Reserved.13h.178,Reserved,0x13,178,1,0xF0,Lane-banked,,,,,,RW,Normal,,,Reserved,,8-117,Not in SONiC,
HostPRBSCheckerClockSource,HostPRBSCheckerClockSource,0x13,178,1,0x0C,Lane-banked,bitfield2,,,,,RW,Normal,,,The clock source used for the Host PRBS Pattern Checker can be configured using this control register: 0h: Recovered clocks from Host Lane/Data paths 1h: All lanes use Internal Clock 2h: All lanes use Reference Clock 3h: Reserved,,8-117,Not in SONiC,
MediaPRBSCheckerClockSource,MediaPRBSCheckerClockSource,0x13,178,1,0x03,Lane-banked,bitfield2,,,,,RW,Normal,,,The clock source used for the Media PRBS Pattern Checker can be configured using this control register: 0h: Recovered clocks from Media Lane/Data paths 1h: All lanes use Internal Clock 2h: All lanes use Reference Clock 3h: Reserved.,,8-117,Not in SONiC,
Reserved.13h.179,Reserved,0x13,179,1,,Lane-banked,,,,,,RW,Normal,,,Reserved[1],,8-117,Not in SONiC,
MediaSideOutputLoopbackEnableLane8,MediaSideOutputLoopbackEnableLane8,0x13,180,1,0x80,Lane-banked,bool,,,,,RWW,Normal,Adv,,"MediaSideOutputLoopbackEnableLane<i> 0b: normal non-loopback operation 1b: loopback enabled. If the Per-lane Media Side Loopback Supported field=1, loopback control is per lane. Otherwise, if any loopback enable bit is set to 1, all Media side lanes are in output loopback. Advertisement: 13h:128.",,8-121,SONiC wider,MediaSideOutputLoopbackEnable
MediaSideOutputLoopbackEnableLane7,MediaSideOutputLoopbackEnableLane7,0x13,180,1,0x40,Lane-banked,bool,,,,,RWW,Normal,Adv,,"MediaSideOutputLoopbackEnableLane<i> 0b: normal non-loopback operation 1b: loopback enabled. If the Per-lane Media Side Loopback Supported field=1, loopback control is per lane. Otherwise, if any loopback enable bit is set to 1, all Media side lanes are in output loopback. Advertisement: 13h:128.",,8-121,SONiC wider,MediaSideOutputLoopbackEnable
MediaSideOutputLoopbackEnableLane6,MediaSideOutputLoopbackEnableLane6,0x13,180,1,0x20,Lane-banked,bool,,,,,RWW,Normal,Adv,,"MediaSideOutputLoopbackEnableLane<i> 0b: normal non-loopback operation 1b: loopback enabled. If the Per-lane Media Side Loopback Supported field=1, loopback control is per lane. Otherwise, if any loopback enable bit is set to 1, all Media side lanes are in output loopback. Advertisement: 13h:128.",,8-121,SONiC wider,MediaSideOutputLoopbackEnable
MediaSideOutputLoopbackEnableLane5,MediaSideOutputLoopbackEnableLane5,0x13,180,1,0x10,Lane-banked,bool,,,,,RWW,Normal,Adv,,"MediaSideOutputLoopbackEnableLane<i> 0b: normal non-loopback operation 1b: loopback enabled. If the Per-lane Media Side Loopback Supported field=1, loopback control is per lane. Otherwise, if any loopback enable bit is set to 1, all Media side lanes are in output loopback. Advertisement: 13h:128.",,8-121,SONiC wider,MediaSideOutputLoopbackEnable
MediaSideOutputLoopbackEnableLane4,MediaSideOutputLoopbackEnableLane4,0x13,180,1,0x08,Lane-banked,bool,,,,,RWW,Normal,Adv,,"MediaSideOutputLoopbackEnableLane<i> 0b: normal non-loopback operation 1b: loopback enabled. If the Per-lane Media Side Loopback Supported field=1, loopback control is per lane. Otherwise, if any loopback enable bit is set to 1, all Media side lanes are in output loopback. Advertisement: 13h:128.",,8-121,SONiC wider,MediaSideOutputLoopbackEnable
MediaSideOutputLoopbackEnableLane3,MediaSideOutputLoopbackEnableLane3,0x13,180,1,0x04,Lane-banked,bool,,,,,RWW,Normal,Adv,,"MediaSideOutputLoopbackEnableLane<i> 0b: normal non-loopback operation 1b: loopback enabled. If the Per-lane Media Side Loopback Supported field=1, loopback control is per lane. Otherwise, if any loopback enable bit is set to 1, all Media side lanes are in output loopback. Advertisement: 13h:128.",,8-121,SONiC wider,MediaSideOutputLoopbackEnable
MediaSideOutputLoopbackEnableLane2,MediaSideOutputLoopbackEnableLane2,0x13,180,1,0x02,Lane-banked,bool,,,,,RWW,Normal,Adv,,"MediaSideOutputLoopbackEnableLane<i> 0b: normal non-loopback operation 1b: loopback enabled. If the Per-lane Media Side Loopback Supported field=1, loopback control is per lane. Otherwise, if any loopback enable bit is set to 1, all Media side lanes are in output loopback. Advertisement: 13h:128.",,8-121,SONiC wider,MediaSideOutputLoopbackEnable
MediaSideOutputLoopbackEnableLane1,MediaSideOutputLoopbackEnableLane1,0x13,180,1,0x01,Lane-banked,bool,,,,,RWW,Normal,Adv,,"MediaSideOutputLoopbackEnableLane<i> 0b: normal non-loopback operation 1b: loopback enabled. If the Per-lane Media Side Loopback Supported field=1, loopback control is per lane. Otherwise, if any loopback enable bit is set to 1, all Media side lanes are in output loopback. Advertisement: 13h:128.",,8-121,SONiC wider,MediaSideOutputLoopbackEnable
MediaSideInputLoopbackEnableLane8,MediaSideInputLoopbackEnableLane8,0x13,181,1,0x80,Lane-banked,bool,,,,,RWW,Normal,Adv,,"MediaSideInputLoopbackEnableLane<i> 0b: normal non-loopback operation 1b: loopback enabled. If the Per-lane Media Side Loopback Supported field=1, loopback control is per lane. Otherwise, if any loopback enable bit is set to 1, all media side lanes are in input loopback. Advertisement: 13h:128.1",,8-121,SONiC wider,MediaSideInputLoopbackEnable
MediaSideInputLoopbackEnableLane7,MediaSideInputLoopbackEnableLane7,0x13,181,1,0x40,Lane-banked,bool,,,,,RWW,Normal,Adv,,"MediaSideInputLoopbackEnableLane<i> 0b: normal non-loopback operation 1b: loopback enabled. If the Per-lane Media Side Loopback Supported field=1, loopback control is per lane. Otherwise, if any loopback enable bit is set to 1, all media side lanes are in input loopback. Advertisement: 13h:128.1",,8-121,SONiC wider,MediaSideInputLoopbackEnable
MediaSideInputLoopbackEnableLane6,MediaSideInputLoopbackEnableLane6,0x13,181,1,0x20,Lane-banked,bool,,,,,RWW,Normal,Adv,,"MediaSideInputLoopbackEnableLane<i> 0b: normal non-loopback operation 1b: loopback enabled. If the Per-lane Media Side Loopback Supported field=1, loopback control is per lane. Otherwise, if any loopback enable bit is set to 1, all media side lanes are in input loopback. Advertisement: 13h:128.1",,8-121,SONiC wider,MediaSideInputLoopbackEnable
MediaSideInputLoopbackEnableLane5,MediaSideInputLoopbackEnableLane5,0x13,181,1,0x10,Lane-banked,bool,,,,,RWW,Normal,Adv,,"MediaSideInputLoopbackEnableLane<i> 0b: normal non-loopback operation 1b: loopback enabled. If the Per-lane Media Side Loopback Supported field=1, loopback control is per lane. Otherwise, if any loopback enable bit is set to 1, all media side lanes are in input loopback. Advertisement: 13h:128.1",,8-121,SONiC wider,MediaSideInputLoopbackEnable
MediaSideInputLoopbackEnableLane4,MediaSideInputLoopbackEnableLane4,0x13,181,1,0x08,Lane-banked,bool,,,,,RWW,Normal,Adv,,"MediaSideInputLoopbackEnableLane<i> 0b: normal non-loopback operation 1b: loopback enabled. If the Per-lane Media Side Loopback Supported field=1, loopback control is per lane. Otherwise, if any loopback enable bit is set to 1, all media side lanes are in input loopback. Advertisement: 13h:128.1",,8-121,SONiC wider,MediaSideInputLoopbackEnable
MediaSideInputLoopbackEnableLane3,MediaSideInputLoopbackEnableLane3,0x13,181,1,0x04,Lane-banked,bool,,,,,RWW,Normal,Adv,,"MediaSideInputLoopbackEnableLane<i> 0b: normal non-loopback operation 1b: loopback enabled. If the Per-lane Media Side Loopback Supported field=1, loopback control is per lane. Otherwise, if any loopback enable bit is set to 1, all media side lanes are in input loopback. Advertisement: 13h:128.1",,8-121,SONiC wider,MediaSideInputLoopbackEnable
MediaSideInputLoopbackEnableLane2,MediaSideInputLoopbackEnableLane2,0x13,181,1,0x02,Lane-banked,bool,,,,,RWW,Normal,Adv,,"MediaSideInputLoopbackEnableLane<i> 0b: normal non-loopback operation 1b: loopback enabled. If the Per-lane Media Side Loopback Supported field=1, loopback control is per lane. Otherwise, if any loopback enable bit is set to 1, all media side lanes are in input loopback. Advertisement: 13h:128.1",,8-121,SONiC wider,MediaSideInputLoopbackEnable
MediaSideInputLoopbackEnableLane1,MediaSideInputLoopbackEnableLane1,0x13,181,1,0x01,Lane-banked,bool,,,,,RWW,Normal,Adv,,"MediaSideInputLoopbackEnableLane<i> 0b: normal non-loopback operation 1b: loopback enabled. If the Per-lane Media Side Loopback Supported field=1, loopback control is per lane. Otherwise, if any loopback enable bit is set to 1, all media side lanes are in input loopback. Advertisement: 13h:128.1",,8-121,SONiC wider,MediaSideInputLoopbackEnable
HostSideOutputLoopbackEnableLane8,HostSideOutputLoopbackEnableLane8,0x13,182,1,0x80,Lane-banked,bool,,,,,RWW,Normal,Adv,,"HostSideOutputLoopbackEnableLane<i> 0b: normal non-loopback operation 1b: loopback enabled. If the Per-lane Host Side Loopback Supported field=1, loopback control is per lane. Otherwise, if any loopback enable bit is set to 1, all host side lanes are in output loopback. Advertisement: 13h:128.2",,8-121,SONiC wider,HostSideOutputLoopbackEnable
HostSideOutputLoopbackEnableLane7,HostSideOutputLoopbackEnableLane7,0x13,182,1,0x40,Lane-banked,bool,,,,,RWW,Normal,Adv,,"HostSideOutputLoopbackEnableLane<i> 0b: normal non-loopback operation 1b: loopback enabled. If the Per-lane Host Side Loopback Supported field=1, loopback control is per lane. Otherwise, if any loopback enable bit is set to 1, all host side lanes are in output loopback. Advertisement: 13h:128.2",,8-121,SONiC wider,HostSideOutputLoopbackEnable
HostSideOutputLoopbackEnableLane6,HostSideOutputLoopbackEnableLane6,0x13,182,1,0x20,Lane-banked,bool,,,,,RWW,Normal,Adv,,"HostSideOutputLoopbackEnableLane<i> 0b: normal non-loopback operation 1b: loopback enabled. If the Per-lane Host Side Loopback Supported field=1, loopback control is per lane. Otherwise, if any loopback enable bit is set to 1, all host side lanes are in output loopback. Advertisement: 13h:128.2",,8-121,SONiC wider,HostSideOutputLoopbackEnable
HostSideOutputLoopbackEnableLane5,HostSideOutputLoopbackEnableLane5,0x13,182,1,0x10,Lane-banked,bool,,,,,RWW,Normal,Adv,,"HostSideOutputLoopbackEnableLane<i> 0b: normal non-loopback operation 1b: loopback enabled. If the Per-lane Host Side Loopback Supported field=1, loopback control is per lane. Otherwise, if any loopback enable bit is set to 1, all host side lanes are in output loopback. Advertisement: 13h:128.2",,8-121,SONiC wider,HostSideOutputLoopbackEnable
HostSideOutputLoopbackEnableLane4,HostSideOutputLoopbackEnableLane4,0x13,182,1,0x08,Lane-banked,bool,,,,,RWW,Normal,Adv,,"HostSideOutputLoopbackEnableLane<i> 0b: normal non-loopback operation 1b: loopback enabled. If the Per-lane Host Side Loopback Supported field=1, loopback control is per lane. Otherwise, if any loopback enable bit is set to 1, all host side lanes are in output loopback. Advertisement: 13h:128.2",,8-121,SONiC wider,HostSideOutputLoopbackEnable
HostSideOutputLoopbackEnableLane3,HostSideOutputLoopbackEnableLane3,0x13,182,1,0x04,Lane-banked,bool,,,,,RWW,Normal,Adv,,"HostSideOutputLoopbackEnableLane<i> 0b: normal non-loopback operation 1b: loopback enabled. If the Per-lane Host Side Loopback Supported field=1, loopback control is per lane. Otherwise, if any loopback enable bit is set to 1, all host side lanes are in output loopback. Advertisement: 13h:128.2",,8-121,SONiC wider,HostSideOutputLoopbackEnable
HostSideOutputLoopbackEnableLane2,HostSideOutputLoopbackEnableLane2,0x13,182,1,0x02,Lane-banked,bool,,,,,RWW,Normal,Adv,,"HostSideOutputLoopbackEnableLane<i> 0b: normal non-loopback operation 1b: loopback enabled. If the Per-lane Host Side Loopback Supported field=1, loopback control is per lane. Otherwise, if any loopback enable bit is set to 1, all host side lanes are in output loopback. Advertisement: 13h:128.2",,8-121,SONiC wider,HostSideOutputLoopbackEnable
HostSideOutputLoopbackEnableLane1,HostSideOutputLoopbackEnableLane1,0x13,182,1,0x01,Lane-banked,bool,,,,,RWW,Normal,Adv,,"HostSideOutputLoopbackEnableLane<i> 0b: normal non-loopback operation 1b: loopback enabled. If the Per-lane Host Side Loopback Supported field=1, loopback control is per lane. Otherwise, if any loopback enable bit is set to 1, all host side lanes are in output loopback. Advertisement: 13h:128.2",,8-121,SONiC wider,HostSideOutputLoopbackEnable
HostSideInputLoopbackEnableLane8,HostSideInputLoopbackEnableLane8,0x13,183,1,0x80,Lane-banked,bool,,,,,RWW,Normal,Adv,,"HostSideInputLoopbackEnableLane<i> 0b: normal non-loopback operation 1b: loopback enabled. If the Per-lane Host Side Loopback Supported field=1, loopback control is per lane. Otherwise, if any loopback enable bit is set to 1, all Host side lanes are in input loopback. Advertisement: 13h:128.3",,8-121,SONiC wider,HostSideLoopbackEnable
HostSideInputLoopbackEnableLane7,HostSideInputLoopbackEnableLane7,0x13,183,1,0x40,Lane-banked,bool,,,,,RWW,Normal,Adv,,"HostSideInputLoopbackEnableLane<i> 0b: normal non-loopback operation 1b: loopback enabled. If the Per-lane Host Side Loopback Supported field=1, loopback control is per lane. Otherwise, if any loopback enable bit is set to 1, all Host side lanes are in input loopback. Advertisement: 13h:128.3",,8-121,SONiC wider,HostSideLoopbackEnable
HostSideInputLoopbackEnableLane6,HostSideInputLoopbackEnableLane6,0x13,183,1,0x20,Lane-banked,bool,,,,,RWW,Normal,Adv,,"HostSideInputLoopbackEnableLane<i> 0b: normal non-loopback operation 1b: loopback enabled. If the Per-lane Host Side Loopback Supported field=1, loopback control is per lane. Otherwise, if any loopback enable bit is set to 1, all Host side lanes are in input loopback. Advertisement: 13h:128.3",,8-121,SONiC wider,HostSideLoopbackEnable
HostSideInputLoopbackEnableLane5,HostSideInputLoopbackEnableLane5,0x13,183,1,0x10,Lane-banked,bool,,,,,RWW,Normal,Adv,,"HostSideInputLoopbackEnableLane<i> 0b: normal non-loopback operation 1b: loopback enabled. If the Per-lane Host Side Loopback Supported field=1, loopback control is per lane. Otherwise, if any loopback enable bit is set to 1, all Host side lanes are in input loopback. Advertisement: 13h:128.3",,8-121,SONiC wider,HostSideLoopbackEnable
HostSideInputLoopbackEnableLane4,HostSideInputLoopbackEnableLane4,0x13,183,1,0x08,Lane-banked,bool,,,,,RWW,Normal,Adv,,"HostSideInputLoopbackEnableLane<i> 0b: normal non-loopback operation 1b: loopback enabled. If the Per-lane Host Side Loopback Supported field=1, loopback control is per lane. Otherwise, if any loopback enable bit is set to 1, all Host side lanes are in input loopback. Advertisement: 13h:128.3",,8-121,SONiC wider,HostSideLoopbackEnable
HostSideInputLoopbackEnableLane3,HostSideInputLoopbackEnableLane3,0x13,183,1,0x04,Lane-banked,bool,,,,,RWW,Normal,Adv,,"HostSideInputLoopbackEnableLane<i> 0b: normal non-loopback operation 1b: loopback enabled. If the Per-lane Host Side Loopback Supported field=1, loopback control is per lane. Otherwise, if any loopback enable bit is set to 1, all Host side lanes are in input loopback. Advertisement: 13h:128.3",,8-121,SONiC wider,HostSideLoopbackEnable
HostSideInputLoopbackEnableLane2,HostSideInputLoopbackEnableLane2,0x13,183,1,0x02,Lane-banked,bool,,,,,RWW,Normal,Adv,,"HostSideInputLoopbackEnableLane<i> 0b: normal non-loopback operation 1b: loopback enabled. If the Per-lane Host Side Loopback Supported field=1, loopback control is per lane. Otherwise, if any loopback enable bit is set to 1, all Host side lanes are in input loopback. Advertisement: 13h:128.3",,8-121,SONiC wider,HostSideLoopbackEnable
HostSideInputLoopbackEnableLane1,HostSideInputLoopbackEnableLane1,0x13,183,1,0x01,Lane-banked,bool,,,,,RWW,Normal,Adv,,"HostSideInputLoopbackEnableLane<i> 0b: normal non-loopback operation 1b: loopback enabled. If the Per-lane Host Side Loopback Supported field=1, loopback control is per lane. Otherwise, if any loopback enable bit is set to 1, all Host side lanes are in input loopback. Advertisement: 13h:128.3",,8-121,SONiC wider,HostSideLoopbackEnable
HostScratchPad0,HostScratchPad0,0x13,184,1,,Lane-banked,u8,,,,,RW,Normal,Adv,,"HostScratchPad<i>, <i> = 0, …,7 These 8 bytes can be used by the host to store state in the module. The scratch pad clears in every firmware restart to its default zero values. It can therefore also be used by the host to detect a module-initiated recovery reboot. Advertisement: 01h:251.7",,8-122,Not in SONiC,
HostScratchPad1,HostScratchPad1,0x13,185,1,,Lane-banked,u8,,,,,RW,Normal,Adv,,"HostScratchPad<i>, <i> = 0, …,7 These 8 bytes can be used by the host to store state in the module. The scratch pad clears in every firmware restart to its default zero values. It can therefore also be used by the host to detect a module-initiated recovery reboot. Advertisement: 01h:251.7",,8-122,Not in SONiC,
HostScratchPad2,HostScratchPad2,0x13,186,1,,Lane-banked,u8,,,,,RW,Normal,Adv,,"HostScratchPad<i>, <i> = 0, …,7 These 8 bytes can be used by the host to store state in the module. The scratch pad clears in every firmware restart to its default zero values. It can therefore also be used by the host to detect a module-initiated recovery reboot. Advertisement: 01h:251.7",,8-122,Not in SONiC,
HostScratchPad3,HostScratchPad3,0x13,187,1,,Lane-banked,u8,,,,,RW,Normal,Adv,,"HostScratchPad<i>, <i> = 0, …,7 These 8 bytes can be used by the host to store state in the module. The scratch pad clears in every firmware restart to its default zero values. It can therefore also be used by the host to detect a module-initiated recovery reboot. Advertisement: 01h:251.7",,8-122,Not in SONiC,
HostScratchPad4,HostScratchPad4,0x13,188,1,,Lane-banked,u8,,,,,RW,Normal,Adv,,"HostScratchPad<i>, <i> = 0, …,7 These 8 bytes can be used by the host to store state in the module. The scratch pad clears in every firmware restart to its default zero values. It can therefore also be used by the host to detect a module-initiated recovery reboot. Advertisement: 01h:251.7",,8-122,Not in SONiC,
HostScratchPad5,HostScratchPad5,0x13,189,1,,Lane-banked,u8,,,,,RW,Normal,Adv,,"HostScratchPad<i>, <i> = 0, …,7 These 8 bytes can be used by the host to store state in the module. The scratch pad clears in every firmware restart to its default zero values. It can therefore also be used by the host to detect a module-initiated recovery reboot. Advertisement: 01h:251.7",,8-122,Not in SONiC,
HostScratchPad6,HostScratchPad6,0x13,190,1,,Lane-banked,u8,,,,,RW,Normal,Adv,,"HostScratchPad<i>, <i> = 0, …,7 These 8 bytes can be used by the host to store state in the module. The scratch pad clears in every firmware restart to its default zero values. It can therefore also be used by the host to detect a module-initiated recovery reboot. Advertisement: 01h:251.7",,8-122,Not in SONiC,
HostScratchPad7,HostScratchPad7,0x13,191,1,,Lane-banked,u8,,,,,RW,Normal,Adv,,"HostScratchPad<i>, <i> = 0, …,7 These 8 bytes can be used by the host to store state in the module. The scratch pad clears in every firmware restart to its default zero values. It can therefore also be used by the host to detect a module-initiated recovery reboot. Advertisement: 01h:251.7",,8-122,Not in SONiC,
LossOfReferenceClockMask,LossOfReferenceClockMask,0x13,206,1,0x80,Lane-banked,bool,,,,,RW,Normal,Opt,,Loss of reference clock Mask for the module,,8-123,Not in SONiC,
Reserved.13h.206,Reserved,0x13,206,1,0x7F,Lane-banked,,,,,,RW,Normal,,,Reserved,,8-123,Not in SONiC,
Reserved.13h.207,Reserved,0x13,207,1,,Lane-banked,,,,,,RW,Normal,,,Reserved[1],,8-123,Not in SONiC,
PatternCheckGatingCompleteMaskHostLane8,PatternCheckGatingCompleteMaskHostLane8,0x13,208,1,0x80,Lane-banked,bool,,,,,RW,Normal,Adv,,PatternCheckGatingCompleteMaskHost Lane<i> Per-host lane gating complete Mask. Default:1,,8-123,Not in SONiC,
PatternCheckGatingCompleteMaskHostLane7,PatternCheckGatingCompleteMaskHostLane7,0x13,208,1,0x40,Lane-banked,bool,,,,,RW,Normal,Adv,,PatternCheckGatingCompleteMaskHost Lane<i> Per-host lane gating complete Mask. Default:1,,8-123,Not in SONiC,
PatternCheckGatingCompleteMaskHostLane6,PatternCheckGatingCompleteMaskHostLane6,0x13,208,1,0x20,Lane-banked,bool,,,,,RW,Normal,Adv,,PatternCheckGatingCompleteMaskHost Lane<i> Per-host lane gating complete Mask. Default:1,,8-123,Not in SONiC,
PatternCheckGatingCompleteMaskHostLane5,PatternCheckGatingCompleteMaskHostLane5,0x13,208,1,0x10,Lane-banked,bool,,,,,RW,Normal,Adv,,PatternCheckGatingCompleteMaskHost Lane<i> Per-host lane gating complete Mask. Default:1,,8-123,Not in SONiC,
PatternCheckGatingCompleteMaskHostLane4,PatternCheckGatingCompleteMaskHostLane4,0x13,208,1,0x08,Lane-banked,bool,,,,,RW,Normal,Adv,,PatternCheckGatingCompleteMaskHost Lane<i> Per-host lane gating complete Mask. Default:1,,8-123,Not in SONiC,
PatternCheckGatingCompleteMaskHostLane3,PatternCheckGatingCompleteMaskHostLane3,0x13,208,1,0x04,Lane-banked,bool,,,,,RW,Normal,Adv,,PatternCheckGatingCompleteMaskHost Lane<i> Per-host lane gating complete Mask. Default:1,,8-123,Not in SONiC,
PatternCheckGatingCompleteMaskHostLane2,PatternCheckGatingCompleteMaskHostLane2,0x13,208,1,0x02,Lane-banked,bool,,,,,RW,Normal,Adv,,PatternCheckGatingCompleteMaskHost Lane<i> Per-host lane gating complete Mask. Default:1,,8-123,Not in SONiC,
PatternCheckGatingCompleteMaskHostLane1,PatternCheckGatingCompleteMaskHostLane1,0x13,208,1,0x01,Lane-banked,bool,,,,,RW,Normal,Adv,,PatternCheckGatingCompleteMaskHost Lane<i> Per-host lane gating complete Mask. Default:1,,8-123,Not in SONiC,
PatternCheckGatingCompleteMaskMediaLane8,PatternCheckGatingCompleteMaskMediaLane8,0x13,209,1,0x80,Lane-banked,bool,,,,,RW,Normal,Adv,,PatternCheckGatingCompleteMaskMed iaLane<i> Per-media lane gating complete Mask. Default:1,,8-123,Not in SONiC,
PatternCheckGatingCompleteMaskMediaLane7,PatternCheckGatingCompleteMaskMediaLane7,0x13,209,1,0x40,Lane-banked,bool,,,,,RW,Normal,Adv,,PatternCheckGatingCompleteMaskMed iaLane<i> Per-media lane gating complete Mask. Default:1,,8-123,Not in SONiC,
PatternCheckGatingCompleteMaskMediaLane6,PatternCheckGatingCompleteMaskMediaLane6,0x13,209,1,0x20,Lane-banked,bool,,,,,RW,Normal,Adv,,PatternCheckGatingCompleteMaskMed iaLane<i> Per-media lane gating complete Mask. Default:1,,8-123,Not in SONiC,
PatternCheckGatingCompleteMaskMediaLane5,PatternCheckGatingCompleteMaskMediaLane5,0x13,209,1,0x10,Lane-banked,bool,,,,,RW,Normal,Adv,,PatternCheckGatingCompleteMaskMed iaLane<i> Per-media lane gating complete Mask. Default:1,,8-123,Not in SONiC,
PatternCheckGatingCompleteMaskMediaLane4,PatternCheckGatingCompleteMaskMediaLane4,0x13,209,1,0x08,Lane-banked,bool,,,,,RW,Normal,Adv,,PatternCheckGatingCompleteMaskMed iaLane<i> Per-media lane gating complete Mask. Default:1,,8-123,Not in SONiC,
PatternCheckGatingCompleteMaskMediaLane3,PatternCheckGatingCompleteMaskMediaLane3,0x13,209,1,0x04,Lane-banked,bool,,,,,RW,Normal,Adv,,PatternCheckGatingCompleteMaskMed iaLane<i> Per-media lane gating complete Mask. Default:1,,8-123,Not in SONiC,
PatternCheckGatingCompleteMaskMediaLane2,PatternCheckGatingCompleteMaskMediaLane2,0x13,209,1,0x02,Lane-banked,bool,,,,,RW,Normal,Adv,,PatternCheckGatingCompleteMaskMed iaLane<i> Per-media lane gating complete Mask. Default:1,,8-123,Not in SONiC,
PatternCheckGatingCompleteMaskMediaLane1,PatternCheckGatingCompleteMaskMediaLane1,0x13,209,1,0x01,Lane-banked,bool,,,,,RW,Normal,Adv,,PatternCheckGatingCompleteMaskMed iaLane<i> Per-media lane gating complete Mask. Default:1,,8-123,Not in SONiC,
PatternGeneratorLOLMaskHostLane8,PatternGeneratorLOLMaskHostLane8,0x13,210,1,0x80,Lane-banked,bool,,,,,RW,Normal,Adv,,PatternGeneratorLOLMaskHostLane<i > Per-host lane pattern generator loss of lock Mask Default:1,,8-123,Not in SONiC,
PatternGeneratorLOLMaskHostLane7,PatternGeneratorLOLMaskHostLane7,0x13,210,1,0x40,Lane-banked,bool,,,,,RW,Normal,Adv,,PatternGeneratorLOLMaskHostLane<i > Per-host lane pattern generator loss of lock Mask Default:1,,8-123,Not in SONiC,
PatternGeneratorLOLMaskHostLane6,PatternGeneratorLOLMaskHostLane6,0x13,210,1,0x20,Lane-banked,bool,,,,,RW,Normal,Adv,,PatternGeneratorLOLMaskHostLane<i > Per-host lane pattern generator loss of lock Mask Default:1,,8-123,Not in SONiC,
PatternGeneratorLOLMaskHostLane5,PatternGeneratorLOLMaskHostLane5,0x13,210,1,0x10,Lane-banked,bool,,,,,RW,Normal,Adv,,PatternGeneratorLOLMaskHostLane<i > Per-host lane pattern generator loss of lock Mask Default:1,,8-123,Not in SONiC,
PatternGeneratorLOLMaskHostLane4,PatternGeneratorLOLMaskHostLane4,0x13,210,1,0x08,Lane-banked,bool,,,,,RW,Normal,Adv,,PatternGeneratorLOLMaskHostLane<i > Per-host lane pattern generator loss of lock Mask Default:1,,8-123,Not in SONiC,
PatternGeneratorLOLMaskHostLane3,PatternGeneratorLOLMaskHostLane3,0x13,210,1,0x04,Lane-banked,bool,,,,,RW,Normal,Adv,,PatternGeneratorLOLMaskHostLane<i > Per-host lane pattern generator loss of lock Mask Default:1,,8-123,Not in SONiC,
PatternGeneratorLOLMaskHostLane2,PatternGeneratorLOLMaskHostLane2,0x13,210,1,0x02,Lane-banked,bool,,,,,RW,Normal,Adv,,PatternGeneratorLOLMaskHostLane<i > Per-host lane pattern generator loss of lock Mask Default:1,,8-123,Not in SONiC,
PatternGeneratorLOLMaskHostLane1,PatternGeneratorLOLMaskHostLane1,0x13,210,1,0x01,Lane-banked,bool,,,,,RW,Normal,Adv,,PatternGeneratorLOLMaskHostLane<i > Per-host lane pattern generator loss of lock Mask Default:1,,8-123,Not in SONiC,
PatternGeneratorLOLMaskMediaLane8,PatternGeneratorLOLMaskMediaLane8,0x13,211,1,0x80,Lane-banked,bool,,,,,RW,Normal,Adv,,PatternGeneratorLOLMaskMediaLane< i> Per-media lane pattern generator loss of lock Mask Default:1,,8-123,Not in SONiC,
PatternGeneratorLOLMaskMediaLane7,PatternGeneratorLOLMaskMediaLane7,0x13,211,1,0x40,Lane-banked,bool,,,,,RW,Normal,Adv,,PatternGeneratorLOLMaskMediaLane< i> Per-media lane pattern generator loss of lock Mask Default:1,,8-123,Not in SONiC,
PatternGeneratorLOLMaskMediaLane6,PatternGeneratorLOLMaskMediaLane6,0x13,211,1,0x20,Lane-banked,bool,,,,,RW,Normal,Adv,,PatternGeneratorLOLMaskMediaLane< i> Per-media lane pattern generator loss of lock Mask Default:1,,8-123,Not in SONiC,
PatternGeneratorLOLMaskMediaLane5,PatternGeneratorLOLMaskMediaLane5,0x13,211,1,0x10,Lane-banked,bool,,,,,RW,Normal,Adv,,PatternGeneratorLOLMaskMediaLane< i> Per-media lane pattern generator loss of lock Mask Default:1,,8-123,Not in SONiC,
PatternGeneratorLOLMaskMediaLane4,PatternGeneratorLOLMaskMediaLane4,0x13,211,1,0x08,Lane-banked,bool,,,,,RW,Normal,Adv,,PatternGeneratorLOLMaskMediaLane< i> Per-media lane pattern generator loss of lock Mask Default:1,,8-123,Not in SONiC,
PatternGeneratorLOLMaskMediaLane3,PatternGeneratorLOLMaskMediaLane3,0x13,211,1,0x04,Lane-banked,bool,,,,,RW,Normal,Adv,,PatternGeneratorLOLMaskMediaLane< i> Per-media lane pattern generator loss of lock Mask Default:1,,8-123,Not in SONiC,
PatternGeneratorLOLMaskMediaLane2,PatternGeneratorLOLMaskMediaLane2,0x13,211,1,0x02,Lane-banked,bool,,,,,RW,Normal,Adv,,PatternGeneratorLOLMaskMediaLane< i> Per-media lane pattern generator loss of lock Mask Default:1,,8-123,Not in SONiC,
PatternGeneratorLOLMaskMediaLane1,PatternGeneratorLOLMaskMediaLane1,0x13,211,1,0x01,Lane-banked,bool,,,,,RW,Normal,Adv,,PatternGeneratorLOLMaskMediaLane< i> Per-media lane pattern generator loss of lock Mask Default:1,,8-123,Not in SONiC,
PatternCheckerLOLMaskHostLane8,PatternCheckerLOLMaskHostLane8,0x13,212,1,0x80,Lane-banked,bool,,,,,RW,Normal,Adv,,PatternCheckerLOLMaskHostLane<i> Per-host lane pattern checker loss of lock Mask Default:1,,8-123,Not in SONiC,
PatternCheckerLOLMaskHostLane7,PatternCheckerLOLMaskHostLane7,0x13,212,1,0x40,Lane-banked,bool,,,,,RW,Normal,Adv,,PatternCheckerLOLMaskHostLane<i> Per-host lane pattern checker loss of lock Mask Default:1,,8-123,Not in SONiC,
PatternCheckerLOLMaskHostLane6,PatternCheckerLOLMaskHostLane6,0x13,212,1,0x20,Lane-banked,bool,,,,,RW,Normal,Adv,,PatternCheckerLOLMaskHostLane<i> Per-host lane pattern checker loss of lock Mask Default:1,,8-123,Not in SONiC,
PatternCheckerLOLMaskHostLane5,PatternCheckerLOLMaskHostLane5,0x13,212,1,0x10,Lane-banked,bool,,,,,RW,Normal,Adv,,PatternCheckerLOLMaskHostLane<i> Per-host lane pattern checker loss of lock Mask Default:1,,8-123,Not in SONiC,
PatternCheckerLOLMaskHostLane4,PatternCheckerLOLMaskHostLane4,0x13,212,1,0x08,Lane-banked,bool,,,,,RW,Normal,Adv,,PatternCheckerLOLMaskHostLane<i> Per-host lane pattern checker loss of lock Mask Default:1,,8-123,Not in SONiC,
PatternCheckerLOLMaskHostLane3,PatternCheckerLOLMaskHostLane3,0x13,212,1,0x04,Lane-banked,bool,,,,,RW,Normal,Adv,,PatternCheckerLOLMaskHostLane<i> Per-host lane pattern checker loss of lock Mask Default:1,,8-123,Not in SONiC,
PatternCheckerLOLMaskHostLane2,PatternCheckerLOLMaskHostLane2,0x13,212,1,0x02,Lane-banked,bool,,,,,RW,Normal,Adv,,PatternCheckerLOLMaskHostLane<i> Per-host lane pattern checker loss of lock Mask Default:1,,8-123,Not in SONiC,
PatternCheckerLOLMaskHostLane1,PatternCheckerLOLMaskHostLane1,0x13,212,1,0x01,Lane-banked,bool,,,,,RW,Normal,Adv,,PatternCheckerLOLMaskHostLane<i> Per-host lane pattern checker loss of lock Mask Default:1,,8-123,Not in SONiC,
PatternCheckerLOLMaskMediaLane8,PatternCheckerLOLMaskMediaLane8,0x13,213,1,0x80,Lane-banked,bool,,,,,RW,Normal,Adv,,PatternCheckerLOLMaskMediaLane<i> Per-media lane pattern checker loss of lock Mask Default:1,,8-123,Not in SONiC,
PatternCheckerLOLMaskMediaLane7,PatternCheckerLOLMaskMediaLane7,0x13,213,1,0x40,Lane-banked,bool,,,,,RW,Normal,Adv,,PatternCheckerLOLMaskMediaLane<i> Per-media lane pattern checker loss of lock Mask Default:1,,8-123,Not in SONiC,
PatternCheckerLOLMaskMediaLane6,PatternCheckerLOLMaskMediaLane6,0x13,213,1,0x20,Lane-banked,bool,,,,,RW,Normal,Adv,,PatternCheckerLOLMaskMediaLane<i> Per-media lane pattern checker loss of lock Mask Default:1,,8-123,Not in SONiC,
PatternCheckerLOLMaskMediaLane5,PatternCheckerLOLMaskMediaLane5,0x13,213,1,0x10,Lane-banked,bool,,,,,RW,Normal,Adv,,PatternCheckerLOLMaskMediaLane<i> Per-media lane pattern checker loss of lock Mask Default:1,,8-123,Not in SONiC,
PatternCheckerLOLMaskMediaLane4,PatternCheckerLOLMaskMediaLane4,0x13,213,1,0x08,Lane-banked,bool,,,,,RW,Normal,Adv,,PatternCheckerLOLMaskMediaLane<i> Per-media lane pattern checker loss of lock Mask Default:1,,8-123,Not in SONiC,
PatternCheckerLOLMaskMediaLane3,PatternCheckerLOLMaskMediaLane3,0x13,213,1,0x04,Lane-banked,bool,,,,,RW,Normal,Adv,,PatternCheckerLOLMaskMediaLane<i> Per-media lane pattern checker loss of lock Mask Default:1,,8-123,Not in SONiC,
PatternCheckerLOLMaskMediaLane2,PatternCheckerLOLMaskMediaLane2,0x13,213,1,0x02,Lane-banked,bool,,,,,RW,Normal,Adv,,PatternCheckerLOLMaskMediaLane<i> Per-media lane pattern checker loss of lock Mask Default:1,,8-123,Not in SONiC,
PatternCheckerLOLMaskMediaLane1,PatternCheckerLOLMaskMediaLane1,0x13,213,1,0x01,Lane-banked,bool,,,,,RW,Normal,Adv,,PatternCheckerLOLMaskMediaLane<i> Per-media lane pattern checker loss of lock Mask Default:1,,8-123,Not in SONiC,
Reserved.13h.214,Reserved,0x13,214,10,,Lane-banked,,,,,,RW,Normal,,,Reserved[10],,8-123,Not in SONiC,
UserPattern,UserPattern,0x13,224,32,,Lane-banked,unspecified,,,,,RW,Normal,Opt,,Host defined user pattern (32 Bytes),,8-124,Not in SONiC,
DiagnosticsSelector,DiagnosticsSelector,0x14,128,1,,Lane-banked,u8,,,,,RWW,Normal,Rqd,,"Select content of Diagnostics Data, see Table 8-127. Reverts to 0 if value not supported",,8-126,Page not in SONiC,
Reserved.14h.129,Reserved,0x14,129,1,,Lane-banked,,,,,,,,,,Reserved[1],,8-126,Page not in SONiC,
Reserved.14h.130,Reserved,0x14,130,1,,Lane-banked,,,,,,,,,,Custom[1],,8-126,Page not in SONiC,
Reserved.14h.131,Reserved,0x14,131,1,,Lane-banked,,,,,,,,,,Custom[1],,8-126,Page not in SONiC,
LossOfReferenceClockFlag,LossOfReferenceClockFlag,0x14,132,1,0x80,Lane-banked,bool,,,,,RO,ClearOnRead,Opt,,Latched loss of reference clock Flag.,,8-128,Page not in SONiC,
Reserved.14h.132,Reserved,0x14,132,1,0x7F,Lane-banked,,,,,,RO,ClearOnRead,,,Reserved,,8-128,Page not in SONiC,
Reserved.14h.133,Reserved,0x14,133,1,,Lane-banked,,,,,,RO,ClearOnRead,,,Reserved[1],,8-128,Page not in SONiC,
PatternCheckGatingCompleteFlagHostLane8,PatternCheckGatingCompleteFlagHostLane8,0x14,134,1,0x80,Lane-banked,bool,,,,,RO,ClearOnRead,Adv,,"PatternCheckGatingCompleteFlag HostLane<i> Latched per-host lane gating complete Flag. When gating is complete, this bit will be set.",,8-128,Page not in SONiC,
PatternCheckGatingCompleteFlagHostLane7,PatternCheckGatingCompleteFlagHostLane7,0x14,134,1,0x40,Lane-banked,bool,,,,,RO,ClearOnRead,Adv,,"PatternCheckGatingCompleteFlag HostLane<i> Latched per-host lane gating complete Flag. When gating is complete, this bit will be set.",,8-128,Page not in SONiC,
PatternCheckGatingCompleteFlagHostLane6,PatternCheckGatingCompleteFlagHostLane6,0x14,134,1,0x20,Lane-banked,bool,,,,,RO,ClearOnRead,Adv,,"PatternCheckGatingCompleteFlag HostLane<i> Latched per-host lane gating complete Flag. When gating is complete, this bit will be set.",,8-128,Page not in SONiC,
PatternCheckGatingCompleteFlagHostLane5,PatternCheckGatingCompleteFlagHostLane5,0x14,134,1,0x10,Lane-banked,bool,,,,,RO,ClearOnRead,Adv,,"PatternCheckGatingCompleteFlag HostLane<i> Latched per-host lane gating complete Flag. When gating is complete, this bit will be set.",,8-128,Page not in SONiC,
PatternCheckGatingCompleteFlagHostLane4,PatternCheckGatingCompleteFlagHostLane4,0x14,134,1,0x08,Lane-banked,bool,,,,,RO,ClearOnRead,Adv,,"PatternCheckGatingCompleteFlag HostLane<i> Latched per-host lane gating complete Flag. When gating is complete, this bit will be set.",,8-128,Page not in SONiC,
PatternCheckGatingCompleteFlagHostLane3,PatternCheckGatingCompleteFlagHostLane3,0x14,134,1,0x04,Lane-banked,bool,,,,,RO,ClearOnRead,Adv,,"PatternCheckGatingCompleteFlag HostLane<i> Latched per-host lane gating complete Flag. When gating is complete, this bit will be set.",,8-128,Page not in SONiC,
PatternCheckGatingCompleteFlagHostLane2,PatternCheckGatingCompleteFlagHostLane2,0x14,134,1,0x02,Lane-banked,bool,,,,,RO,ClearOnRead,Adv,,"PatternCheckGatingCompleteFlag HostLane<i> Latched per-host lane gating complete Flag. When gating is complete, this bit will be set.",,8-128,Page not in SONiC,
PatternCheckGatingCompleteFlagHostLane1,PatternCheckGatingCompleteFlagHostLane1,0x14,134,1,0x01,Lane-banked,bool,,,,,RO,ClearOnRead,Adv,,"PatternCheckGatingCompleteFlag HostLane<i> Latched per-host lane gating complete Flag. When gating is complete, this bit will be set.",,8-128,Page not in SONiC,
PatternCheckGatingCompleteFlagMediaLane8,PatternCheckGatingCompleteFlagMediaLane8,0x14,135,1,0x80,Lane-banked,bool,,,,,RO,ClearOnRead,Adv,,"PatternCheckGatingCompleteFlag MediaLane<i> Latched per-media lane gating complete Flag. When gating is complete, this bit will be set.",,8-128,Page not in SONiC,
PatternCheckGatingCompleteFlagMediaLane7,PatternCheckGatingCompleteFlagMediaLane7,0x14,135,1,0x40,Lane-banked,bool,,,,,RO,ClearOnRead,Adv,,"PatternCheckGatingCompleteFlag MediaLane<i> Latched per-media lane gating complete Flag. When gating is complete, this bit will be set.",,8-128,Page not in SONiC,
PatternCheckGatingCompleteFlagMediaLane6,PatternCheckGatingCompleteFlagMediaLane6,0x14,135,1,0x20,Lane-banked,bool,,,,,RO,ClearOnRead,Adv,,"PatternCheckGatingCompleteFlag MediaLane<i> Latched per-media lane gating complete Flag. When gating is complete, this bit will be set.",,8-128,Page not in SONiC,
PatternCheckGatingCompleteFlagMediaLane5,PatternCheckGatingCompleteFlagMediaLane5,0x14,135,1,0x10,Lane-banked,bool,,,,,RO,ClearOnRead,Adv,,"PatternCheckGatingCompleteFlag MediaLane<i> Latched per-media lane gating complete Flag. When gating is complete, this bit will be set.",,8-128,Page not in SONiC,
PatternCheckGatingCompleteFlagMediaLane4,PatternCheckGatingCompleteFlagMediaLane4,0x14,135,1,0x08,Lane-banked,bool,,,,,RO,ClearOnRead,Adv,,"PatternCheckGatingCompleteFlag MediaLane<i> Latched per-media lane gating complete Flag. When gating is complete, this bit will be set.",,8-128,Page not in SONiC,
PatternCheckGatingCompleteFlagMediaLane3,PatternCheckGatingCompleteFlagMediaLane3,0x14,135,1,0x04,Lane-banked,bool,,,,,RO,ClearOnRead,Adv,,"PatternCheckGatingCompleteFlag MediaLane<i> Latched per-media lane gating complete Flag. When gating is complete, this bit will be set.",,8-128,Page not in SONiC,
PatternCheckGatingCompleteFlagMediaLane2,PatternCheckGatingCompleteFlagMediaLane2,0x14,135,1,0x02,Lane-banked,bool,,,,,RO,ClearOnRead,Adv,,"PatternCheckGatingCompleteFlag MediaLane<i> Latched per-media lane gating complete Flag. When gating is complete, this bit will be set.",,8-128,Page not in SONiC,
PatternCheckGatingCompleteFlagMediaLane1,PatternCheckGatingCompleteFlagMediaLane1,0x14,135,1,0x01,Lane-banked,bool,,,,,RO,ClearOnRead,Adv,,"PatternCheckGatingCompleteFlag MediaLane<i> Latched per-media lane gating complete Flag. When gating is complete, this bit will be set.",,8-128,Page not in SONiC,
PatternGeneratorLOLFlagHostLane8,PatternGeneratorLOLFlagHostLane8,0x14,136,1,0x80,Lane-banked,bool,,,,,RO,ClearOnRead,Adv,,PatternGeneratorLOLFlagHostLan e<i> Latched per-host lane pattern generator failure Flag. Indicates that the generator has failed to generate a valid pattern.,,8-128,Page not in SONiC,
PatternGeneratorLOLFlagHostLane7,PatternGeneratorLOLFlagHostLane7,0x14,136,1,0x40,Lane-banked,bool,,,,,RO,ClearOnRead,Adv,,PatternGeneratorLOLFlagHostLan e<i> Latched per-host lane pattern generator failure Flag. Indicates that the generator has failed to generate a valid pattern.,,8-128,Page not in SONiC,
PatternGeneratorLOLFlagHostLane6,PatternGeneratorLOLFlagHostLane6,0x14,136,1,0x20,Lane-banked,bool,,,,,RO,ClearOnRead,Adv,,PatternGeneratorLOLFlagHostLan e<i> Latched per-host lane pattern generator failure Flag. Indicates that the generator has failed to generate a valid pattern.,,8-128,Page not in SONiC,
PatternGeneratorLOLFlagHostLane5,PatternGeneratorLOLFlagHostLane5,0x14,136,1,0x10,Lane-banked,bool,,,,,RO,ClearOnRead,Adv,,PatternGeneratorLOLFlagHostLan e<i> Latched per-host lane pattern generator failure Flag. Indicates that the generator has failed to generate a valid pattern.,,8-128,Page not in SONiC,
PatternGeneratorLOLFlagHostLane4,PatternGeneratorLOLFlagHostLane4,0x14,136,1,0x08,Lane-banked,bool,,,,,RO,ClearOnRead,Adv,,PatternGeneratorLOLFlagHostLan e<i> Latched per-host lane pattern generator failure Flag. Indicates that the generator has failed to generate a valid pattern.,,8-128,Page not in SONiC,
PatternGeneratorLOLFlagHostLane3,PatternGeneratorLOLFlagHostLane3,0x14,136,1,0x04,Lane-banked,bool,,,,,RO,ClearOnRead,Adv,,PatternGeneratorLOLFlagHostLan e<i> Latched per-host lane pattern generator failure Flag. Indicates that the generator has failed to generate a valid pattern.,,8-128,Page not in SONiC,
PatternGeneratorLOLFlagHostLane2,PatternGeneratorLOLFlagHostLane2,0x14,136,1,0x02,Lane-banked,bool,,,,,RO,ClearOnRead,Adv,,PatternGeneratorLOLFlagHostLan e<i> Latched per-host lane pattern generator failure Flag. Indicates that the generator has failed to generate a valid pattern.,,8-128,Page not in SONiC,
PatternGeneratorLOLFlagHostLane1,PatternGeneratorLOLFlagHostLane1,0x14,136,1,0x01,Lane-banked,bool,,,,,RO,ClearOnRead,Adv,,PatternGeneratorLOLFlagHostLan e<i> Latched per-host lane pattern generator failure Flag. Indicates that the generator has failed to generate a valid pattern.,,8-128,Page not in SONiC,
PatternGeneratorLOLFlagMediaLane8,PatternGeneratorLOLFlagMediaLane8,0x14,137,1,0x80,Lane-banked,bool,,,,,RO,ClearOnRead,Adv,,PatternGeneratorLOLFlagMediaLa ne<i> Latched per-media lane pattern generator failure Flag. Indicates that the generator has failed to generate a valid pattern.,,8-128,Page not in SONiC,
PatternGeneratorLOLFlagMediaLane7,PatternGeneratorLOLFlagMediaLane7,0x14,137,1,0x40,Lane-banked,bool,,,,,RO,ClearOnRead,Adv,,PatternGeneratorLOLFlagMediaLa ne<i> Latched per-media lane pattern generator failure Flag. Indicates that the generator has failed to generate a valid pattern.,,8-128,Page not in SONiC,
PatternGeneratorLOLFlagMediaLane6,PatternGeneratorLOLFlagMediaLane6,0x14,137,1,0x20,Lane-banked,bool,,,,,RO,ClearOnRead,Adv,,PatternGeneratorLOLFlagMediaLa ne<i> Latched per-media lane pattern generator failure Flag. Indicates that the generator has failed to generate a valid pattern.,,8-128,Page not in SONiC,
PatternGeneratorLOLFlagMediaLane5,PatternGeneratorLOLFlagMediaLane5,0x14,137,1,0x10,Lane-banked,bool,,,,,RO,ClearOnRead,Adv,,PatternGeneratorLOLFlagMediaLa ne<i> Latched per-media lane pattern generator failure Flag. Indicates that the generator has failed to generate a valid pattern.,,8-128,Page not in SONiC,
PatternGeneratorLOLFlagMediaLane4,PatternGeneratorLOLFlagMediaLane4,0x14,137,1,0x08,Lane-banked,bool,,,,,RO,ClearOnRead,Adv,,PatternGeneratorLOLFlagMediaLa ne<i> Latched per-media lane pattern generator failure Flag. Indicates that the generator has failed to generate a valid pattern.,,8-128,Page not in SONiC,
PatternGeneratorLOLFlagMediaLane3,PatternGeneratorLOLFlagMediaLane3,0x14,137,1,0x04,Lane-banked,bool,,,,,RO,ClearOnRead,Adv,,PatternGeneratorLOLFlagMediaLa ne<i> Latched per-media lane pattern generator failure Flag. Indicates that the generator has failed to generate a valid pattern.,,8-128,Page not in SONiC,
PatternGeneratorLOLFlagMediaLane2,PatternGeneratorLOLFlagMediaLane2,0x14,137,1,0x02,Lane-banked,bool,,,,,RO,ClearOnRead,Adv,,PatternGeneratorLOLFlagMediaLa ne<i> Latched per-media lane pattern generator failure Flag. Indicates that the generator has failed to generate a valid pattern.,,8-128,Page not in SONiC,
PatternGeneratorLOLFlagMediaLane1,PatternGeneratorLOLFlagMediaLane1,0x14,137,1,0x01,Lane-banked,bool,,,,,RO,ClearOnRead,Adv,,PatternGeneratorLOLFlagMediaLa ne<i> Latched per-media lane pattern generator failure Flag. Indicates that the generator has failed to generate a valid pattern.,,8-128,Page not in SONiC,
PatternCheckerLOLFlagHostLane8,PatternCheckerLOLFlagHostLane8,0x14,138,1,0x80,Lane-banked,bool,,,,,RO,ClearOnRead,Adv,,PatternCheckerLOLFlagHostLane< i> Latched per-host lane pattern checker loss of pattern lock Flag.,,8-128,Page not in SONiC,
PatternCheckerLOLFlagHostLane7,PatternCheckerLOLFlagHostLane7,0x14,138,1,0x40,Lane-banked,bool,,,,,RO,ClearOnRead,Adv,,PatternCheckerLOLFlagHostLane< i> Latched per-host lane pattern checker loss of pattern lock Flag.,,8-128,Page not in SONiC,
PatternCheckerLOLFlagHostLane6,PatternCheckerLOLFlagHostLane6,0x14,138,1,0x20,Lane-banked,bool,,,,,RO,ClearOnRead,Adv,,PatternCheckerLOLFlagHostLane< i> Latched per-host lane pattern checker loss of pattern lock Flag.,,8-128,Page not in SONiC,
PatternCheckerLOLFlagHostLane5,PatternCheckerLOLFlagHostLane5,0x14,138,1,0x10,Lane-banked,bool,,,,,RO,ClearOnRead,Adv,,PatternCheckerLOLFlagHostLane< i> Latched per-host lane pattern checker loss of pattern lock Flag.,,8-128,Page not in SONiC,
PatternCheckerLOLFlagHostLane4,PatternCheckerLOLFlagHostLane4,0x14,138,1,0x08,Lane-banked,bool,,,,,RO,ClearOnRead,Adv,,PatternCheckerLOLFlagHostLane< i> Latched per-host lane pattern checker loss of pattern lock Flag.,,8-128,Page not in SONiC,
PatternCheckerLOLFlagHostLane3,PatternCheckerLOLFlagHostLane3,0x14,138,1,0x04,Lane-banked,bool,,,,,RO,ClearOnRead,Adv,,PatternCheckerLOLFlagHostLane< i> Latched per-host lane pattern checker loss of pattern lock Flag.,,8-128,Page not in SONiC,
PatternCheckerLOLFlagHostLane2,PatternCheckerLOLFlagHostLane2,0x14,138,1,0x02,Lane-banked,bool,,,,,RO,ClearOnRead,Adv,,PatternCheckerLOLFlagHostLane< i> Latched per-host lane pattern checker loss of pattern lock Flag.,,8-128,Page not in SONiC,
PatternCheckerLOLFlagHostLane1,PatternCheckerLOLFlagHostLane1,0x14,138,1,0x01,Lane-banked,bool,,,,,RO,ClearOnRead,Adv,,PatternCheckerLOLFlagHostLane< i> Latched per-host lane pattern checker loss of pattern lock Flag.,,8-128,Page not in SONiC,
PatternCheckerLOLFlagMediaLane8,PatternCheckerLOLFlagMediaLane8,0x14,139,1,0x80,Lane-banked,bool,,,,,RO,ClearOnRead,Adv,,PatternCheckerLOLFlagMediaLane <i> Latched per-media lane pattern checker loss of pattern lock Flag.,,8-128,Page not in SONiC,
PatternCheckerLOLFlagMediaLane7,PatternCheckerLOLFlagMediaLane7,0x14,139,1,0x40,Lane-banked,bool,,,,,RO,ClearOnRead,Adv,,PatternCheckerLOLFlagMediaLane <i> Latched per-media lane pattern checker loss of pattern lock Flag.,,8-128,Page not in SONiC,
PatternCheckerLOLFlagMediaLane6,PatternCheckerLOLFlagMediaLane6,0x14,139,1,0x20,Lane-banked,bool,,,,,RO,ClearOnRead,Adv,,PatternCheckerLOLFlagMediaLane <i> Latched per-media lane pattern checker loss of pattern lock Flag.,,8-128,Page not in SONiC,
PatternCheckerLOLFlagMediaLane5,PatternCheckerLOLFlagMediaLane5,0x14,139,1,0x10,Lane-banked,bool,,,,,RO,ClearOnRead,Adv,,PatternCheckerLOLFlagMediaLane <i> Latched per-media lane pattern checker loss of pattern lock Flag.,,8-128,Page not in SONiC,
PatternCheckerLOLFlagMediaLane4,PatternCheckerLOLFlagMediaLane4,0x14,139,1,0x08,Lane-banked,bool,,,,,RO,ClearOnRead,Adv,,PatternCheckerLOLFlagMediaLane <i> Latched per-media lane pattern checker loss of pattern lock Flag.,,8-128,Page not in SONiC,
PatternCheckerLOLFlagMediaLane3,PatternCheckerLOLFlagMediaLane3,0x14,139,1,0x04,Lane-banked,bool,,,,,RO,ClearOnRead,Adv,,PatternCheckerLOLFlagMediaLane <i> Latched per-media lane pattern checker loss of pattern lock Flag.,,8-128,Page not in SONiC,
PatternCheckerLOLFlagMediaLane2,PatternCheckerLOLFlagMediaLane2,0x14,139,1,0x02,Lane-banked,bool,,,,,RO,ClearOnRead,Adv,,PatternCheckerLOLFlagMediaLane <i> Latched per-media lane pattern checker loss of pattern lock Flag.,,8-128,Page not in SONiC,
PatternCheckerLOLFlagMediaLane1,PatternCheckerLOLFlagMediaLane1,0x14,139,1,0x01,Lane-banked,bool,,,,,RO,ClearOnRead,Adv,,PatternCheckerLOLFlagMediaLane <i> Latched per-media lane pattern checker loss of pattern lock Flag.,,8-128,Page not in SONiC,
Reserved.14h.140,Reserved,0x14,140,10,,Lane-banked,,,,,,,,,,Reserved[10],,8-128,Page not in SONiC,
Reserved.14h.192.0xFF_0xFF_0xFF_0xFF_0xFF_0xFF_0xFF_0xFF_0xFF_0xFF_0xFF_0xFF_0xFF_0xFF_0xFF_0xFF_0xFF_0xFF_0xFF_0xFF_0xFF_0xFF_0xFF_0xFF_0xFF_0xFF_0xFF_0xFF_0xFF_0xFF_0xFF_0xFF_0xFF_0xFF_0xFF_0xFF_0xFF_0xFF_0xFF_0xFF_0xFF_0xFF_0xFF_0xFF_0xFF_0xFF_0xFF_0xFF_0xFF_0xFF_0xFF_0xFF_0xFF_0xFF_0xFF_0xFF_0xFF_0xFF_0xFF_0xFF_0xFF_0xFF_0xFF_0xFF,Reserved,0x14,192,64,,Lane-banked,,,,,,RO,Normal,,DiagnosticsSelector=00h,Reserved,,8-129,Page not in SONiC,
HostSideBERLane1,HostSideBERLane1,0x14,192,2,,Lane-banked,f16,,,Big-endian,F16 floating-point encoding (CMIS F16 format),RO,Normal,,DiagnosticsSelector=01h,F16 BER of host and media lanes 1-8 (periodically updated while gating),,8-129,Page not in SONiC,
HostSideBERLane2,HostSideBERLane2,0x14,194,2,,Lane-banked,bool,,,Big-endian,F16 floating-point encoding (CMIS F16 format),RO,Normal,,DiagnosticsSelector=01h,F16 BER of host and media lanes 1-8 (periodically updated while gating),,8-129,Page not in SONiC,
HostSideBERLane3,HostSideBERLane3,0x14,196,2,,Lane-banked,bool,,,Big-endian,F16 floating-point encoding (CMIS F16 format),RO,Normal,,DiagnosticsSelector=01h,F16 BER of host and media lanes 1-8 (periodically updated while gating),,8-129,Page not in SONiC,
HostSideBERLane4,HostSideBERLane4,0x14,198,2,,Lane-banked,bool,,,Big-endian,F16 floating-point encoding (CMIS F16 format),RO,Normal,,DiagnosticsSelector=01h,F16 BER of host and media lanes 1-8 (periodically updated while gating),,8-129,Page not in SONiC,
HostSideBERLane5,HostSideBERLane5,0x14,200,2,,Lane-banked,bool,,,Big-endian,F16 floating-point encoding (CMIS F16 format),RO,Normal,,DiagnosticsSelector=01h,F16 BER of host and media lanes 1-8 (periodically updated while gating),,8-129,Page not in SONiC,
HostSideBERLane6,HostSideBERLane6,0x14,202,2,,Lane-banked,bool,,,Big-endian,F16 floating-point encoding (CMIS F16 format),RO,Normal,,DiagnosticsSelector=01h,F16 BER of host and media lanes 1-8 (periodically updated while gating),,8-129,Page not in SONiC,
HostSideBERLane7,HostSideBERLane7,0x14,204,2,,Lane-banked,bool,,,Big-endian,F16 floating-point encoding (CMIS F16 format),RO,Normal,,DiagnosticsSelector=01h,F16 BER of host and media lanes 1-8 (periodically updated while gating),,8-129,Page not in SONiC,
HostSideBERLane8,HostSideBERLane8,0x14,206,2,,Lane-banked,bool,,,Big-endian,F16 floating-point encoding (CMIS F16 format),RO,Normal,,DiagnosticsSelector=01h,F16 BER of host and media lanes 1-8 (periodically updated while gating),,8-129,Page not in SONiC,
MediaSideBERLane1,MediaSideBERLane1,0x14,208,2,,Lane-banked,bool,,,Big-endian,F16 floating-point encoding (CMIS F16 format),RO,Normal,,DiagnosticsSelector=01h,F16 BER of host and media lanes 1-8 (periodically updated while gating),,8-129,Page not in SONiC,
MediaSideBERLane2,MediaSideBERLane2,0x14,210,2,,Lane-banked,bool,,,Big-endian,F16 floating-point encoding (CMIS F16 format),RO,Normal,,DiagnosticsSelector=01h,F16 BER of host and media lanes 1-8 (periodically updated while gating),,8-129,Page not in SONiC,
MediaSideBERLane3,MediaSideBERLane3,0x14,212,2,,Lane-banked,bool,,,Big-endian,F16 floating-point encoding (CMIS F16 format),RO,Normal,,DiagnosticsSelector=01h,F16 BER of host and media lanes 1-8 (periodically updated while gating),,8-129,Page not in SONiC,
MediaSideBERLane4,MediaSideBERLane4,0x14,214,2,,Lane-banked,bool,,,Big-endian,F16 floating-point encoding (CMIS F16 format),RO,Normal,,DiagnosticsSelector=01h,F16 BER of host and media lanes 1-8 (periodically updated while gating),,8-129,Page not in SONiC,
MediaSideBERLane5,MediaSideBERLane5,0x14,216,2,,Lane-banked,bool,,,Big-endian,F16 floating-point encoding (CMIS F16 format),RO,Normal,,DiagnosticsSelector=01h,F16 BER of host and media lanes 1-8 (periodically updated while gating),,8-129,Page not in SONiC,
MediaSideBERLane6,MediaSideBERLane6,0x14,218,2,,Lane-banked,bool,,,Big-endian,F16 floating-point encoding (CMIS F16 format),RO,Normal,,DiagnosticsSelector=01h,F16 BER of host and media lanes 1-8 (periodically updated while gating),,8-129,Page not in SONiC,
MediaSideBERLane7,MediaSideBERLane7,0x14,220,2,,Lane-banked,bool,,,Big-endian,F16 floating-point encoding (CMIS F16 format),RO,Normal,,DiagnosticsSelector=01h,F16 BER of host and media lanes 1-8 (periodically updated while gating),,8-129,Page not in SONiC,
MediaSideBERLane8,MediaSideBERLane8,0x14,222,2,,Lane-banked,bool,,,Big-endian,F16 floating-point encoding (CMIS F16 format),RO,Normal,,DiagnosticsSelector=01h,F16 BER of host and media lanes 1-8 (periodically updated while gating),,8-129,Page not in SONiC,
HostSideErrorCountLane1,HostSideErrorCountLane1,0x14,192,8,,Lane-banked,u64,,,Little-endian,,RO,Normal,,DiagnosticsSelector=02h,U64 Little-endian (LSB first) Counters for host lanes 1-4 (periodically updated while gating),,8-129,Page not in SONiC,
HostTotalBitsCountLane1,HostTotalBitsCountLane1,0x14,200,8,,Lane-banked,u64,,,Little-endian,,RO,Normal,,DiagnosticsSelector=02h,U64 Little-endian (LSB first) Counters for host lanes 1-4 (periodically updated while gating),,8-129,Page not in SONiC,
HostSideErrorCountLane2,HostSideErrorCountLane2,0x14,208,8,,Lane-banked,u64,,,Little-endian,,RO,Normal,,DiagnosticsSelector=02h,U64 Little-endian (LSB first) Counters for host lanes 1-4 (periodically updated while gating),,8-129,Page not in SONiC,
HostTotalBitsCountLane2,HostTotalBitsCountLane2,0x14,216,8,,Lane-banked,u64,,,Little-endian,,RO,Normal,,DiagnosticsSelector=02h,U64 Little-endian (LSB first) Counters for host lanes 1-4 (periodically updated while gating),,8-129,Page not in SONiC,
HostSideErrorCountLane3,HostSideErrorCountLane3,0x14,224,8,,Lane-banked,unspecified,,,,,RO,Normal,,DiagnosticsSelector=02h,Note: Odd TotalBits counter values indicate transient or permanent pattern sync loss during the accumulation period.,,8-129,Page not in SONiC,
HostTotalBitsCountLane3,HostTotalBitsCountLane3,0x14,232,8,,Lane-banked,unspecified,,,,,RO,Normal,,DiagnosticsSelector=02h,Note: Odd TotalBits counter values indicate transient or permanent pattern sync loss during the accumulation period.,,8-129,Page not in SONiC,
HostSideErrorCountLane4,HostSideErrorCountLane4,0x14,240,8,,Lane-banked,unspecified,,,,,RO,Normal,,DiagnosticsSelector=02h,Note: Odd TotalBits counter values indicate transient or permanent pattern sync loss during the accumulation period.,,8-129,Page not in SONiC,
HostTotalBitsCountLane4,HostTotalBitsCountLane4,0x14,248,8,,Lane-banked,unspecified,,,,,RO,Normal,,DiagnosticsSelector=02h,Note: Odd TotalBits counter values indicate transient or permanent pattern sync loss during the accumulation period.,,8-129,Page not in SONiC,
HostSideErrorCountLane5,HostSideErrorCountLane5,0x14,192,8,,Lane-banked,u64,,,Little-endian,,RO,Normal,,DiagnosticsSelector=03h,U64 Little-endian (LSB first) Counters for host lanes 5-8 (periodically updated while gating) Note: Odd TotalBits counter values indicate transient or permanent pattern sync loss during the accumulation period.,,8-129,Page not in SONiC,
HostTotalBitsCountLane5,HostTotalBitsCountLane5,0x14,200,8,,Lane-banked,u64,,,Little-endian,,RO,Normal,,DiagnosticsSelector=03h,U64 Little-endian (LSB first) Counters for host lanes 5-8 (periodically updated while gating) Note: Odd TotalBits counter values indicate transient or permanent pattern sync loss during the accumulation period.,,8-129,Page not in SONiC,
HostSideErrorCountLane6,HostSideErrorCountLane6,0x14,208,8,,Lane-banked,u64,,,Little-endian,,RO,Normal,,DiagnosticsSelector=03h,U64 Little-endian (LSB first) Counters for host lanes 5-8 (periodically updated while gating) Note: Odd TotalBits counter values indicate transient or permanent pattern sync loss during the accumulation period.,,8-129,Page not in SONiC,
HostTotalBitsCountLane6,HostTotalBitsCountLane6,0x14,216,8,,Lane-banked,u64,,,Little-endian,,RO,Normal,,DiagnosticsSelector=03h,U64 Little-endian (LSB first) Counters for host lanes 5-8 (periodically updated while gating) Note: Odd TotalBits counter values indicate transient or permanent pattern sync loss during the accumulation period.,,8-129,Page not in SONiC,
HostSideErrorCountLane7,HostSideErrorCountLane7,0x14,224,8,,Lane-banked,u64,,,Little-endian,,RO,Normal,,DiagnosticsSelector=03h,U64 Little-endian (LSB first) Counters for host lanes 5-8 (periodically updated while gating) Note: Odd TotalBits counter values indicate transient or permanent pattern sync loss during the accumulation period.,,8-129,Page not in SONiC,
HostTotalBitsCountLane7,HostTotalBitsCountLane7,0x14,232,8,,Lane-banked,u64,,,Little-endian,,RO,Normal,,DiagnosticsSelector=03h,U64 Little-endian (LSB first) Counters for host lanes 5-8 (periodically updated while gating) Note: Odd TotalBits counter values indicate transient or permanent pattern sync loss during the accumulation period.,,8-129,Page not in SONiC,
HostSideErrorCountLane8,HostSideErrorCountLane8,0x14,240,8,,Lane-banked,u64,,,Little-endian,,RO,Normal,,DiagnosticsSelector=03h,U64 Little-endian (LSB first) Counters for host lanes 5-8 (periodically updated while gating) Note: Odd TotalBits counter values indicate transient or permanent pattern sync loss during the accumulation period.,,8-129,Page not in SONiC,
HostTotalBitsCountLane8,HostTotalBitsCountLane8,0x14,248,8,,Lane-banked,u64,,,Little-endian,,RO,Normal,,DiagnosticsSelector=03h,U64 Little-endian (LSB first) Counters for host lanes 5-8 (periodically updated while gating) Note: Odd TotalBits counter values indicate transient or permanent pattern sync loss during the accumulation period.,,8-129,Page not in SONiC,
MediaSideErrorCountLane1,MediaSideErrorCountLane1,0x14,192,8,,Lane-banked,u64,,,Little-endian,,RO,Normal,,DiagnosticsSelector=04h,U64 Little-endian (LSB first) Counters for media lanes 1-4 (periodically updated while gating) Note: Odd TotalBits counter values indicate transient or permanent pattern sync loss during the accumulation period.,,8-129,Page not in SONiC,
MediaSideTotalBitsCountLane1,MediaSideTotalBitsCountLane1,0x14,200,8,,Lane-banked,u64,,,Little-endian,,RO,Normal,,DiagnosticsSelector=04h,U64 Little-endian (LSB first) Counters for media lanes 1-4 (periodically updated while gating) Note: Odd TotalBits counter values indicate transient or permanent pattern sync loss during the accumulation period.,,8-129,Page not in SONiC,
MediaSideErrorCountLane2,MediaSideErrorCountLane2,0x14,208,8,,Lane-banked,u64,,,Little-endian,,RO,Normal,,DiagnosticsSelector=04h,U64 Little-endian (LSB first) Counters for media lanes 1-4 (periodically updated while gating) Note: Odd TotalBits counter values indicate transient or permanent pattern sync loss during the accumulation period.,,8-129,Page not in SONiC,
MediaSideTotalBitsCountLane2,MediaSideTotalBitsCountLane2,0x14,216,8,,Lane-banked,u64,,,Little-endian,,RO,Normal,,DiagnosticsSelector=04h,U64 Little-endian (LSB first) Counters for media lanes 1-4 (periodically updated while gating) Note: Odd TotalBits counter values indicate transient or permanent pattern sync loss during the accumulation period.,,8-129,Page not in SONiC,
MediaSideErrorCountLane3,MediaSideErrorCountLane3,0x14,224,8,,Lane-banked,u64,,,Little-endian,,RO,Normal,,DiagnosticsSelector=04h,U64 Little-endian (LSB first) Counters for media lanes 1-4 (periodically updated while gating) Note: Odd TotalBits counter values indicate transient or permanent pattern sync loss during the accumulation period.,,8-129,Page not in SONiC,
MediaSideTotalBitsCountLane3,MediaSideTotalBitsCountLane3,0x14,232,8,,Lane-banked,u64,,,Little-endian,,RO,Normal,,DiagnosticsSelector=04h,U64 Little-endian (LSB first) Counters for media lanes 1-4 (periodically updated while gating) Note: Odd TotalBits counter values indicate transient or permanent pattern sync loss during the accumulation period.,,8-129,Page not in SONiC,
MediaSideErrorCountLane4,MediaSideErrorCountLane4,0x14,240,8,,Lane-banked,u64,,,Little-endian,,RO,Normal,,DiagnosticsSelector=04h,U64 Little-endian (LSB first) Counters for media lanes 1-4 (periodically updated while gating) Note: Odd TotalBits counter values indicate transient or permanent pattern sync loss during the accumulation period.,,8-129,Page not in SONiC,
MediaSideTotalBitsCountLane4,MediaSideTotalBitsCountLane4,0x14,248,8,,Lane-banked,u64,,,Little-endian,,RO,Normal,,DiagnosticsSelector=04h,U64 Little-endian (LSB first) Counters for media lanes 1-4 (periodically updated while gating) Note: Odd TotalBits counter values indicate transient or permanent pattern sync loss during the accumulation period.,,8-129,Page not in SONiC,
MediaSideErrorCountLane5,MediaSideErrorCountLane5,0x14,192,8,,Lane-banked,u64,,,Little-endian,,RO,Normal,,DiagnosticsSelector=05h,U64 Little-endian (LSB first) Counters for media lanes 5-8 (periodically updated while gating) Note: Odd TotalBits counter values indicate transient or permanent pattern sync loss during the accumulation period.,,8-129,Page not in SONiC,
MediaSideTotalBitsCountLane5,MediaSideTotalBitsCountLane5,0x14,200,8,,Lane-banked,u64,,,Little-endian,,RO,Normal,,DiagnosticsSelector=05h,U64 Little-endian (LSB first) Counters for media lanes 5-8 (periodically updated while gating) Note: Odd TotalBits counter values indicate transient or permanent pattern sync loss during the accumulation period.,,8-129,Page not in SONiC,
MediaSideErrorCountLane6,MediaSideErrorCountLane6,0x14,208,8,,Lane-banked,u64,,,Little-endian,,RO,Normal,,DiagnosticsSelector=05h,U64 Little-endian (LSB first) Counters for media lanes 5-8 (periodically updated while gating) Note: Odd TotalBits counter values indicate transient or permanent pattern sync loss during the accumulation period.,,8-129,Page not in SONiC,
MediaSideTotalBitsCountLane6,MediaSideTotalBitsCountLane6,0x14,216,8,,Lane-banked,u64,,,Little-endian,,RO,Normal,,DiagnosticsSelector=05h,U64 Little-endian (LSB first) Counters for media lanes 5-8 (periodically updated while gating) Note: Odd TotalBits counter values indicate transient or permanent pattern sync loss during the accumulation period.,,8-129,Page not in SONiC,
MediaSideErrorCountLane7,MediaSideErrorCountLane7,0x14,224,8,,Lane-banked,u64,,,Little-endian,,RO,Normal,,DiagnosticsSelector=05h,U64 Little-endian (LSB first) Counters for media lanes 5-8 (periodically updated while gating) Note: Odd TotalBits counter values indicate transient or permanent pattern sync loss during the accumulation period.,,8-129,Page not in SONiC,
MediaSideTotalBitsCountLane7,MediaSideTotalBitsCountLane7,0x14,232,8,,Lane-banked,u64,,,Little-endian,,RO,Normal,,DiagnosticsSelector=05h,U64 Little-endian (LSB first) Counters for media lanes 5-8 (periodically updated while gating) Note: Odd TotalBits counter values indicate transient or permanent pattern sync loss during the accumulation period.,,8-129,Page not in SONiC,
MediaSideErrorCountLane8,MediaSideErrorCountLane8,0x14,240,8,,Lane-banked,u64,,,Little-endian,,RO,Normal,,DiagnosticsSelector=05h,U64 Little-endian (LSB first) Counters for media lanes 5-8 (periodically updated while gating) Note: Odd TotalBits counter values indicate transient or permanent pattern sync loss during the accumulation period.,,8-129,Page not in SONiC,
MediaSideTotalBitsCountLane8,MediaSideTotalBitsCountLane8,0x14,248,8,,Lane-banked,u64,,,Little-endian,,RO,Normal,,DiagnosticsSelector=05h,U64 Little-endian (LSB first) Counters for media lanes 5-8 (periodically updated while gating) Note: Odd TotalBits counter values indicate transient or permanent pattern sync loss during the accumulation period.,,8-129,Page not in SONiC,
Reserved.14h.192.0xFF_0xFF,Reserved,0x14,192,2,,Lane-banked,,,,,,RO,Normal,,DiagnosticsSelector=06h,Reserved,,8-129,Page not in SONiC,
Reserved.14h.194,Reserved,0x14,194,2,,Lane-banked,,,,,,RO,Normal,,DiagnosticsSelector=06h,Reserved,,8-129,Page not in SONiC,
Reserved.14h.196,Reserved,0x14,196,2,,Lane-banked,,,,,,RO,Normal,,DiagnosticsSelector=06h,Reserved,,8-129,Page not in SONiC,
Reserved.14h.198,Reserved,0x14,198,2,,Lane-banked,,,,,,RO,Normal,,DiagnosticsSelector=06h,Reserved,,8-129,Page not in SONiC,
Reserved.14h.200,Reserved,0x14,200,2,,Lane-banked,,,,,,RO,Normal,,DiagnosticsSelector=06h,Reserved,,8-129,Page not in SONiC,
Reserved.14h.202,Reserved,0x14,202,2,,Lane-banked,,,,,,RO,Normal,,DiagnosticsSelector=06h,Reserved,,8-129,Page not in SONiC,
Reserved.14h.204,Reserved,0x14,204,2,,Lane-banked,,,,,,RO,Normal,,DiagnosticsSelector=06h,Reserved,,8-129,Page not in SONiC,
Reserved.14h.206,Reserved,0x14,206,2,,Lane-banked,,,,,,RO,Normal,,DiagnosticsSelector=06h,Reserved,,8-129,Page not in SONiC,
HostSideSNRLane1,HostSideSNRLane1,0x14,208,2,,Lane-banked,u16,dB,0.00390625,Little-endian,,RO,Normal,,DiagnosticsSelector=06h,U16 Little-endian in units of 1/256dB SNR(dB) for host lanes 1-8 (real time status) See section 7.1.4 for a definition.,,8-129,Page not in SONiC,
HostSideSNRLane2,HostSideSNRLane2,0x14,210,2,,Lane-banked,bool,dB,0.00390625,Little-endian,,RO,Normal,,DiagnosticsSelector=06h,U16 Little-endian in units of 1/256dB SNR(dB) for host lanes 1-8 (real time status) See section 7.1.4 for a definition.,,8-129,Page not in SONiC,
HostSideSNRLane3,HostSideSNRLane3,0x14,212,2,,Lane-banked,bool,dB,0.00390625,Little-endian,,RO,Normal,,DiagnosticsSelector=06h,U16 Little-endian in units of 1/256dB SNR(dB) for host lanes 1-8 (real time status) See section 7.1.4 for a definition.,,8-129,Page not in SONiC,
HostSideSNRLane4,HostSideSNRLane4,0x14,214,2,,Lane-banked,bool,dB,0.00390625,Little-endian,,RO,Normal,,DiagnosticsSelector=06h,U16 Little-endian in units of 1/256dB SNR(dB) for host lanes 1-8 (real time status) See section 7.1.4 for a definition.,,8-129,Page not in SONiC,
HostSideSNRLane5,HostSideSNRLane5,0x14,216,2,,Lane-banked,bool,dB,0.00390625,Little-endian,,RO,Normal,,DiagnosticsSelector=06h,U16 Little-endian in units of 1/256dB SNR(dB) for host lanes 1-8 (real time status) See section 7.1.4 for a definition.,,8-129,Page not in SONiC,
HostSideSNRLane6,HostSideSNRLane6,0x14,218,2,,Lane-banked,bool,dB,0.00390625,Little-endian,,RO,Normal,,DiagnosticsSelector=06h,U16 Little-endian in units of 1/256dB SNR(dB) for host lanes 1-8 (real time status) See section 7.1.4 for a definition.,,8-129,Page not in SONiC,
HostSideSNRLane7,HostSideSNRLane7,0x14,220,2,,Lane-banked,bool,dB,0.00390625,Little-endian,,RO,Normal,,DiagnosticsSelector=06h,U16 Little-endian in units of 1/256dB SNR(dB) for host lanes 1-8 (real time status) See section 7.1.4 for a definition.,,8-129,Page not in SONiC,
HostSideSNRLane8,HostSideSNRLane8,0x14,222,2,,Lane-banked,bool,dB,0.00390625,Little-endian,,RO,Normal,,DiagnosticsSelector=06h,U16 Little-endian in units of 1/256dB SNR(dB) for host lanes 1-8 (real time status) See section 7.1.4 for a definition.,,8-129,Page not in SONiC,
Reserved.14h.224,Reserved,0x14,224,2,,Lane-banked,,,,,,RO,Normal,,DiagnosticsSelector=06h,Reserved,,8-129,Page not in SONiC,
Reserved.14h.226,Reserved,0x14,226,2,,Lane-banked,,,,,,RO,Normal,,DiagnosticsSelector=06h,Reserved,,8-129,Page not in SONiC,
Reserved.14h.228,Reserved,0x14,228,2,,Lane-banked,,,,,,RO,Normal,,DiagnosticsSelector=06h,Reserved,,8-129,Page not in SONiC,
Reserved.14h.230,Reserved,0x14,230,2,,Lane-banked,,,,,,RO,Normal,,DiagnosticsSelector=06h,Reserved,,8-129,Page not in SONiC,
Reserved.14h.232,Reserved,0x14,232,2,,Lane-banked,,,,,,RO,Normal,,DiagnosticsSelector=06h,Reserved,,8-129,Page not in SONiC,
Reserved.14h.234,Reserved,0x14,234,2,,Lane-banked,,,,,,RO,Normal,,DiagnosticsSelector=06h,Reserved,,8-129,Page not in SONiC,
Reserved.14h.236,Reserved,0x14,236,2,,Lane-banked,,,,,,RO,Normal,,DiagnosticsSelector=06h,Reserved,,8-129,Page not in SONiC,
Reserved.14h.238,Reserved,0x14,238,2,,Lane-banked,,,,,,RO,Normal,,DiagnosticsSelector=06h,Reserved,,8-129,Page not in SONiC,
MediaSideSNRLane1,MediaSideSNRLane1,0x14,240,2,,Lane-banked,u16,dB,0.00390625,Little-endian,,RO,Normal,,DiagnosticsSelector=06h,U16 Little-endian in units of 1/256dB SNR (dB) for media lanes 1-8 (real time status) See section 7.1.4 for a definition.,,8-129,Page not in SONiC,
MediaSideSNRLane2,MediaSideSNRLane2,0x14,242,2,,Lane-banked,bool,dB,0.00390625,Little-endian,,RO,Normal,,DiagnosticsSelector=06h,U16 Little-endian in units of 1/256dB SNR (dB) for media lanes 1-8 (real time status) See section 7.1.4 for a definition.,,8-129,Page not in SONiC,
MediaSideSNRLane3,MediaSideSNRLane3,0x14,244,2,,Lane-banked,bool,dB,0.00390625,Little-endian,,RO,Normal,,DiagnosticsSelector=06h,U16 Little-endian in units of 1/256dB SNR (dB) for media lanes 1-8 (real time status) See section 7.1.4 for a definition.,,8-129,Page not in SONiC,
MediaSideSNRLane4,MediaSideSNRLane4,0x14,246,2,,Lane-banked,bool,dB,0.00390625,Little-endian,,RO,Normal,,DiagnosticsSelector=06h,U16 Little-endian in units of 1/256dB SNR (dB) for media lanes 1-8 (real time status) See section 7.1.4 for a definition.,,8-129,Page not in SONiC,
MediaSideSNRLane5,MediaSideSNRLane5,0x14,248,2,,Lane-banked,bool,dB,0.00390625,Little-endian,,RO,Normal,,DiagnosticsSelector=06h,U16 Little-endian in units of 1/256dB SNR (dB) for media lanes 1-8 (real time status) See section 7.1.4 for a definition.,,8-129,Page not in SONiC,
MediaSideSNRLane6,MediaSideSNRLane6,0x14,250,2,,Lane-banked,bool,dB,0.00390625,Little-endian,,RO,Normal,,DiagnosticsSelector=06h,U16 Little-endian in units of 1/256dB SNR (dB) for media lanes 1-8 (real time status) See section 7.1.4 for a definition.,,8-129,Page not in SONiC,
MediaSideSNRLane7,MediaSideSNRLane7,0x14,252,2,,Lane-banked,bool,dB,0.00390625,Little-endian,,RO,Normal,,DiagnosticsSelector=06h,U16 Little-endian in units of 1/256dB SNR (dB) for media lanes 1-8 (real time status) See section 7.1.4 for a definition.,,8-129,Page not in SONiC,
MediaSideSNRLane8,MediaSideSNRLane8,0x14,254,2,,Lane-banked,bool,dB,0.00390625,Little-endian,,RO,Normal,,DiagnosticsSelector=06h,U16 Little-endian in units of 1/256dB SNR (dB) for media lanes 1-8 (real time status) See section 7.1.4 for a definition.,,8-129,Page not in SONiC,
GatedHostSideBERLane1,GatedHostSideBERLane1,0x14,192,2,,Lane-banked,f16,,,Big-endian,F16 floating-point encoding (CMIS F16 format),RO,Normal,,DiagnosticsSelector=11h,F16 BER BER of host and media lanes 1-8 (stable gating results),,8-129,Page not in SONiC,
GatedHostSideBERLane2,GatedHostSideBERLane2,0x14,194,2,,Lane-banked,bool,,,Big-endian,F16 floating-point encoding (CMIS F16 format),RO,Normal,,DiagnosticsSelector=11h,F16 BER BER of host and media lanes 1-8 (stable gating results),,8-129,Page not in SONiC,
GatedHostSideBERLane3,GatedHostSideBERLane3,0x14,196,2,,Lane-banked,bool,,,Big-endian,F16 floating-point encoding (CMIS F16 format),RO,Normal,,DiagnosticsSelector=11h,F16 BER BER of host and media lanes 1-8 (stable gating results),,8-129,Page not in SONiC,
GatedHostSideBERLane4,GatedHostSideBERLane4,0x14,198,2,,Lane-banked,bool,,,Big-endian,F16 floating-point encoding (CMIS F16 format),RO,Normal,,DiagnosticsSelector=11h,F16 BER BER of host and media lanes 1-8 (stable gating results),,8-129,Page not in SONiC,
GatedHostSideBERLane5,GatedHostSideBERLane5,0x14,200,2,,Lane-banked,bool,,,Big-endian,F16 floating-point encoding (CMIS F16 format),RO,Normal,,DiagnosticsSelector=11h,F16 BER BER of host and media lanes 1-8 (stable gating results),,8-129,Page not in SONiC,
GatedHostSideBERLane6,GatedHostSideBERLane6,0x14,202,2,,Lane-banked,bool,,,Big-endian,F16 floating-point encoding (CMIS F16 format),RO,Normal,,DiagnosticsSelector=11h,F16 BER BER of host and media lanes 1-8 (stable gating results),,8-129,Page not in SONiC,
GatedHostSideBERLane7,GatedHostSideBERLane7,0x14,204,2,,Lane-banked,bool,,,Big-endian,F16 floating-point encoding (CMIS F16 format),RO,Normal,,DiagnosticsSelector=11h,F16 BER BER of host and media lanes 1-8 (stable gating results),,8-129,Page not in SONiC,
GatedHostSideBERLane8,GatedHostSideBERLane8,0x14,206,2,,Lane-banked,bool,,,Big-endian,F16 floating-point encoding (CMIS F16 format),RO,Normal,,DiagnosticsSelector=11h,F16 BER BER of host and media lanes 1-8 (stable gating results),,8-129,Page not in SONiC,
GatedMediaSideBERLane1,GatedMediaSideBERLane1,0x14,208,2,,Lane-banked,bool,,,Big-endian,F16 floating-point encoding (CMIS F16 format),RO,Normal,,DiagnosticsSelector=11h,F16 BER BER of host and media lanes 1-8 (stable gating results),,8-129,Page not in SONiC,
GatedMediaSideBERLane2,GatedMediaSideBERLane2,0x14,210,2,,Lane-banked,bool,,,Big-endian,F16 floating-point encoding (CMIS F16 format),RO,Normal,,DiagnosticsSelector=11h,F16 BER BER of host and media lanes 1-8 (stable gating results),,8-129,Page not in SONiC,
GatedMediaSideBERLane3,GatedMediaSideBERLane3,0x14,212,2,,Lane-banked,bool,,,Big-endian,F16 floating-point encoding (CMIS F16 format),RO,Normal,,DiagnosticsSelector=11h,F16 BER BER of host and media lanes 1-8 (stable gating results),,8-129,Page not in SONiC,
GatedMediaSideBERLane4,GatedMediaSideBERLane4,0x14,214,2,,Lane-banked,bool,,,Big-endian,F16 floating-point encoding (CMIS F16 format),RO,Normal,,DiagnosticsSelector=11h,F16 BER BER of host and media lanes 1-8 (stable gating results),,8-129,Page not in SONiC,
GatedMediaSideBERLane5,GatedMediaSideBERLane5,0x14,216,2,,Lane-banked,bool,,,Big-endian,F16 floating-point encoding (CMIS F16 format),RO,Normal,,DiagnosticsSelector=11h,F16 BER BER of host and media lanes 1-8 (stable gating results),,8-129,Page not in SONiC,
GatedMediaSideBERLane6,GatedMediaSideBERLane6,0x14,218,2,,Lane-banked,bool,,,Big-endian,F16 floating-point encoding (CMIS F16 format),RO,Normal,,DiagnosticsSelector=11h,F16 BER BER of host and media lanes 1-8 (stable gating results),,8-129,Page not in SONiC,
GatedMediaSideBERLane7,GatedMediaSideBERLane7,0x14,220,2,,Lane-banked,bool,,,Big-endian,F16 floating-point encoding (CMIS F16 format),RO,Normal,,DiagnosticsSelector=11h,F16 BER BER of host and media lanes 1-8 (stable gating results),,8-129,Page not in SONiC,
GatedMediaSideBERLane8,GatedMediaSideBERLane8,0x14,222,2,,Lane-banked,bool,,,Big-endian,F16 floating-point encoding (CMIS F16 format),RO,Normal,,DiagnosticsSelector=11h,F16 BER BER of host and media lanes 1-8 (stable gating results),,8-129,Page not in SONiC,
GatedHostSideErrorCountLane1,GatedHostSideErrorCountLane1,0x14,192,8,,Lane-banked,u64,,,Little-endian,,RO,Normal,,DiagnosticsSelector=12h,U64 Little-endian (LSB first) Counters for host lanes 1-4 (stable gating results),,8-129,Page not in SONiC,
GatedHostSideTotalBitsCountLane1,GatedHostSideTotalBitsCountLane1,0x14,200,8,,Lane-banked,u64,,,Little-endian,,RO,Normal,,DiagnosticsSelector=12h,U64 Little-endian (LSB first) Counters for host lanes 1-4 (stable gating results),,8-129,Page not in SONiC,
GatedHostSideErrorCountLane2,GatedHostSideErrorCountLane2,0x14,208,8,,Lane-banked,u64,,,Little-endian,,RO,Normal,,DiagnosticsSelector=12h,U64 Little-endian (LSB first) Counters for host lanes 1-4 (stable gating results),,8-129,Page not in SONiC,
GatedHostSideTotalBitsCountLane2,GatedHostSideTotalBitsCountLane2,0x14,216,8,,Lane-banked,u64,,,Little-endian,,RO,Normal,,DiagnosticsSelector=12h,U64 Little-endian (LSB first) Counters for host lanes 1-4 (stable gating results),,8-129,Page not in SONiC,
GatedHostSideErrorCountLane3,GatedHostSideErrorCountLane3,0x14,224,8,,Lane-banked,u64,,,Little-endian,,RO,Normal,,DiagnosticsSelector=12h,U64 Little-endian (LSB first) Counters for host lanes 1-4 (stable gating results),,8-129,Page not in SONiC,
GatedHostSideTotalBitsCountLane3,GatedHostSideTotalBitsCountLane3,0x14,232,8,,Lane-banked,u64,,,Little-endian,,RO,Normal,,DiagnosticsSelector=12h,U64 Little-endian (LSB first) Counters for host lanes 1-4 (stable gating results),,8-129,Page not in SONiC,
GatedHostSideErrorCountLane4,GatedHostSideErrorCountLane4,0x14,240,8,,Lane-banked,u64,,,Little-endian,,RO,Normal,,DiagnosticsSelector=12h,U64 Little-endian (LSB first) Counters for host lanes 1-4 (stable gating results),,8-129,Page not in SONiC,
GatedHostSideTotalBitsCountLane4,GatedHostSideTotalBitsCountLane4,0x14,248,8,,Lane-banked,u64,,,Little-endian,,RO,Normal,,DiagnosticsSelector=12h,U64 Little-endian (LSB first) Counters for host lanes 1-4 (stable gating results),,8-129,Page not in SONiC,
GatedHostSideErrorCountLane5,GatedHostSideErrorCountLane5,0x14,192,8,,Lane-banked,u64,,,Little-endian,,RO,Normal,,DiagnosticsSelector=13h,U64 Little-endian (LSB first) Counters for host lanes 5-8 (stable gating results),,8-129,Page not in SONiC,
GatedHostSideTotalBitsCountLane5,GatedHostSideTotalBitsCountLane5,0x14,200,8,,Lane-banked,u64,,,Little-endian,,RO,Normal,,DiagnosticsSelector=13h,U64 Little-endian (LSB first) Counters for host lanes 5-8 (stable gating results),,8-129,Page not in SONiC,
GatedHostSideErrorCountLane6,GatedHostSideErrorCountLane6,0x14,208,8,,Lane-banked,u64,,,Little-endian,,RO,Normal,,DiagnosticsSelector=13h,U64 Little-endian (LSB first) Counters for host lanes 5-8 (stable gating results),,8-129,Page not in SONiC,
GatedHostSideTotalBitsCountLane6,GatedHostSideTotalBitsCountLane6,0x14,216,8,,Lane-banked,u64,,,Little-endian,,RO,Normal,,DiagnosticsSelector=13h,U64 Little-endian (LSB first) Counters for host lanes 5-8 (stable gating results),,8-129,Page not in SONiC,
GatedHostSideErrorCountLane7,GatedHostSideErrorCountLane7,0x14,224,8,,Lane-banked,u64,,,Little-endian,,RO,Normal,,DiagnosticsSelector=13h,U64 Little-endian (LSB first) Counters for host lanes 5-8 (stable gating results),,8-129,Page not in SONiC,
GatedHostSideTotalBitsCountLane7,GatedHostSideTotalBitsCountLane7,0x14,232,8,,Lane-banked,u64,,,Little-endian,,RO,Normal,,DiagnosticsSelector=13h,U64 Little-endian (LSB first) Counters for host lanes 5-8 (stable gating results),,8-129,Page not in SONiC,
GatedHostSideErrorCountLane8,GatedHostSideErrorCountLane8,0x14,240,8,,Lane-banked,u64,,,Little-endian,,RO,Normal,,DiagnosticsSelector=13h,U64 Little-endian (LSB first) Counters for host lanes 5-8 (stable gating results),,8-129,Page not in SONiC,
GatedHostSideTotalBitsCountLane8,GatedHostSideTotalBitsCountLane8,0x14,248,8,,Lane-banked,u64,,,Little-endian,,RO,Normal,,DiagnosticsSelector=13h,U64 Little-endian (LSB first) Counters for host lanes 5-8 (stable gating results),,8-129,Page not in SONiC,
GatedMediaSideErrorCountLane1,GatedMediaSideErrorCountLane1,0x14,192,8,,Lane-banked,u64,,,Little-endian,,RO,Normal,,DiagnosticsSelector=14h,U64 Little-endian (LSB first) Counters for media lanes 1-4 (stable gating results),,8-129,Page not in SONiC,
GatedMediaSideTotalBitsCountLane1,GatedMediaSideTotalBitsCountLane1,0x14,200,8,,Lane-banked,u64,,,Little-endian,,RO,Normal,,DiagnosticsSelector=14h,U64 Little-endian (LSB first) Counters for media lanes 1-4 (stable gating results),,8-129,Page not in SONiC,
GatedMediaSideErrorCountLane2,GatedMediaSideErrorCountLane2,0x14,208,8,,Lane-banked,u64,,,Little-endian,,RO,Normal,,DiagnosticsSelector=14h,U64 Little-endian (LSB first) Counters for media lanes 1-4 (stable gating results),,8-129,Page not in SONiC,
GatedMediaSideTotalBitsCountLane2,GatedMediaSideTotalBitsCountLane2,0x14,216,8,,Lane-banked,u64,,,Little-endian,,RO,Normal,,DiagnosticsSelector=14h,U64 Little-endian (LSB first) Counters for media lanes 1-4 (stable gating results),,8-129,Page not in SONiC,
GatedMediaSideErrorCountLane3,GatedMediaSideErrorCountLane3,0x14,224,8,,Lane-banked,u64,,,Little-endian,,RO,Normal,,DiagnosticsSelector=14h,U64 Little-endian (LSB first) Counters for media lanes 1-4 (stable gating results),,8-129,Page not in SONiC,
GatedMediaSideTotalBitsCountLane3,GatedMediaSideTotalBitsCountLane3,0x14,232,8,,Lane-banked,u64,,,Little-endian,,RO,Normal,,DiagnosticsSelector=14h,U64 Little-endian (LSB first) Counters for media lanes 1-4 (stable gating results),,8-129,Page not in SONiC,
GatedMediaSideErrorCountLane4,GatedMediaSideErrorCountLane4,0x14,240,8,,Lane-banked,u64,,,Little-endian,,RO,Normal,,DiagnosticsSelector=14h,U64 Little-endian (LSB first) Counters for media lanes 1-4 (stable gating results),,8-129,Page not in SONiC,
GatedMediaSideTotalBitsCountLane4,GatedMediaSideTotalBitsCountLane4,0x14,248,8,,Lane-banked,u64,,,Little-endian,,RO,Normal,,DiagnosticsSelector=14h,U64 Little-endian (LSB first) Counters for media lanes 1-4 (stable gating results),,8-129,Page not in SONiC,
GatedMediaSideErrorCountLane5,GatedMediaSideErrorCountLane5,0x14,192,8,,Lane-banked,u64,,,Little-endian,,RO,Normal,,DiagnosticsSelector=15h,U64 Little-endian (LSB first) Counters for media lanes 5-8 (stable gating results),,8-129,Page not in SONiC,
GatedMediaSideTotalBitsCountLane5,GatedMediaSideTotalBitsCountLane5,0x14,200,8,,Lane-banked,u64,,,Little-endian,,RO,Normal,,DiagnosticsSelector=15h,U64 Little-endian (LSB first) Counters for media lanes 5-8 (stable gating results),,8-129,Page not in SONiC,
GatedMediaSideErrorCountLane6,GatedMediaSideErrorCountLane6,0x14,208,8,,Lane-banked,u64,,,Little-endian,,RO,Normal,,DiagnosticsSelector=15h,U64 Little-endian (LSB first) Counters for media lanes 5-8 (stable gating results),,8-129,Page not in SONiC,
GatedMediaSideTotalBitsCountLane6,GatedMediaSideTotalBitsCountLane6,0x14,216,8,,Lane-banked,u64,,,Little-endian,,RO,Normal,,DiagnosticsSelector=15h,U64 Little-endian (LSB first) Counters for media lanes 5-8 (stable gating results),,8-129,Page not in SONiC,
GatedMediaSideErrorCountLane7,GatedMediaSideErrorCountLane7,0x14,224,8,,Lane-banked,u64,,,Little-endian,,RO,Normal,,DiagnosticsSelector=15h,U64 Little-endian (LSB first) Counters for media lanes 5-8 (stable gating results),,8-129,Page not in SONiC,
GatedMediaSideTotalBitsCountLane7,GatedMediaSideTotalBitsCountLane7,0x14,232,8,,Lane-banked,u64,,,Little-endian,,RO,Normal,,DiagnosticsSelector=15h,U64 Little-endian (LSB first) Counters for media lanes 5-8 (stable gating results),,8-129,Page not in SONiC,
GatedMediaSideErrorCountLane8,GatedMediaSideErrorCountLane8,0x14,240,8,,Lane-banked,u64,,,Little-endian,,RO,Normal,,DiagnosticsSelector=15h,U64 Little-endian (LSB first) Counters for media lanes 5-8 (stable gating results),,8-129,Page not in SONiC,
GatedMediaSideTotalBitsCountLane8,GatedMediaSideTotalBitsCountLane8,0x14,248,8,,Lane-banked,u64,,,Little-endian,,RO,Normal,,DiagnosticsSelector=15h,U64 Little-endian (LSB first) Counters for media lanes 5-8 (stable gating results),,8-129,Page not in SONiC,
DataPathRxLatencyHostLane1,DataPathRxLatencyHostLane1,0x15,224,2,,Lane-banked,u16,ns,1,Big-endian,,RO,Normal,Rqd,,DataPathRxLatencyHostLane<i> U16 lane <i> Rx delay in ns,,8-131,Page not in SONiC,
DataPathRxLatencyHostLane2,DataPathRxLatencyHostLane2,0x15,226,2,,Lane-banked,u16,ns,1,Big-endian,,RO,Normal,Rqd,,DataPathRxLatencyHostLane<i> U16 lane <i> Rx delay in ns,,8-131,Page not in SONiC,
DataPathRxLatencyHostLane3,DataPathRxLatencyHostLane3,0x15,228,2,,Lane-banked,u16,ns,1,Big-endian,,RO,Normal,Rqd,,DataPathRxLatencyHostLane<i> U16 lane <i> Rx delay in ns,,8-131,Page not in SONiC,
DataPathRxLatencyHostLane4,DataPathRxLatencyHostLane4,0x15,230,2,,Lane-banked,u16,ns,1,Big-endian,,RO,Normal,Rqd,,DataPathRxLatencyHostLane<i> U16 lane <i> Rx delay in ns,,8-131,Page not in SONiC,
DataPathRxLatencyHostLane5,DataPathRxLatencyHostLane5,0x15,232,2,,Lane-banked,u16,ns,1,Big-endian,,RO,Normal,Rqd,,DataPathRxLatencyHostLane<i> U16 lane <i> Rx delay in ns,,8-131,Page not in SONiC,
DataPathRxLatencyHostLane6,DataPathRxLatencyHostLane6,0x15,234,2,,Lane-banked,u16,ns,1,Big-endian,,RO,Normal,Rqd,,DataPathRxLatencyHostLane<i> U16 lane <i> Rx delay in ns,,8-131,Page not in SONiC,
DataPathRxLatencyHostLane7,DataPathRxLatencyHostLane7,0x15,236,2,,Lane-banked,u16,ns,1,Big-endian,,RO,Normal,Rqd,,DataPathRxLatencyHostLane<i> U16 lane <i> Rx delay in ns,,8-131,Page not in SONiC,
DataPathRxLatencyHostLane8,DataPathRxLatencyHostLane8,0x15,238,2,,Lane-banked,u16,ns,1,Big-endian,,RO,Normal,Rqd,,DataPathRxLatencyHostLane<i> U16 lane <i> Rx delay in ns,,8-131,Page not in SONiC,
DataPathTxLatencyHostLane1,DataPathTxLatencyHostLane1,0x15,240,2,,Lane-banked,u16,ns,1,Big-endian,,RO,Normal,Rqd,,DataPathTxLatencyHostLane<i> U16 lane <i> Tx delay in ns,,8-131,Page not in SONiC,
DataPathTxLatencyHostLane2,DataPathTxLatencyHostLane2,0x15,242,2,,Lane-banked,u16,ns,1,Big-endian,,RO,Normal,Rqd,,DataPathTxLatencyHostLane<i> U16 lane <i> Tx delay in ns,,8-131,Page not in SONiC,
DataPathTxLatencyHostLane3,DataPathTxLatencyHostLane3,0x15,244,2,,Lane-banked,u16,ns,1,Big-endian,,RO,Normal,Rqd,,DataPathTxLatencyHostLane<i> U16 lane <i> Tx delay in ns,,8-131,Page not in SONiC,
DataPathTxLatencyHostLane4,DataPathTxLatencyHostLane4,0x15,246,2,,Lane-banked,u16,ns,1,Big-endian,,RO,Normal,Rqd,,DataPathTxLatencyHostLane<i> U16 lane <i> Tx delay in ns,,8-131,Page not in SONiC,
DataPathTxLatencyHostLane5,DataPathTxLatencyHostLane5,0x15,248,2,,Lane-banked,u16,ns,1,Big-endian,,RO,Normal,Rqd,,DataPathTxLatencyHostLane<i> U16 lane <i> Tx delay in ns,,8-131,Page not in SONiC,
DataPathTxLatencyHostLane6,DataPathTxLatencyHostLane6,0x15,250,2,,Lane-banked,u16,ns,1,Big-endian,,RO,Normal,Rqd,,DataPathTxLatencyHostLane<i> U16 lane <i> Tx delay in ns,,8-131,Page not in SONiC,
DataPathTxLatencyHostLane7,DataPathTxLatencyHostLane7,0x15,252,2,,Lane-banked,u16,ns,1,Big-endian,,RO,Normal,Rqd,,DataPathTxLatencyHostLane<i> U16 lane <i> Tx delay in ns,,8-131,Page not in SONiC,
DataPathTxLatencyHostLane8,DataPathTxLatencyHostLane8,0x15,254,2,,Lane-banked,u16,ns,1,Big-endian,,RO,Normal,Rqd,,DataPathTxLatencyHostLane<i> U16 lane <i> Tx delay in ns,,8-131,Page not in SONiC,
Reserved.16h.128,Reserved,0x16,128,1,0xF0,Lane-banked,,,,,,RW,Normal,,,SCS0::NPConfigLane1 See Table 8-133,,8-134,Page not in SONiC,
NPIDLane1.128,NPIDLane1,0x16,128,1,0x0E,Lane-banked,bitfield3,,,,,RW,Normal,Rqd,,SCS0::NPConfigLane1 See Table 8-133,,8-134,Page not in SONiC,
NPInUseLane1.128,NPInUseLane1,0x16,128,1,0x01,Lane-banked,bool,,,,,RW,Normal,Rqd,,SCS0::NPConfigLane1 See Table 8-133,,8-134,Page not in SONiC,
Reserved.16h.129,Reserved,0x16,129,1,0xF0,Lane-banked,,,,,,RW,Normal,,,SCS0::NPConfigLane2 See Table 8-133,,8-134,Page not in SONiC,
NPIDLane2.129,NPIDLane2,0x16,129,1,0x0E,Lane-banked,bitfield3,,,,,RW,Normal,Rqd,,SCS0::NPConfigLane2 See Table 8-133,,8-134,Page not in SONiC,
NPInUseLane2.129,NPInUseLane2,0x16,129,1,0x01,Lane-banked,bool,,,,,RW,Normal,Rqd,,SCS0::NPConfigLane2 See Table 8-133,,8-134,Page not in SONiC,
Reserved.16h.130,Reserved,0x16,130,1,0xF0,Lane-banked,,,,,,RW,Normal,,,SCS0::NPConfigLane3 See Table 8-133,,8-134,Page not in SONiC,
NPIDLane3.130,NPIDLane3,0x16,130,1,0x0E,Lane-banked,bitfield3,,,,,RW,Normal,Rqd,,SCS0::NPConfigLane3 See Table 8-133,,8-134,Page not in SONiC,
NPInUseLane3.130,NPInUseLane3,0x16,130,1,0x01,Lane-banked,bool,,,,,RW,Normal,Rqd,,SCS0::NPConfigLane3 See Table 8-133,,8-134,Page not in SONiC,
Reserved.16h.131,Reserved,0x16,131,1,0xF0,Lane-banked,,,,,,RW,Normal,,,SCS0::NPConfigLane4 See Table 8-133,,8-134,Page not in SONiC,
NPIDLane4.131,NPIDLane4,0x16,131,1,0x0E,Lane-banked,bitfield3,,,,,RW,Normal,Rqd,,SCS0::NPConfigLane4 See Table 8-133,,8-134,Page not in SONiC,
NPInUseLane4.131,NPInUseLane4,0x16,131,1,0x01,Lane-banked,bool,,,,,RW,Normal,Rqd,,SCS0::NPConfigLane4 See Table 8-133,,8-134,Page not in SONiC,
Reserved.16h.132,Reserved,0x16,132,1,0xF0,Lane-banked,,,,,,RW,Normal,,,SCS0::NPConfigLane5 See Table 8-133,,8-134,Page not in SONiC,
NPIDLane5.132,NPIDLane5,0x16,132,1,0x0E,Lane-banked,bitfield3,,,,,RW,Normal,Rqd,,SCS0::NPConfigLane5 See Table 8-133,,8-134,Page not in SONiC,
NPInUseLane5.132,NPInUseLane5,0x16,132,1,0x01,Lane-banked,bool,,,,,RW,Normal,Rqd,,SCS0::NPConfigLane5 See Table 8-133,,8-134,Page not in SONiC,
Reserved.16h.133,Reserved,0x16,133,1,0xF0,Lane-banked,,,,,,RW,Normal,,,SCS0::NPConfigLane6 See Table 8-133,,8-134,Page not in SONiC,
NPIDLane6.133,NPIDLane6,0x16,133,1,0x0E,Lane-banked,bitfield3,,,,,RW,Normal,Rqd,,SCS0::NPConfigLane6 See Table 8-133,,8-134,Page not in SONiC,
NPInUseLane6.133,NPInUseLane6,0x16,133,1,0x01,Lane-banked,bool,,,,,RW,Normal,Rqd,,SCS0::NPConfigLane6 See Table 8-133,,8-134,Page not in SONiC,
Reserved.16h.134,Reserved,0x16,134,1,0xF0,Lane-banked,,,,,,RW,Normal,,,SCS0::NPConfigLane7 See Table 8-133,,8-134,Page not in SONiC,
NPIDLane7.134,NPIDLane7,0x16,134,1,0x0E,Lane-banked,bitfield3,,,,,RW,Normal,Rqd,,SCS0::NPConfigLane7 See Table 8-133,,8-134,Page not in SONiC,
NPInUseLane7.134,NPInUseLane7,0x16,134,1,0x01,Lane-banked,bool,,,,,RW,Normal,Rqd,,SCS0::NPConfigLane7 See Table 8-133,,8-134,Page not in SONiC,
Reserved.16h.135,Reserved,0x16,135,1,0xF0,Lane-banked,,,,,,RW,Normal,,,SCS0::NPConfigLane8 See Table 8-133,,8-134,Page not in SONiC,
NPIDLane8.135,NPIDLane8,0x16,135,1,0x0E,Lane-banked,bitfield3,,,,,RW,Normal,Rqd,,SCS0::NPConfigLane8 See Table 8-133,,8-134,Page not in SONiC,
NPInUseLane8.135,NPInUseLane8,0x16,135,1,0x01,Lane-banked,bool,,,,,RW,Normal,Rqd,,SCS0::NPConfigLane8 See Table 8-133,,8-134,Page not in SONiC,
Reserved.16h.136,Reserved,0x16,136,1,0xF0,Lane-banked,,,,,,RW,Normal,,,SCS1::NPConfigLane1 See Table 8-133,,8-135,Page not in SONiC,
NPIDLane1.136,NPIDLane1,0x16,136,1,0x0E,Lane-banked,bitfield3,,,,,RW,Normal,Rqd,,SCS1::NPConfigLane1 See Table 8-133,,8-135,Page not in SONiC,
NPInUseLane1.136,NPInUseLane1,0x16,136,1,0x01,Lane-banked,bool,,,,,RW,Normal,Rqd,,SCS1::NPConfigLane1 See Table 8-133,,8-135,Page not in SONiC,
Reserved.16h.137,Reserved,0x16,137,1,0xF0,Lane-banked,,,,,,RW,Normal,,,SCS1::NPConfigLane2 See Table 8-133,,8-135,Page not in SONiC,
NPIDLane2.137,NPIDLane2,0x16,137,1,0x0E,Lane-banked,bitfield3,,,,,RW,Normal,Rqd,,SCS1::NPConfigLane2 See Table 8-133,,8-135,Page not in SONiC,
NPInUseLane2.137,NPInUseLane2,0x16,137,1,0x01,Lane-banked,bool,,,,,RW,Normal,Rqd,,SCS1::NPConfigLane2 See Table 8-133,,8-135,Page not in SONiC,
Reserved.16h.138,Reserved,0x16,138,1,0xF0,Lane-banked,,,,,,RW,Normal,,,SCS1::NPConfigLane3 See Table 8-133,,8-135,Page not in SONiC,
NPIDLane3.138,NPIDLane3,0x16,138,1,0x0E,Lane-banked,bitfield3,,,,,RW,Normal,Rqd,,SCS1::NPConfigLane3 See Table 8-133,,8-135,Page not in SONiC,
NPInUseLane3.138,NPInUseLane3,0x16,138,1,0x01,Lane-banked,bool,,,,,RW,Normal,Rqd,,SCS1::NPConfigLane3 See Table 8-133,,8-135,Page not in SONiC,
Reserved.16h.139,Reserved,0x16,139,1,0xF0,Lane-banked,,,,,,RW,Normal,,,SCS1::NPConfigLane4 See Table 8-133,,8-135,Page not in SONiC,
NPIDLane4.139,NPIDLane4,0x16,139,1,0x0E,Lane-banked,bitfield3,,,,,RW,Normal,Rqd,,SCS1::NPConfigLane4 See Table 8-133,,8-135,Page not in SONiC,
NPInUseLane4.139,NPInUseLane4,0x16,139,1,0x01,Lane-banked,bool,,,,,RW,Normal,Rqd,,SCS1::NPConfigLane4 See Table 8-133,,8-135,Page not in SONiC,
Reserved.16h.140,Reserved,0x16,140,1,0xF0,Lane-banked,,,,,,RW,Normal,,,SCS1::NPConfigLane5 See Table 8-133,,8-135,Page not in SONiC,
NPIDLane5.140,NPIDLane5,0x16,140,1,0x0E,Lane-banked,bitfield3,,,,,RW,Normal,Rqd,,SCS1::NPConfigLane5 See Table 8-133,,8-135,Page not in SONiC,
NPInUseLane5.140,NPInUseLane5,0x16,140,1,0x01,Lane-banked,bool,,,,,RW,Normal,Rqd,,SCS1::NPConfigLane5 See Table 8-133,,8-135,Page not in SONiC,
Reserved.16h.141,Reserved,0x16,141,1,0xF0,Lane-banked,,,,,,RW,Normal,,,SCS1::NPConfigLane6 See Table 8-133,,8-135,Page not in SONiC,
NPIDLane6.141,NPIDLane6,0x16,141,1,0x0E,Lane-banked,bitfield3,,,,,RW,Normal,Rqd,,SCS1::NPConfigLane6 See Table 8-133,,8-135,Page not in SONiC,
NPInUseLane6.141,NPInUseLane6,0x16,141,1,0x01,Lane-banked,bool,,,,,RW,Normal,Rqd,,SCS1::NPConfigLane6 See Table 8-133,,8-135,Page not in SONiC,
Reserved.16h.142,Reserved,0x16,142,1,0xF0,Lane-banked,,,,,,RW,Normal,,,SCS1::NPConfigLane7 See Table 8-133,,8-135,Page not in SONiC,
NPIDLane7.142,NPIDLane7,0x16,142,1,0x0E,Lane-banked,bitfield3,,,,,RW,Normal,Rqd,,SCS1::NPConfigLane7 See Table 8-133,,8-135,Page not in SONiC,
NPInUseLane7.142,NPInUseLane7,0x16,142,1,0x01,Lane-banked,bool,,,,,RW,Normal,Rqd,,SCS1::NPConfigLane7 See Table 8-133,,8-135,Page not in SONiC,
Reserved.16h.143,Reserved,0x16,143,1,0xF0,Lane-banked,,,,,,RW,Normal,,,SCS1::NPConfigLane8 See Table 8-133,,8-135,Page not in SONiC,
NPIDLane8.143,NPIDLane8,0x16,143,1,0x0E,Lane-banked,bitfield3,,,,,RW,Normal,Rqd,,SCS1::NPConfigLane8 See Table 8-133,,8-135,Page not in SONiC,
NPInUseLane8.143,NPInUseLane8,0x16,143,1,0x01,Lane-banked,bool,,,,,RW,Normal,Rqd,,SCS1::NPConfigLane8 See Table 8-133,,8-135,Page not in SONiC,
NPDeinitLane8,NPDeinitLane8,0x16,160,1,0x80,Lane-banked,bool,,,,,RW,Normal,Rqd,,"NPDeinitLane<i> Initialization control for the Network Path fed by host lane <i> 0b: Initialize the Network Path associated with host lane <i> 1b: Deinitialize the Network Path associated with host lane <i> All host lanes feeding one Network Path must have the same NPDeinitLane<i> value set Note: These bits represent static requests, not trigger events",,8-136,Page not in SONiC,
NPDeinitLane7,NPDeinitLane7,0x16,160,1,0x40,Lane-banked,bool,,,,,RW,Normal,Rqd,,"NPDeinitLane<i> Initialization control for the Network Path fed by host lane <i> 0b: Initialize the Network Path associated with host lane <i> 1b: Deinitialize the Network Path associated with host lane <i> All host lanes feeding one Network Path must have the same NPDeinitLane<i> value set Note: These bits represent static requests, not trigger events",,8-136,Page not in SONiC,
NPDeinitLane6,NPDeinitLane6,0x16,160,1,0x20,Lane-banked,bool,,,,,RW,Normal,Rqd,,"NPDeinitLane<i> Initialization control for the Network Path fed by host lane <i> 0b: Initialize the Network Path associated with host lane <i> 1b: Deinitialize the Network Path associated with host lane <i> All host lanes feeding one Network Path must have the same NPDeinitLane<i> value set Note: These bits represent static requests, not trigger events",,8-136,Page not in SONiC,
NPDeinitLane5,NPDeinitLane5,0x16,160,1,0x10,Lane-banked,bool,,,,,RW,Normal,Rqd,,"NPDeinitLane<i> Initialization control for the Network Path fed by host lane <i> 0b: Initialize the Network Path associated with host lane <i> 1b: Deinitialize the Network Path associated with host lane <i> All host lanes feeding one Network Path must have the same NPDeinitLane<i> value set Note: These bits represent static requests, not trigger events",,8-136,Page not in SONiC,
NPDeinitLane4,NPDeinitLane4,0x16,160,1,0x08,Lane-banked,bool,,,,,RW,Normal,Rqd,,"NPDeinitLane<i> Initialization control for the Network Path fed by host lane <i> 0b: Initialize the Network Path associated with host lane <i> 1b: Deinitialize the Network Path associated with host lane <i> All host lanes feeding one Network Path must have the same NPDeinitLane<i> value set Note: These bits represent static requests, not trigger events",,8-136,Page not in SONiC,
NPDeinitLane3,NPDeinitLane3,0x16,160,1,0x04,Lane-banked,bool,,,,,RW,Normal,Rqd,,"NPDeinitLane<i> Initialization control for the Network Path fed by host lane <i> 0b: Initialize the Network Path associated with host lane <i> 1b: Deinitialize the Network Path associated with host lane <i> All host lanes feeding one Network Path must have the same NPDeinitLane<i> value set Note: These bits represent static requests, not trigger events",,8-136,Page not in SONiC,
NPDeinitLane2,NPDeinitLane2,0x16,160,1,0x02,Lane-banked,bool,,,,,RW,Normal,Rqd,,"NPDeinitLane<i> Initialization control for the Network Path fed by host lane <i> 0b: Initialize the Network Path associated with host lane <i> 1b: Deinitialize the Network Path associated with host lane <i> All host lanes feeding one Network Path must have the same NPDeinitLane<i> value set Note: These bits represent static requests, not trigger events",,8-136,Page not in SONiC,
NPDeinitLane1,NPDeinitLane1,0x16,160,1,0x01,Lane-banked,bool,,,,,RW,Normal,Rqd,,"NPDeinitLane<i> Initialization control for the Network Path fed by host lane <i> 0b: Initialize the Network Path associated with host lane <i> 1b: Deinitialize the Network Path associated with host lane <i> All host lanes feeding one Network Path must have the same NPDeinitLane<i> value set Note: These bits represent static requests, not trigger events",,8-136,Page not in SONiC,
HPSourceRx8,HPSourceRx8,0x16,162,1,0x80,Lane-banked,bool,,,,,RW,Normal,,,HPSourceRx<i> Controls the signal source feeding host lane <i> in Rx direction 0b: Signal received from Network Path 1b: Internally generated client replacement signal All host lanes belonging to the same HP must have the same HPSourceRx<i> value set Advertisement: 16h:226.0,,8-137,Page not in SONiC,
HPSourceRx7,HPSourceRx7,0x16,162,1,0x40,Lane-banked,bool,,,,,RW,Normal,,,HPSourceRx<i> Controls the signal source feeding host lane <i> in Rx direction 0b: Signal received from Network Path 1b: Internally generated client replacement signal All host lanes belonging to the same HP must have the same HPSourceRx<i> value set Advertisement: 16h:226.0,,8-137,Page not in SONiC,
HPSourceRx6,HPSourceRx6,0x16,162,1,0x20,Lane-banked,bool,,,,,RW,Normal,,,HPSourceRx<i> Controls the signal source feeding host lane <i> in Rx direction 0b: Signal received from Network Path 1b: Internally generated client replacement signal All host lanes belonging to the same HP must have the same HPSourceRx<i> value set Advertisement: 16h:226.0,,8-137,Page not in SONiC,
HPSourceRx5,HPSourceRx5,0x16,162,1,0x10,Lane-banked,bool,,,,,RW,Normal,,,HPSourceRx<i> Controls the signal source feeding host lane <i> in Rx direction 0b: Signal received from Network Path 1b: Internally generated client replacement signal All host lanes belonging to the same HP must have the same HPSourceRx<i> value set Advertisement: 16h:226.0,,8-137,Page not in SONiC,
HPSourceRx4,HPSourceRx4,0x16,162,1,0x08,Lane-banked,bool,,,,,RW,Normal,,,HPSourceRx<i> Controls the signal source feeding host lane <i> in Rx direction 0b: Signal received from Network Path 1b: Internally generated client replacement signal All host lanes belonging to the same HP must have the same HPSourceRx<i> value set Advertisement: 16h:226.0,,8-137,Page not in SONiC,
HPSourceRx3,HPSourceRx3,0x16,162,1,0x04,Lane-banked,bool,,,,,RW,Normal,,,HPSourceRx<i> Controls the signal source feeding host lane <i> in Rx direction 0b: Signal received from Network Path 1b: Internally generated client replacement signal All host lanes belonging to the same HP must have the same HPSourceRx<i> value set Advertisement: 16h:226.0,,8-137,Page not in SONiC,
HPSourceRx2,HPSourceRx2,0x16,162,1,0x02,Lane-banked,bool,,,,,RW,Normal,,,HPSourceRx<i> Controls the signal source feeding host lane <i> in Rx direction 0b: Signal received from Network Path 1b: Internally generated client replacement signal All host lanes belonging to the same HP must have the same HPSourceRx<i> value set Advertisement: 16h:226.0,,8-137,Page not in SONiC,
HPSourceRx1,HPSourceRx1,0x16,162,1,0x01,Lane-banked,bool,,,,,RW,Normal,,,HPSourceRx<i> Controls the signal source feeding host lane <i> in Rx direction 0b: Signal received from Network Path 1b: Internally generated client replacement signal All host lanes belonging to the same HP must have the same HPSourceRx<i> value set Advertisement: 16h:226.0,,8-137,Page not in SONiC,
NPSourceTx8,NPSourceTx8,0x16,163,1,0x80,Lane-banked,bool,,,,,RW,Normal,,,NPSourceTx<i> Controls the signal source feeding the Network Path input related to the HP containing host lane <i> 0b: Signal received from Host Path 1b: Internally generated client replacement signal All host lanes belonging to the same HP must have the same NPSourceTx<i> value set Advertisement: 16h:226.1,,8-137,Page not in SONiC,
NPSourceTx7,NPSourceTx7,0x16,163,1,0x40,Lane-banked,bool,,,,,RW,Normal,,,NPSourceTx<i> Controls the signal source feeding the Network Path input related to the HP containing host lane <i> 0b: Signal received from Host Path 1b: Internally generated client replacement signal All host lanes belonging to the same HP must have the same NPSourceTx<i> value set Advertisement: 16h:226.1,,8-137,Page not in SONiC,
NPSourceTx6,NPSourceTx6,0x16,163,1,0x20,Lane-banked,bool,,,,,RW,Normal,,,NPSourceTx<i> Controls the signal source feeding the Network Path input related to the HP containing host lane <i> 0b: Signal received from Host Path 1b: Internally generated client replacement signal All host lanes belonging to the same HP must have the same NPSourceTx<i> value set Advertisement: 16h:226.1,,8-137,Page not in SONiC,
NPSourceTx5,NPSourceTx5,0x16,163,1,0x10,Lane-banked,bool,,,,,RW,Normal,,,NPSourceTx<i> Controls the signal source feeding the Network Path input related to the HP containing host lane <i> 0b: Signal received from Host Path 1b: Internally generated client replacement signal All host lanes belonging to the same HP must have the same NPSourceTx<i> value set Advertisement: 16h:226.1,,8-137,Page not in SONiC,
NPSourceTx4,NPSourceTx4,0x16,163,1,0x08,Lane-banked,bool,,,,,RW,Normal,,,NPSourceTx<i> Controls the signal source feeding the Network Path input related to the HP containing host lane <i> 0b: Signal received from Host Path 1b: Internally generated client replacement signal All host lanes belonging to the same HP must have the same NPSourceTx<i> value set Advertisement: 16h:226.1,,8-137,Page not in SONiC,
NPSourceTx3,NPSourceTx3,0x16,163,1,0x04,Lane-banked,bool,,,,,RW,Normal,,,NPSourceTx<i> Controls the signal source feeding the Network Path input related to the HP containing host lane <i> 0b: Signal received from Host Path 1b: Internally generated client replacement signal All host lanes belonging to the same HP must have the same NPSourceTx<i> value set Advertisement: 16h:226.1,,8-137,Page not in SONiC,
NPSourceTx2,NPSourceTx2,0x16,163,1,0x02,Lane-banked,bool,,,,,RW,Normal,,,NPSourceTx<i> Controls the signal source feeding the Network Path input related to the HP containing host lane <i> 0b: Signal received from Host Path 1b: Internally generated client replacement signal All host lanes belonging to the same HP must have the same NPSourceTx<i> value set Advertisement: 16h:226.1,,8-137,Page not in SONiC,
NPSourceTx1,NPSourceTx1,0x16,163,1,0x01,Lane-banked,bool,,,,,RW,Normal,,,NPSourceTx<i> Controls the signal source feeding the Network Path input related to the HP containing host lane <i> 0b: Signal received from Host Path 1b: Internally generated client replacement signal All host lanes belonging to the same HP must have the same NPSourceTx<i> value set Advertisement: 16h:226.1,,8-137,Page not in SONiC,
ApplyNPInitLane8.176,ApplyNPInitLane8,0x16,176,1,0x80,Lane-banked,bool,,,,,WO,Normal,Rqd,,"SCS0::ApplyNPInitLane<i> 0b: No action for host lane <i> 1b: Trigger the Provision procedure using the NP Staged Control Set 0 settings for host lane <i>, with feedback provided in the associated NPConfigStatusLane<i> field Restriction: This byte must be written in a single-byte WRITE",,8-138,Page not in SONiC,
ApplyNPInitLane7.176,ApplyNPInitLane7,0x16,176,1,0x40,Lane-banked,bool,,,,,WO,Normal,Rqd,,"SCS0::ApplyNPInitLane<i> 0b: No action for host lane <i> 1b: Trigger the Provision procedure using the NP Staged Control Set 0 settings for host lane <i>, with feedback provided in the associated NPConfigStatusLane<i> field Restriction: This byte must be written in a single-byte WRITE",,8-138,Page not in SONiC,
ApplyNPInitLane6.176,ApplyNPInitLane6,0x16,176,1,0x20,Lane-banked,bool,,,,,WO,Normal,Rqd,,"SCS0::ApplyNPInitLane<i> 0b: No action for host lane <i> 1b: Trigger the Provision procedure using the NP Staged Control Set 0 settings for host lane <i>, with feedback provided in the associated NPConfigStatusLane<i> field Restriction: This byte must be written in a single-byte WRITE",,8-138,Page not in SONiC,
ApplyNPInitLane5.176,ApplyNPInitLane5,0x16,176,1,0x10,Lane-banked,bool,,,,,WO,Normal,Rqd,,"SCS0::ApplyNPInitLane<i> 0b: No action for host lane <i> 1b: Trigger the Provision procedure using the NP Staged Control Set 0 settings for host lane <i>, with feedback provided in the associated NPConfigStatusLane<i> field Restriction: This byte must be written in a single-byte WRITE",,8-138,Page not in SONiC,
ApplyNPInitLane4.176,ApplyNPInitLane4,0x16,176,1,0x08,Lane-banked,bool,,,,,WO,Normal,Rqd,,"SCS0::ApplyNPInitLane<i> 0b: No action for host lane <i> 1b: Trigger the Provision procedure using the NP Staged Control Set 0 settings for host lane <i>, with feedback provided in the associated NPConfigStatusLane<i> field Restriction: This byte must be written in a single-byte WRITE",,8-138,Page not in SONiC,
ApplyNPInitLane3.176,ApplyNPInitLane3,0x16,176,1,0x04,Lane-banked,bool,,,,,WO,Normal,Rqd,,"SCS0::ApplyNPInitLane<i> 0b: No action for host lane <i> 1b: Trigger the Provision procedure using the NP Staged Control Set 0 settings for host lane <i>, with feedback provided in the associated NPConfigStatusLane<i> field Restriction: This byte must be written in a single-byte WRITE",,8-138,Page not in SONiC,
ApplyNPInitLane2.176,ApplyNPInitLane2,0x16,176,1,0x02,Lane-banked,bool,,,,,WO,Normal,Rqd,,"SCS0::ApplyNPInitLane<i> 0b: No action for host lane <i> 1b: Trigger the Provision procedure using the NP Staged Control Set 0 settings for host lane <i>, with feedback provided in the associated NPConfigStatusLane<i> field Restriction: This byte must be written in a single-byte WRITE",,8-138,Page not in SONiC,
ApplyNPInitLane1.176,ApplyNPInitLane1,0x16,176,1,0x01,Lane-banked,bool,,,,,WO,Normal,Rqd,,"SCS0::ApplyNPInitLane<i> 0b: No action for host lane <i> 1b: Trigger the Provision procedure using the NP Staged Control Set 0 settings for host lane <i>, with feedback provided in the associated NPConfigStatusLane<i> field Restriction: This byte must be written in a single-byte WRITE",,8-138,Page not in SONiC,
ApplyNPInitLane8.177,ApplyNPInitLane8,0x16,177,1,0x80,Lane-banked,bool,,,,,WO,Normal,Rqd,,"SCS1::ApplyNPInitLane<i> 0b: No action for host lane <i> 1b: Trigger the Provision procedure using the NP Staged Control Set 1 settings for host lane <i>, with feedback provided in the associated NPConfigStatusLane<i> field Restriction: This byte must be written in a single-byte WRITE",,8-139,Page not in SONiC,
ApplyNPInitLane7.177,ApplyNPInitLane7,0x16,177,1,0x40,Lane-banked,bool,,,,,WO,Normal,Rqd,,"SCS1::ApplyNPInitLane<i> 0b: No action for host lane <i> 1b: Trigger the Provision procedure using the NP Staged Control Set 1 settings for host lane <i>, with feedback provided in the associated NPConfigStatusLane<i> field Restriction: This byte must be written in a single-byte WRITE",,8-139,Page not in SONiC,
ApplyNPInitLane6.177,ApplyNPInitLane6,0x16,177,1,0x20,Lane-banked,bool,,,,,WO,Normal,Rqd,,"SCS1::ApplyNPInitLane<i> 0b: No action for host lane <i> 1b: Trigger the Provision procedure using the NP Staged Control Set 1 settings for host lane <i>, with feedback provided in the associated NPConfigStatusLane<i> field Restriction: This byte must be written in a single-byte WRITE",,8-139,Page not in SONiC,
ApplyNPInitLane5.177,ApplyNPInitLane5,0x16,177,1,0x10,Lane-banked,bool,,,,,WO,Normal,Rqd,,"SCS1::ApplyNPInitLane<i> 0b: No action for host lane <i> 1b: Trigger the Provision procedure using the NP Staged Control Set 1 settings for host lane <i>, with feedback provided in the associated NPConfigStatusLane<i> field Restriction: This byte must be written in a single-byte WRITE",,8-139,Page not in SONiC,
ApplyNPInitLane4.177,ApplyNPInitLane4,0x16,177,1,0x08,Lane-banked,bool,,,,,WO,Normal,Rqd,,"SCS1::ApplyNPInitLane<i> 0b: No action for host lane <i> 1b: Trigger the Provision procedure using the NP Staged Control Set 1 settings for host lane <i>, with feedback provided in the associated NPConfigStatusLane<i> field Restriction: This byte must be written in a single-byte WRITE",,8-139,Page not in SONiC,
ApplyNPInitLane3.177,ApplyNPInitLane3,0x16,177,1,0x04,Lane-banked,bool,,,,,WO,Normal,Rqd,,"SCS1::ApplyNPInitLane<i> 0b: No action for host lane <i> 1b: Trigger the Provision procedure using the NP Staged Control Set 1 settings for host lane <i>, with feedback provided in the associated NPConfigStatusLane<i> field Restriction: This byte must be written in a single-byte WRITE",,8-139,Page not in SONiC,
ApplyNPInitLane2.177,ApplyNPInitLane2,0x16,177,1,0x02,Lane-banked,bool,,,,,WO,Normal,Rqd,,"SCS1::ApplyNPInitLane<i> 0b: No action for host lane <i> 1b: Trigger the Provision procedure using the NP Staged Control Set 1 settings for host lane <i>, with feedback provided in the associated NPConfigStatusLane<i> field Restriction: This byte must be written in a single-byte WRITE",,8-139,Page not in SONiC,
ApplyNPInitLane1.177,ApplyNPInitLane1,0x16,177,1,0x01,Lane-banked,bool,,,,,WO,Normal,Rqd,,"SCS1::ApplyNPInitLane<i> 0b: No action for host lane <i> 1b: Trigger the Provision procedure using the NP Staged Control Set 1 settings for host lane <i>, with feedback provided in the associated NPConfigStatusLane<i> field Restriction: This byte must be written in a single-byte WRITE",,8-139,Page not in SONiC,
NPConfigStatusLane2,NPConfigStatusLane2,0x16,178,1,0xF0,Lane-banked,enum4,,,,,RO,Normal,Rqd,,"NPConfigStatusLane<i> Provisioning Command Execution / Result Status for the Network Path of host lane <i>, during and after the most recent configuration command. See Table 8-141 for the encoding of values. Note: There is no feedback to the host when an Apply trigger is ignored after failed readiness test (when another configuration is still in progress)",,8-140,Page not in SONiC,
NPConfigStatusLane1,NPConfigStatusLane1,0x16,178,1,0x0F,Lane-banked,enum4,,,,,RO,Normal,Rqd,,"NPConfigStatusLane<i> Provisioning Command Execution / Result Status for the Network Path of host lane <i>, during and after the most recent configuration command. See Table 8-141 for the encoding of values. Note: There is no feedback to the host when an Apply trigger is ignored after failed readiness test (when another configuration is still in progress)",,8-140,Page not in SONiC,
NPConfigStatusLane4,NPConfigStatusLane4,0x16,179,1,0xF0,Lane-banked,enum4,,,,,RO,Normal,Rqd,,"NPConfigStatusLane<i> Provisioning Command Execution / Result Status for the Network Path of host lane <i>, during and after the most recent configuration command. See Table 8-141 for the encoding of values. Note: There is no feedback to the host when an Apply trigger is ignored after failed readiness test (when another configuration is still in progress)",,8-140,Page not in SONiC,
NPConfigStatusLane3,NPConfigStatusLane3,0x16,179,1,0x0F,Lane-banked,enum4,,,,,RO,Normal,Rqd,,"NPConfigStatusLane<i> Provisioning Command Execution / Result Status for the Network Path of host lane <i>, during and after the most recent configuration command. See Table 8-141 for the encoding of values. Note: There is no feedback to the host when an Apply trigger is ignored after failed readiness test (when another configuration is still in progress)",,8-140,Page not in SONiC,
NPConfigStatusLane6,NPConfigStatusLane6,0x16,180,1,0xF0,Lane-banked,enum4,,,,,RO,Normal,Rqd,,"NPConfigStatusLane<i> Provisioning Command Execution / Result Status for the Network Path of host lane <i>, during and after the most recent configuration command. See Table 8-141 for the encoding of values. Note: There is no feedback to the host when an Apply trigger is ignored after failed readiness test (when another configuration is still in progress)",,8-140,Page not in SONiC,
NPConfigStatusLane5,NPConfigStatusLane5,0x16,180,1,0x0F,Lane-banked,enum4,,,,,RO,Normal,Rqd,,"NPConfigStatusLane<i> Provisioning Command Execution / Result Status for the Network Path of host lane <i>, during and after the most recent configuration command. See Table 8-141 for the encoding of values. Note: There is no feedback to the host when an Apply trigger is ignored after failed readiness test (when another configuration is still in progress)",,8-140,Page not in SONiC,
NPConfigStatusLane8,NPConfigStatusLane8,0x16,181,1,0xF0,Lane-banked,enum4,,,,,RO,Normal,Rqd,,"NPConfigStatusLane<i> Provisioning Command Execution / Result Status for the Network Path of host lane <i>, during and after the most recent configuration command. See Table 8-141 for the encoding of values. Note: There is no feedback to the host when an Apply trigger is ignored after failed readiness test (when another configuration is still in progress)",,8-140,Page not in SONiC,
NPConfigStatusLane7,NPConfigStatusLane7,0x16,181,1,0x0F,Lane-banked,enum4,,,,,RO,Normal,Rqd,,"NPConfigStatusLane<i> Provisioning Command Execution / Result Status for the Network Path of host lane <i>, during and after the most recent configuration command. See Table 8-141 for the encoding of values. Note: There is no feedback to the host when an Apply trigger is ignored after failed readiness test (when another configuration is still in progress)",,8-140,Page not in SONiC,
Reserved.16h.192,Reserved,0x16,192,1,0xF0,Lane-banked,,,,,,RO,Normal,,,ACS::NPConfigLane1 See Table 8-133,,8-142,Page not in SONiC,
NPIDLane1.192,NPIDLane1,0x16,192,1,0x0E,Lane-banked,bitfield3,,,,,RO,Normal,Rqd,,ACS::NPConfigLane1 See Table 8-133,,8-142,Page not in SONiC,
NPInUseLane1.192,NPInUseLane1,0x16,192,1,0x01,Lane-banked,bool,,,,,RO,Normal,Rqd,,ACS::NPConfigLane1 See Table 8-133,,8-142,Page not in SONiC,
Reserved.16h.193,Reserved,0x16,193,1,0xF0,Lane-banked,,,,,,RO,Normal,,,ACS::NPConfigLane2 See Table 8-133,,8-142,Page not in SONiC,
NPIDLane2.193,NPIDLane2,0x16,193,1,0x0E,Lane-banked,bitfield3,,,,,RO,Normal,Rqd,,ACS::NPConfigLane2 See Table 8-133,,8-142,Page not in SONiC,
NPInUseLane2.193,NPInUseLane2,0x16,193,1,0x01,Lane-banked,bool,,,,,RO,Normal,Rqd,,ACS::NPConfigLane2 See Table 8-133,,8-142,Page not in SONiC,
Reserved.16h.194,Reserved,0x16,194,1,0xF0,Lane-banked,,,,,,RO,Normal,,,ACS::NPConfigLane3 See Table 8-133,,8-142,Page not in SONiC,
NPIDLane3.194,NPIDLane3,0x16,194,1,0x0E,Lane-banked,bitfield3,,,,,RO,Normal,Rqd,,ACS::NPConfigLane3 See Table 8-133,,8-142,Page not in SONiC,
NPInUseLane3.194,NPInUseLane3,0x16,194,1,0x01,Lane-banked,bool,,,,,RO,Normal,Rqd,,ACS::NPConfigLane3 See Table 8-133,,8-142,Page not in SONiC,
Reserved.16h.195,Reserved,0x16,195,1,0xF0,Lane-banked,,,,,,RO,Normal,,,ACS::NPConfigLane4 See Table 8-133,,8-142,Page not in SONiC,
NPIDLane4.195,NPIDLane4,0x16,195,1,0x0E,Lane-banked,bitfield3,,,,,RO,Normal,Rqd,,ACS::NPConfigLane4 See Table 8-133,,8-142,Page not in SONiC,
NPInUseLane4.195,NPInUseLane4,0x16,195,1,0x01,Lane-banked,bool,,,,,RO,Normal,Rqd,,ACS::NPConfigLane4 See Table 8-133,,8-142,Page not in SONiC,
Reserved.16h.196,Reserved,0x16,196,1,0xF0,Lane-banked,,,,,,RO,Normal,,,ACS::NPConfigLane5 See Table 8-133,,8-142,Page not in SONiC,
NPIDLane5.196,NPIDLane5,0x16,196,1,0x0E,Lane-banked,bitfield3,,,,,RO,Normal,Rqd,,ACS::NPConfigLane5 See Table 8-133,,8-142,Page not in SONiC,
NPInUseLane5.196,NPInUseLane5,0x16,196,1,0x01,Lane-banked,bool,,,,,RO,Normal,Rqd,,ACS::NPConfigLane5 See Table 8-133,,8-142,Page not in SONiC,
Reserved.16h.197,Reserved,0x16,197,1,0xF0,Lane-banked,,,,,,RO,Normal,,,ACS::NPConfigLane6 See Table 8-133,,8-142,Page not in SONiC,
NPIDLane6.197,NPIDLane6,0x16,197,1,0x0E,Lane-banked,bitfield3,,,,,RO,Normal,Rqd,,ACS::NPConfigLane6 See Table 8-133,,8-142,Page not in SONiC,
NPInUseLane6.197,NPInUseLane6,0x16,197,1,0x01,Lane-banked,bool,,,,,RO,Normal,Rqd,,ACS::NPConfigLane6 See Table 8-133,,8-142,Page not in SONiC,
Reserved.16h.198,Reserved,0x16,198,1,0xF0,Lane-banked,,,,,,RO,Normal,,,ACS::NPConfigLane7 See Table 8-133,,8-142,Page not in SONiC,
NPIDLane7.198,NPIDLane7,0x16,198,1,0x0E,Lane-banked,bitfield3,,,,,RO,Normal,Rqd,,ACS::NPConfigLane7 See Table 8-133,,8-142,Page not in SONiC,
NPInUseLane7.198,NPInUseLane7,0x16,198,1,0x01,Lane-banked,bool,,,,,RO,Normal,Rqd,,ACS::NPConfigLane7 See Table 8-133,,8-142,Page not in SONiC,
Reserved.16h.199,Reserved,0x16,199,1,0xF0,Lane-banked,,,,,,RO,Normal,,,ACS::NPConfigLane8 See Table 8-133,,8-142,Page not in SONiC,
NPIDLane8.199,NPIDLane8,0x16,199,1,0x0E,Lane-banked,bitfield3,,,,,RO,Normal,Rqd,,ACS::NPConfigLane8 See Table 8-133,,8-142,Page not in SONiC,
NPInUseLane8.199,NPInUseLane8,0x16,199,1,0x01,Lane-banked,bool,,,,,RO,Normal,Rqd,,ACS::NPConfigLane8 See Table 8-133,,8-142,Page not in SONiC,
NPStateHostLane2,NPStateHostLane2,0x16,200,1,0xF0,Lane-banked,enum4,,,,,RO,Normal,Rqd,,Network Path State of host lane 2 (see Table 8-144),,8-143,Page not in SONiC,
NPStateHostLane1,NPStateHostLane1,0x16,200,1,0x0F,Lane-banked,enum4,,,,,RO,Normal,Rqd,,Network Path State of host lane 1 (see Table 8-144),,8-143,Page not in SONiC,
NPStateHostLane4,NPStateHostLane4,0x16,201,1,0xF0,Lane-banked,enum4,,,,,RO,Normal,Rqd,,Network Path State of host lane 4 (see Table 8-144),,8-143,Page not in SONiC,
NPStateHostLane3,NPStateHostLane3,0x16,201,1,0x0F,Lane-banked,enum4,,,,,RO,Normal,Rqd,,Network Path State of host lane 3 (see Table 8-144),,8-143,Page not in SONiC,
NPStateHostLane6,NPStateHostLane6,0x16,202,1,0xF0,Lane-banked,enum4,,,,,RO,Normal,Rqd,,Network Path State of host lane 6 (see Table 8-144),,8-143,Page not in SONiC,
NPStateHostLane5,NPStateHostLane5,0x16,202,1,0x0F,Lane-banked,enum4,,,,,RO,Normal,Rqd,,Network Path State of host lane 5 (see Table 8-144),,8-143,Page not in SONiC,
NPStateHostLane8,NPStateHostLane8,0x16,203,1,0xF0,Lane-banked,enum4,,,,,RO,Normal,Rqd,,Network Path State of host lane 8 (see Table 8-144),,8-143,Page not in SONiC,
NPStateHostLane7,NPStateHostLane7,0x16,203,1,0x0F,Lane-banked,enum4,,,,,RO,Normal,Rqd,,Network Path State of host lane 7 (see Table 8-144),,8-143,Page not in SONiC,
NPInitPendingLane8,NPInitPendingLane8,0x16,204,1,0x80,Lane-banked,bool,,,,,RO,Normal,Rqd,,"NPInitPendingLane<i> 0b: NPInit not pending 1b: Commissioning the NP Active Control Set during NPInit has not yet been executed after a successful ApplyNPInit, hence the NP Active Control Set content may still deviate from the actual hardware configuration. Note: The setting SteppedConfigOnly is irrelevant for the NPSM.",,8-145,Page not in SONiC,
NPInitPendingLane7,NPInitPendingLane7,0x16,204,1,0x40,Lane-banked,bool,,,,,RO,Normal,Rqd,,"NPInitPendingLane<i> 0b: NPInit not pending 1b: Commissioning the NP Active Control Set during NPInit has not yet been executed after a successful ApplyNPInit, hence the NP Active Control Set content may still deviate from the actual hardware configuration. Note: The setting SteppedConfigOnly is irrelevant for the NPSM.",,8-145,Page not in SONiC,
NPInitPendingLane6,NPInitPendingLane6,0x16,204,1,0x20,Lane-banked,bool,,,,,RO,Normal,Rqd,,"NPInitPendingLane<i> 0b: NPInit not pending 1b: Commissioning the NP Active Control Set during NPInit has not yet been executed after a successful ApplyNPInit, hence the NP Active Control Set content may still deviate from the actual hardware configuration. Note: The setting SteppedConfigOnly is irrelevant for the NPSM.",,8-145,Page not in SONiC,
NPInitPendingLane5,NPInitPendingLane5,0x16,204,1,0x10,Lane-banked,bool,,,,,RO,Normal,Rqd,,"NPInitPendingLane<i> 0b: NPInit not pending 1b: Commissioning the NP Active Control Set during NPInit has not yet been executed after a successful ApplyNPInit, hence the NP Active Control Set content may still deviate from the actual hardware configuration. Note: The setting SteppedConfigOnly is irrelevant for the NPSM.",,8-145,Page not in SONiC,
NPInitPendingLane4,NPInitPendingLane4,0x16,204,1,0x08,Lane-banked,bool,,,,,RO,Normal,Rqd,,"NPInitPendingLane<i> 0b: NPInit not pending 1b: Commissioning the NP Active Control Set during NPInit has not yet been executed after a successful ApplyNPInit, hence the NP Active Control Set content may still deviate from the actual hardware configuration. Note: The setting SteppedConfigOnly is irrelevant for the NPSM.",,8-145,Page not in SONiC,
NPInitPendingLane3,NPInitPendingLane3,0x16,204,1,0x04,Lane-banked,bool,,,,,RO,Normal,Rqd,,"NPInitPendingLane<i> 0b: NPInit not pending 1b: Commissioning the NP Active Control Set during NPInit has not yet been executed after a successful ApplyNPInit, hence the NP Active Control Set content may still deviate from the actual hardware configuration. Note: The setting SteppedConfigOnly is irrelevant for the NPSM.",,8-145,Page not in SONiC,
NPInitPendingLane2,NPInitPendingLane2,0x16,204,1,0x02,Lane-banked,bool,,,,,RO,Normal,Rqd,,"NPInitPendingLane<i> 0b: NPInit not pending 1b: Commissioning the NP Active Control Set during NPInit has not yet been executed after a successful ApplyNPInit, hence the NP Active Control Set content may still deviate from the actual hardware configuration. Note: The setting SteppedConfigOnly is irrelevant for the NPSM.",,8-145,Page not in SONiC,
NPInitPendingLane1,NPInitPendingLane1,0x16,204,1,0x01,Lane-banked,bool,,,,,RO,Normal,Rqd,,"NPInitPendingLane<i> 0b: NPInit not pending 1b: Commissioning the NP Active Control Set during NPInit has not yet been executed after a successful ApplyNPInit, hence the NP Active Control Set content may still deviate from the actual hardware configuration. Note: The setting SteppedConfigOnly is irrelevant for the NPSM.",,8-145,Page not in SONiC,
MaxDurationNPDeinit,MaxDurationNPDeinit,0x16,224,1,0xF0,Lane-banked,bitfield4,,,,,RO,Normal,Rqd,,Maximum duration of the NPDeinit state (encoded as per Table 8-48),,8-146,Page not in SONiC,
MaxDurationNPInit,MaxDurationNPInit,0x16,224,1,0x0F,Lane-banked,bitfield4,,,,,RO,Normal,Rqd,,Maximum duration of the NPInit state (encoded as per Table 8-48),,8-146,Page not in SONiC,
MaxDurationNPTxTurnOff,MaxDurationNPTxTurnOff,0x16,225,1,0xF0,Lane-banked,bitfield4,,,,,RO,Normal,Rqd,,Encoded maximum duration of the NPTxTurnOff state (see Table 8-48),,8-146,Page not in SONiC,
MaxDurationNPTxTurnOn,MaxDurationNPTxTurnOn,0x16,225,1,0x0F,Lane-banked,bitfield4,,,,,RO,Normal,Rqd,,Encoded maximum duration of the NPTxTurnOn state (see Table 8-48),,8-146,Page not in SONiC,
Reserved.16h.226,Reserved,0x16,226,1,0xFC,Lane-banked,,,,,,RO,Normal,,,Reserved,,8-147,Page not in SONiC,
ReplaceHPSignalTxSupported,ReplaceHPSignalTxSupported,0x16,226,1,0x02,Lane-banked,bool,,,,,RO,Normal,Rqd,,0b: not supported 1b: Tx replacement signals for NP inputs are supported,,8-147,Page not in SONiC,
ReplaceHPSignalRxSupported,ReplaceHPSignalRxSupported,0x16,226,1,0x01,Lane-banked,bool,,,,,RO,Normal,Rqd,,0b: not supported 1b: Rx replacement signals for NP outputs are supported,,8-147,Page not in SONiC,
MuxGranularity1,MuxGranularity1,0x16,228,1,,Lane-banked,u8,,,,,RO,Normal,Rqd,,"U8 MuxGranularity<i> 0: Not supported (end of granularity list: after a zero value, all following MuxGranularity<i> fields are zero as well) >0: HostInterfaceID indicating the lane data rate and the multiplex rate granularity: all multiplexed signals have the same lane data rate and a data rate that is a power of two multiple of the multiplex rate granularity",,8-150,Page not in SONiC,
MuxGranularity2,MuxGranularity2,0x16,229,1,,Lane-banked,u8,,,,,RO,Normal,Rqd,,"U8 MuxGranularity<i> 0: Not supported (end of granularity list: after a zero value, all following MuxGranularity<i> fields are zero as well) >0: HostInterfaceID indicating the lane data rate and the multiplex rate granularity: all multiplexed signals have the same lane data rate and a data rate that is a power of two multiple of the multiplex rate granularity",,8-150,Page not in SONiC,
MuxGranularity3,MuxGranularity3,0x16,230,1,,Lane-banked,u8,,,,,RO,Normal,Rqd,,"U8 MuxGranularity<i> 0: Not supported (end of granularity list: after a zero value, all following MuxGranularity<i> fields are zero as well) >0: HostInterfaceID indicating the lane data rate and the multiplex rate granularity: all multiplexed signals have the same lane data rate and a data rate that is a power of two multiple of the multiplex rate granularity",,8-150,Page not in SONiC,
MuxGranularity4,MuxGranularity4,0x16,231,1,,Lane-banked,u8,,,,,RO,Normal,Rqd,,"U8 MuxGranularity<i> 0: Not supported (end of granularity list: after a zero value, all following MuxGranularity<i> fields are zero as well) >0: HostInterfaceID indicating the lane data rate and the multiplex rate granularity: all multiplexed signals have the same lane data rate and a data rate that is a power of two multiple of the multiplex rate granularity",,8-150,Page not in SONiC,
MuxStructsSupported1,MuxStructsSupported1,0x16,232,4,,Lane-banked,u32,,,Big-endian,,RO,Normal,Rqd,,U32 MuxStructsSupported<i> contains a bit mask where each bit <j> set indicates support for the multiplex structure ID <j> as defined in Table 8-149,,8-151,Page not in SONiC,
MuxStructsSupported2,MuxStructsSupported2,0x16,236,4,,Lane-banked,u32,,,Big-endian,,RO,Normal,Rqd,,U32 MuxStructsSupported<i> contains a bit mask where each bit <j> set indicates support for the multiplex structure ID <j> as defined in Table 8-149,,8-151,Page not in SONiC,
MuxStructsSupported3,MuxStructsSupported3,0x16,240,4,,Lane-banked,u32,,,Big-endian,,RO,Normal,Rqd,,U32 MuxStructsSupported<i> contains a bit mask where each bit <j> set indicates support for the multiplex structure ID <j> as defined in Table 8-149,,8-151,Page not in SONiC,
MuxStructsSupported4,MuxStructsSupported4,0x16,244,4,,Lane-banked,u32,,,Big-endian,,RO,Normal,Rqd,,U32 MuxStructsSupported<i> contains a bit mask where each bit <j> set indicates support for the multiplex structure ID <j> as defined in Table 8-149,,8-151,Page not in SONiC,
ExtAppDescriptor15,ExtAppDescriptor15,0x16,248,1,0x80,Lane-banked,bool,,,,,RO,Normal,Rqd,,ExtAppDescriptor<i> The Application Descriptor identified by AppSel<i>: 0b: describes a supported DP Application 1b: (partially) describes a supported NP Application Note: The value is irrelevant when the Application Descriptor identified by AppSel<i> is unused.,,8-148,Page not in SONiC,
ExtAppDescriptor14,ExtAppDescriptor14,0x16,248,1,0x40,Lane-banked,bool,,,,,RO,Normal,Rqd,,ExtAppDescriptor<i> The Application Descriptor identified by AppSel<i>: 0b: describes a supported DP Application 1b: (partially) describes a supported NP Application Note: The value is irrelevant when the Application Descriptor identified by AppSel<i> is unused.,,8-148,Page not in SONiC,
ExtAppDescriptor13,ExtAppDescriptor13,0x16,248,1,0x20,Lane-banked,bool,,,,,RO,Normal,Rqd,,ExtAppDescriptor<i> The Application Descriptor identified by AppSel<i>: 0b: describes a supported DP Application 1b: (partially) describes a supported NP Application Note: The value is irrelevant when the Application Descriptor identified by AppSel<i> is unused.,,8-148,Page not in SONiC,
ExtAppDescriptor12,ExtAppDescriptor12,0x16,248,1,0x10,Lane-banked,bool,,,,,RO,Normal,Rqd,,ExtAppDescriptor<i> The Application Descriptor identified by AppSel<i>: 0b: describes a supported DP Application 1b: (partially) describes a supported NP Application Note: The value is irrelevant when the Application Descriptor identified by AppSel<i> is unused.,,8-148,Page not in SONiC,
ExtAppDescriptor11,ExtAppDescriptor11,0x16,248,1,0x08,Lane-banked,bool,,,,,RO,Normal,Rqd,,ExtAppDescriptor<i> The Application Descriptor identified by AppSel<i>: 0b: describes a supported DP Application 1b: (partially) describes a supported NP Application Note: The value is irrelevant when the Application Descriptor identified by AppSel<i> is unused.,,8-148,Page not in SONiC,
ExtAppDescriptor10,ExtAppDescriptor10,0x16,248,1,0x04,Lane-banked,bool,,,,,RO,Normal,Rqd,,ExtAppDescriptor<i> The Application Descriptor identified by AppSel<i>: 0b: describes a supported DP Application 1b: (partially) describes a supported NP Application Note: The value is irrelevant when the Application Descriptor identified by AppSel<i> is unused.,,8-148,Page not in SONiC,
ExtAppDescriptor9,ExtAppDescriptor9,0x16,248,1,0x02,Lane-banked,bool,,,,,RO,Normal,Rqd,,ExtAppDescriptor<i> The Application Descriptor identified by AppSel<i>: 0b: describes a supported DP Application 1b: (partially) describes a supported NP Application Note: The value is irrelevant when the Application Descriptor identified by AppSel<i> is unused.,,8-148,Page not in SONiC,
ExtAppDescriptor8,ExtAppDescriptor8,0x16,248,1,0x01,Lane-banked,bool,,,,,RO,Normal,Rqd,,ExtAppDescriptor<i> The Application Descriptor identified by AppSel<i>: 0b: describes a supported DP Application 1b: (partially) describes a supported NP Application Note: The value is irrelevant when the Application Descriptor identified by AppSel<i> is unused.,,8-148,Page not in SONiC,
ExtAppDescriptor7,ExtAppDescriptor7,0x16,249,1,0x80,Lane-banked,bool,,,,,RO,Normal,Rqd,,ExtAppDescriptor<i> The Application Descriptor identified by AppSel<i>: 0b: describes a supported DP Application 1b: (partially) describes a supported NP Application Note: The value is irrelevant when the Application Descriptor identified by AppSel<i> is unused.,,8-148,Page not in SONiC,
ExtAppDescriptor6,ExtAppDescriptor6,0x16,249,1,0x40,Lane-banked,bool,,,,,RO,Normal,Rqd,,ExtAppDescriptor<i> The Application Descriptor identified by AppSel<i>: 0b: describes a supported DP Application 1b: (partially) describes a supported NP Application Note: The value is irrelevant when the Application Descriptor identified by AppSel<i> is unused.,,8-148,Page not in SONiC,
ExtAppDescriptor5,ExtAppDescriptor5,0x16,249,1,0x20,Lane-banked,bool,,,,,RO,Normal,Rqd,,ExtAppDescriptor<i> The Application Descriptor identified by AppSel<i>: 0b: describes a supported DP Application 1b: (partially) describes a supported NP Application Note: The value is irrelevant when the Application Descriptor identified by AppSel<i> is unused.,,8-148,Page not in SONiC,
ExtAppDescriptor4,ExtAppDescriptor4,0x16,249,1,0x10,Lane-banked,bool,,,,,RO,Normal,Rqd,,ExtAppDescriptor<i> The Application Descriptor identified by AppSel<i>: 0b: describes a supported DP Application 1b: (partially) describes a supported NP Application Note: The value is irrelevant when the Application Descriptor identified by AppSel<i> is unused.,,8-148,Page not in SONiC,
ExtAppDescriptor3,ExtAppDescriptor3,0x16,249,1,0x08,Lane-banked,bool,,,,,RO,Normal,Rqd,,ExtAppDescriptor<i> The Application Descriptor identified by AppSel<i>: 0b: describes a supported DP Application 1b: (partially) describes a supported NP Application Note: The value is irrelevant when the Application Descriptor identified by AppSel<i> is unused.,,8-148,Page not in SONiC,
ExtAppDescriptor2,ExtAppDescriptor2,0x16,249,1,0x04,Lane-banked,bool,,,,,RO,Normal,Rqd,,ExtAppDescriptor<i> The Application Descriptor identified by AppSel<i>: 0b: describes a supported DP Application 1b: (partially) describes a supported NP Application Note: The value is irrelevant when the Application Descriptor identified by AppSel<i> is unused.,,8-148,Page not in SONiC,
ExtAppDescriptor1,ExtAppDescriptor1,0x16,249,1,0x02,Lane-banked,bool,,,,,RO,Normal,Rqd,,ExtAppDescriptor<i> The Application Descriptor identified by AppSel<i>: 0b: describes a supported DP Application 1b: (partially) describes a supported NP Application Note: The value is irrelevant when the Application Descriptor identified by AppSel<i> is unused.,,8-148,Page not in SONiC,
Reserved.16h.249,Reserved,0x16,249,1,0x01,Lane-banked,,,,,,RO,Normal,,,ExtAppDescriptor<i> The Application Descriptor identified by AppSel<i>: 0b: describes a supported DP Application 1b: (partially) describes a supported NP Application Note: The value is irrelevant when the Application Descriptor identified by AppSel<i> is unused.,,8-148,Page not in SONiC,
NPStateChangedFlag8,NPStateChangedFlag8,0x17,128,1,0x80,Lane-banked,bool,,,,,RO,ClearOnRead,,,"NPStateChangedFlag<i> Latched Network Path State Changed Flag, for Network Path of host lane <i> Condition: Page 16h supported",,8-153,Page not in SONiC,
NPStateChangedFlag7,NPStateChangedFlag7,0x17,128,1,0x40,Lane-banked,bool,,,,,RO,ClearOnRead,,,"NPStateChangedFlag<i> Latched Network Path State Changed Flag, for Network Path of host lane <i> Condition: Page 16h supported",,8-153,Page not in SONiC,
NPStateChangedFlag6,NPStateChangedFlag6,0x17,128,1,0x20,Lane-banked,bool,,,,,RO,ClearOnRead,,,"NPStateChangedFlag<i> Latched Network Path State Changed Flag, for Network Path of host lane <i> Condition: Page 16h supported",,8-153,Page not in SONiC,
NPStateChangedFlag5,NPStateChangedFlag5,0x17,128,1,0x10,Lane-banked,bool,,,,,RO,ClearOnRead,,,"NPStateChangedFlag<i> Latched Network Path State Changed Flag, for Network Path of host lane <i> Condition: Page 16h supported",,8-153,Page not in SONiC,
NPStateChangedFlag4,NPStateChangedFlag4,0x17,128,1,0x08,Lane-banked,bool,,,,,RO,ClearOnRead,,,"NPStateChangedFlag<i> Latched Network Path State Changed Flag, for Network Path of host lane <i> Condition: Page 16h supported",,8-153,Page not in SONiC,
NPStateChangedFlag3,NPStateChangedFlag3,0x17,128,1,0x04,Lane-banked,bool,,,,,RO,ClearOnRead,,,"NPStateChangedFlag<i> Latched Network Path State Changed Flag, for Network Path of host lane <i> Condition: Page 16h supported",,8-153,Page not in SONiC,
NPStateChangedFlag2,NPStateChangedFlag2,0x17,128,1,0x02,Lane-banked,bool,,,,,RO,ClearOnRead,,,"NPStateChangedFlag<i> Latched Network Path State Changed Flag, for Network Path of host lane <i> Condition: Page 16h supported",,8-153,Page not in SONiC,
NPStateChangedFlag1,NPStateChangedFlag1,0x17,128,1,0x01,Lane-banked,bool,,,,,RO,ClearOnRead,,,"NPStateChangedFlag<i> Latched Network Path State Changed Flag, for Network Path of host lane <i> Condition: Page 16h supported",,8-153,Page not in SONiC,
NPStateChangedMask8,NPStateChangedMask8,0x17,192,1,0x80,Lane-banked,bool,,,,,RW,Normal,,,NPStateChangedMask<i> Mask for NPStateChangedFlag<i> for Network Path of host lane <i> Condition: Page 16h supported,,8-154,Page not in SONiC,
NPStateChangedMask7,NPStateChangedMask7,0x17,192,1,0x40,Lane-banked,bool,,,,,RW,Normal,,,NPStateChangedMask<i> Mask for NPStateChangedFlag<i> for Network Path of host lane <i> Condition: Page 16h supported,,8-154,Page not in SONiC,
NPStateChangedMask6,NPStateChangedMask6,0x17,192,1,0x20,Lane-banked,bool,,,,,RW,Normal,,,NPStateChangedMask<i> Mask for NPStateChangedFlag<i> for Network Path of host lane <i> Condition: Page 16h supported,,8-154,Page not in SONiC,
NPStateChangedMask5,NPStateChangedMask5,0x17,192,1,0x10,Lane-banked,bool,,,,,RW,Normal,,,NPStateChangedMask<i> Mask for NPStateChangedFlag<i> for Network Path of host lane <i> Condition: Page 16h supported,,8-154,Page not in SONiC,
NPStateChangedMask4,NPStateChangedMask4,0x17,192,1,0x08,Lane-banked,bool,,,,,RW,Normal,,,NPStateChangedMask<i> Mask for NPStateChangedFlag<i> for Network Path of host lane <i> Condition: Page 16h supported,,8-154,Page not in SONiC,
NPStateChangedMask3,NPStateChangedMask3,0x17,192,1,0x04,Lane-banked,bool,,,,,RW,Normal,,,NPStateChangedMask<i> Mask for NPStateChangedFlag<i> for Network Path of host lane <i> Condition: Page 16h supported,,8-154,Page not in SONiC,
NPStateChangedMask2,NPStateChangedMask2,0x17,192,1,0x02,Lane-banked,bool,,,,,RW,Normal,,,NPStateChangedMask<i> Mask for NPStateChangedFlag<i> for Network Path of host lane <i> Condition: Page 16h supported,,8-154,Page not in SONiC,
NPStateChangedMask1,NPStateChangedMask1,0x17,192,1,0x01,Lane-banked,bool,,,,,RW,Normal,,,NPStateChangedMask<i> Mask for NPStateChangedFlag<i> for Network Path of host lane <i> Condition: Page 16h supported,,8-154,Page not in SONiC,
Reserved.18h.128,Reserved,0x18,128,1,0xF0,Lane-banked,,,,,,RW,Normal,,,SCS0::NADBlockIndex<lane> Condition: Page 1Ch supported Bits 7-4 are Reserved to allow future expansion,,8-156,Page not in SONiC,
NADBlockIndex1.18h.128,NADBlockIndex1,0x18,128,1,0x0F,Lane-banked,bitfield4,,,,,RW,Normal,Cnd,,SCS0::NADBlockIndex<lane> Condition: Page 1Ch supported Bits 7-4 are Reserved to allow future expansion,,8-156,Page not in SONiC,
Reserved.18h.129,Reserved,0x18,129,1,0xF0,Lane-banked,,,,,,RW,Normal,,,SCS0::NADBlockIndex<lane> Condition: Page 1Ch supported Bits 7-4 are Reserved to allow future expansion,,8-156,Page not in SONiC,
NADBlockIndex2.18h.129,NADBlockIndex2,0x18,129,1,0x0F,Lane-banked,bitfield4,,,,,RW,Normal,Cnd,,SCS0::NADBlockIndex<lane> Condition: Page 1Ch supported Bits 7-4 are Reserved to allow future expansion,,8-156,Page not in SONiC,
Reserved.18h.130,Reserved,0x18,130,1,0xF0,Lane-banked,,,,,,RW,Normal,,,SCS0::NADBlockIndex<lane> Condition: Page 1Ch supported Bits 7-4 are Reserved to allow future expansion,,8-156,Page not in SONiC,
NADBlockIndex3.18h.130,NADBlockIndex3,0x18,130,1,0x0F,Lane-banked,bitfield4,,,,,RW,Normal,Cnd,,SCS0::NADBlockIndex<lane> Condition: Page 1Ch supported Bits 7-4 are Reserved to allow future expansion,,8-156,Page not in SONiC,
Reserved.18h.131,Reserved,0x18,131,1,0xF0,Lane-banked,,,,,,RW,Normal,,,SCS0::NADBlockIndex<lane> Condition: Page 1Ch supported Bits 7-4 are Reserved to allow future expansion,,8-156,Page not in SONiC,
NADBlockIndex4.18h.131,NADBlockIndex4,0x18,131,1,0x0F,Lane-banked,bitfield4,,,,,RW,Normal,Cnd,,SCS0::NADBlockIndex<lane> Condition: Page 1Ch supported Bits 7-4 are Reserved to allow future expansion,,8-156,Page not in SONiC,
Reserved.18h.132,Reserved,0x18,132,1,0xF0,Lane-banked,,,,,,RW,Normal,,,SCS0::NADBlockIndex<lane> Condition: Page 1Ch supported Bits 7-4 are Reserved to allow future expansion,,8-156,Page not in SONiC,
NADBlockIndex5.18h.132,NADBlockIndex5,0x18,132,1,0x0F,Lane-banked,bitfield4,,,,,RW,Normal,Cnd,,SCS0::NADBlockIndex<lane> Condition: Page 1Ch supported Bits 7-4 are Reserved to allow future expansion,,8-156,Page not in SONiC,
Reserved.18h.133,Reserved,0x18,133,1,0xF0,Lane-banked,,,,,,RW,Normal,,,SCS0::NADBlockIndex<lane> Condition: Page 1Ch supported Bits 7-4 are Reserved to allow future expansion,,8-156,Page not in SONiC,
NADBlockIndex6.18h.133,NADBlockIndex6,0x18,133,1,0x0F,Lane-banked,bitfield4,,,,,RW,Normal,Cnd,,SCS0::NADBlockIndex<lane> Condition: Page 1Ch supported Bits 7-4 are Reserved to allow future expansion,,8-156,Page not in SONiC,
Reserved.18h.134,Reserved,0x18,134,1,0xF0,Lane-banked,,,,,,RW,Normal,,,SCS0::NADBlockIndex<lane> Condition: Page 1Ch supported Bits 7-4 are Reserved to allow future expansion,,8-156,Page not in SONiC,
NADBlockIndex7.18h.134,NADBlockIndex7,0x18,134,1,0x0F,Lane-banked,bitfield4,,,,,RW,Normal,Cnd,,SCS0::NADBlockIndex<lane> Condition: Page 1Ch supported Bits 7-4 are Reserved to allow future expansion,,8-156,Page not in SONiC,
Reserved.18h.135,Reserved,0x18,135,1,0xF0,Lane-banked,,,,,,RW,Normal,,,SCS0::NADBlockIndex<lane> Condition: Page 1Ch supported Bits 7-4 are Reserved to allow future expansion,,8-156,Page not in SONiC,
NADBlockIndex8.18h.135,NADBlockIndex8,0x18,135,1,0x0F,Lane-banked,bitfield4,,,,,RW,Normal,Cnd,,SCS0::NADBlockIndex<lane> Condition: Page 1Ch supported Bits 7-4 are Reserved to allow future expansion,,8-156,Page not in SONiC,
Reserved.18h.136,Reserved,0x18,136,1,0xF0,Lane-banked,,,,,,RW,Normal,,,SCS1::NADBlockIndex<lane> Condition: Page 1Ch supported and SCS1 supported Bits 7-4 are Reserved to allow future expansion,,8-157,Page not in SONiC,
NADBlockIndex1.18h.136,NADBlockIndex1,0x18,136,1,0x0F,Lane-banked,bitfield4,,,,,RW,Normal,Cnd,,SCS1::NADBlockIndex<lane> Condition: Page 1Ch supported and SCS1 supported Bits 7-4 are Reserved to allow future expansion,,8-157,Page not in SONiC,
Reserved.18h.137,Reserved,0x18,137,1,0xF0,Lane-banked,,,,,,RW,Normal,,,SCS1::NADBlockIndex<lane> Condition: Page 1Ch supported and SCS1 supported Bits 7-4 are Reserved to allow future expansion,,8-157,Page not in SONiC,
NADBlockIndex2.18h.137,NADBlockIndex2,0x18,137,1,0x0F,Lane-banked,bitfield4,,,,,RW,Normal,Cnd,,SCS1::NADBlockIndex<lane> Condition: Page 1Ch supported and SCS1 supported Bits 7-4 are Reserved to allow future expansion,,8-157,Page not in SONiC,
Reserved.18h.138,Reserved,0x18,138,1,0xF0,Lane-banked,,,,,,RW,Normal,,,SCS1::NADBlockIndex<lane> Condition: Page 1Ch supported and SCS1 supported Bits 7-4 are Reserved to allow future expansion,,8-157,Page not in SONiC,
NADBlockIndex3.18h.138,NADBlockIndex3,0x18,138,1,0x0F,Lane-banked,bitfield4,,,,,RW,Normal,Cnd,,SCS1::NADBlockIndex<lane> Condition: Page 1Ch supported and SCS1 supported Bits 7-4 are Reserved to allow future expansion,,8-157,Page not in SONiC,
Reserved.18h.139,Reserved,0x18,139,1,0xF0,Lane-banked,,,,,,RW,Normal,,,SCS1::NADBlockIndex<lane> Condition: Page 1Ch supported and SCS1 supported Bits 7-4 are Reserved to allow future expansion,,8-157,Page not in SONiC,
NADBlockIndex4.18h.139,NADBlockIndex4,0x18,139,1,0x0F,Lane-banked,bitfield4,,,,,RW,Normal,Cnd,,SCS1::NADBlockIndex<lane> Condition: Page 1Ch supported and SCS1 supported Bits 7-4 are Reserved to allow future expansion,,8-157,Page not in SONiC,
Reserved.18h.140,Reserved,0x18,140,1,0xF0,Lane-banked,,,,,,RW,Normal,,,SCS1::NADBlockIndex<lane> Condition: Page 1Ch supported and SCS1 supported Bits 7-4 are Reserved to allow future expansion,,8-157,Page not in SONiC,
NADBlockIndex5.18h.140,NADBlockIndex5,0x18,140,1,0x0F,Lane-banked,bitfield4,,,,,RW,Normal,Cnd,,SCS1::NADBlockIndex<lane> Condition: Page 1Ch supported and SCS1 supported Bits 7-4 are Reserved to allow future expansion,,8-157,Page not in SONiC,
Reserved.18h.141,Reserved,0x18,141,1,0xF0,Lane-banked,,,,,,RW,Normal,,,SCS1::NADBlockIndex<lane> Condition: Page 1Ch supported and SCS1 supported Bits 7-4 are Reserved to allow future expansion,,8-157,Page not in SONiC,
NADBlockIndex6.18h.141,NADBlockIndex6,0x18,141,1,0x0F,Lane-banked,bitfield4,,,,,RW,Normal,Cnd,,SCS1::NADBlockIndex<lane> Condition: Page 1Ch supported and SCS1 supported Bits 7-4 are Reserved to allow future expansion,,8-157,Page not in SONiC,
Reserved.18h.142,Reserved,0x18,142,1,0xF0,Lane-banked,,,,,,RW,Normal,,,,,8-157,Page not in SONiC,
NADBlockIndex7.18h.142,NADBlockIndex7,0x18,142,1,0x0F,Lane-banked,bitfield4,,,,,RW,Normal,Cnd,,SCS1::NADBlockIndex<lane> Condition: Page 1Ch supported and SCS1 supported Bits 7-4 are Reserved to allow future expansion,,8-157,Page not in SONiC,
Reserved.18h.143,Reserved,0x18,143,1,0xF0,Lane-banked,,,,,,RW,Normal,,,SCS1::NADBlockIndex<lane> Condition: Page 1Ch supported and SCS1 supported Bits 7-4 are Reserved to allow future expansion,,8-157,Page not in SONiC,
NADBlockIndex8.18h.143,NADBlockIndex8,0x18,143,1,0x0F,Lane-banked,bitfield4,,,,,RW,Normal,Cnd,,SCS1::NADBlockIndex<lane> Condition: Page 1Ch supported and SCS1 supported Bits 7-4 are Reserved to allow future expansion,,8-157,Page not in SONiC,
AppSelCodeTx1,AppSelCodeTx1,0x19,128,1,0xF0,Lane-banked,bitfield4,,,,,RO,Normal,Cnd,,ACS::DPConfigTx1 See Table 8-92,,8-159,Page not in SONiC,
DataPathIDTx1,DataPathIDTx1,0x19,128,1,0x0E,Lane-banked,bitfield3,,,,,RO,Normal,Cnd,,ACS::DPConfigTx1 See Table 8-92,,8-159,Page not in SONiC,
ExplicitControlTx1,ExplicitControlTx1,0x19,128,1,0x01,Lane-banked,bool,,,,,RO,Normal,Cnd,,ACS::DPConfigTx1 See Table 8-92,,8-159,Page not in SONiC,
AppSelCodeTx2,AppSelCodeTx2,0x19,129,1,0xF0,Lane-banked,bitfield4,,,,,RO,Normal,Cnd,,ACS::DPConfigTx2 See Table 8-92,,8-159,Page not in SONiC,
DataPathIDTx2,DataPathIDTx2,0x19,129,1,0x0E,Lane-banked,bitfield3,,,,,RO,Normal,Cnd,,ACS::DPConfigTx2 See Table 8-92,,8-159,Page not in SONiC,
ExplicitControlTx2,ExplicitControlTx2,0x19,129,1,0x01,Lane-banked,bool,,,,,RO,Normal,Cnd,,ACS::DPConfigTx2 See Table 8-92,,8-159,Page not in SONiC,
AppSelCodeTx3,AppSelCodeTx3,0x19,130,1,0xF0,Lane-banked,bitfield4,,,,,RO,Normal,Cnd,,ACS::DPConfigTx3 See Table 8-92,,8-159,Page not in SONiC,
DataPathIDTx3,DataPathIDTx3,0x19,130,1,0x0E,Lane-banked,bitfield3,,,,,RO,Normal,Cnd,,ACS::DPConfigTx3 See Table 8-92,,8-159,Page not in SONiC,
ExplicitControlTx3,ExplicitControlTx3,0x19,130,1,0x01,Lane-banked,bool,,,,,RO,Normal,Cnd,,ACS::DPConfigTx3 See Table 8-92,,8-159,Page not in SONiC,
AppSelCodeTx4,AppSelCodeTx4,0x19,131,1,0xF0,Lane-banked,bitfield4,,,,,RO,Normal,Cnd,,ACS::DPConfigTx4 See Table 8-92,,8-159,Page not in SONiC,
DataPathIDTx4,DataPathIDTx4,0x19,131,1,0x0E,Lane-banked,bitfield3,,,,,RO,Normal,Cnd,,ACS::DPConfigTx4 See Table 8-92,,8-159,Page not in SONiC,
ExplicitControlTx4,ExplicitControlTx4,0x19,131,1,0x01,Lane-banked,bool,,,,,RO,Normal,Cnd,,ACS::DPConfigTx4 See Table 8-92,,8-159,Page not in SONiC,
AppSelCodeTx5,AppSelCodeTx5,0x19,132,1,0xF0,Lane-banked,bitfield4,,,,,RO,Normal,Cnd,,ACS::DPConfigTx5 See Table 8-92,,8-159,Page not in SONiC,
DataPathIDTx5,DataPathIDTx5,0x19,132,1,0x0E,Lane-banked,bitfield3,,,,,RO,Normal,Cnd,,ACS::DPConfigTx5 See Table 8-92,,8-159,Page not in SONiC,
ExplicitControlTx5,ExplicitControlTx5,0x19,132,1,0x01,Lane-banked,bool,,,,,RO,Normal,Cnd,,ACS::DPConfigTx5 See Table 8-92,,8-159,Page not in SONiC,
AppSelCodeTx6,AppSelCodeTx6,0x19,133,1,0xF0,Lane-banked,bitfield4,,,,,RO,Normal,Cnd,,ACS::DPConfigTx6 See Table 8-92,,8-159,Page not in SONiC,
DataPathIDTx6,DataPathIDTx6,0x19,133,1,0x0E,Lane-banked,bitfield3,,,,,RO,Normal,Cnd,,ACS::DPConfigTx6 See Table 8-92,,8-159,Page not in SONiC,
ExplicitControlTx6,ExplicitControlTx6,0x19,133,1,0x01,Lane-banked,bool,,,,,RO,Normal,Cnd,,ACS::DPConfigTx6 See Table 8-92,,8-159,Page not in SONiC,
AppSelCodeTx7,AppSelCodeTx7,0x19,134,1,0xF0,Lane-banked,bitfield4,,,,,RO,Normal,Cnd,,ACS::DPConfigTx7 See Table 8-92,,8-159,Page not in SONiC,
DataPathIDTx7,DataPathIDTx7,0x19,134,1,0x0E,Lane-banked,bitfield3,,,,,RO,Normal,Cnd,,ACS::DPConfigTx7 See Table 8-92,,8-159,Page not in SONiC,
ExplicitControlTx7,ExplicitControlTx7,0x19,134,1,0x01,Lane-banked,bool,,,,,RO,Normal,Cnd,,ACS::DPConfigTx7 See Table 8-92,,8-159,Page not in SONiC,
AppSelCodeTx8,AppSelCodeTx8,0x19,135,1,0xF0,Lane-banked,bitfield4,,,,,RO,Normal,Cnd,,ACS::DPConfigTx8 See Table 8-92,,8-159,Page not in SONiC,
DataPathIDTx8,DataPathIDTx8,0x19,135,1,0x0E,Lane-banked,bitfield3,,,,,RO,Normal,Cnd,,ACS::DPConfigTx8 See Table 8-92,,8-159,Page not in SONiC,
ExplicitControlTx8,ExplicitControlTx8,0x19,135,1,0x01,Lane-banked,bool,,,,,RO,Normal,Cnd,,ACS::DPConfigTx8 See Table 8-92,,8-159,Page not in SONiC,
AppSelCodeRx1,AppSelCodeRx1,0x19,136,1,0xF0,Lane-banked,bitfield4,,,,,RO,Normal,Cnd,,ACS::DPConfigRx1 See Table 8-92,,8-160,Page not in SONiC,
DataPathIDRx1,DataPathIDRx1,0x19,136,1,0x0E,Lane-banked,bitfield3,,,,,RO,Normal,Cnd,,ACS::DPConfigRx1 See Table 8-92,,8-160,Page not in SONiC,
ExplicitControlRx1,ExplicitControlRx1,0x19,136,1,0x01,Lane-banked,bool,,,,,RO,Normal,Cnd,,ACS::DPConfigRx1 See Table 8-92,,8-160,Page not in SONiC,
AppSelCodeRx2,AppSelCodeRx2,0x19,137,1,0xF0,Lane-banked,bitfield4,,,,,RO,Normal,Cnd,,ACS::DPConfigRx2 See Table 8-92,,8-160,Page not in SONiC,
DataPathIDRx2,DataPathIDRx2,0x19,137,1,0x0E,Lane-banked,bitfield3,,,,,RO,Normal,Cnd,,ACS::DPConfigRx2 See Table 8-92,,8-160,Page not in SONiC,
ExplicitControlRx2,ExplicitControlRx2,0x19,137,1,0x01,Lane-banked,bool,,,,,RO,Normal,Cnd,,ACS::DPConfigRx2 See Table 8-92,,8-160,Page not in SONiC,
AppSelCodeRx3,AppSelCodeRx3,0x19,138,1,0xF0,Lane-banked,bitfield4,,,,,RO,Normal,Cnd,,ACS::DPConfigRx3 See Table 8-92,,8-160,Page not in SONiC,
DataPathIDRx3,DataPathIDRx3,0x19,138,1,0x0E,Lane-banked,bitfield3,,,,,RO,Normal,Cnd,,ACS::DPConfigRx3 See Table 8-92,,8-160,Page not in SONiC,
ExplicitControlRx3,ExplicitControlRx3,0x19,138,1,0x01,Lane-banked,bool,,,,,RO,Normal,Cnd,,ACS::DPConfigRx3 See Table 8-92,,8-160,Page not in SONiC,
AppSelCodeRx4,AppSelCodeRx4,0x19,139,1,0xF0,Lane-banked,bitfield4,,,,,RO,Normal,Cnd,,ACS::DPConfigRx4 See Table 8-92,,8-160,Page not in SONiC,
DataPathIDRx4,DataPathIDRx4,0x19,139,1,0x0E,Lane-banked,bitfield3,,,,,RO,Normal,Cnd,,ACS::DPConfigRx4 See Table 8-92,,8-160,Page not in SONiC,
ExplicitControlRx4,ExplicitControlRx4,0x19,139,1,0x01,Lane-banked,bool,,,,,RO,Normal,Cnd,,ACS::DPConfigRx4 See Table 8-92,,8-160,Page not in SONiC,
AppSelCodeRx5,AppSelCodeRx5,0x19,140,1,0xF0,Lane-banked,bitfield4,,,,,RO,Normal,Cnd,,ACS::DPConfigRx5 See Table 8-92,,8-160,Page not in SONiC,
DataPathIDRx5,DataPathIDRx5,0x19,140,1,0x0E,Lane-banked,bitfield3,,,,,RO,Normal,Cnd,,ACS::DPConfigRx5 See Table 8-92,,8-160,Page not in SONiC,
ExplicitControlRx5,ExplicitControlRx5,0x19,140,1,0x01,Lane-banked,bool,,,,,RO,Normal,Cnd,,ACS::DPConfigRx5 See Table 8-92,,8-160,Page not in SONiC,
AppSelCodeRx6,AppSelCodeRx6,0x19,141,1,0xF0,Lane-banked,bitfield4,,,,,RO,Normal,Cnd,,ACS::DPConfigRx6 See Table 8-92,,8-160,Page not in SONiC,
DataPathIDRx6,DataPathIDRx6,0x19,141,1,0x0E,Lane-banked,bitfield3,,,,,RO,Normal,Cnd,,ACS::DPConfigRx6 See Table 8-92,,8-160,Page not in SONiC,
ExplicitControlRx6,ExplicitControlRx6,0x19,141,1,0x01,Lane-banked,bool,,,,,RO,Normal,Cnd,,ACS::DPConfigRx6 See Table 8-92,,8-160,Page not in SONiC,
AppSelCodeRx7,AppSelCodeRx7,0x19,142,1,0xF0,Lane-banked,bitfield4,,,,,RO,Normal,Cnd,,ACS::DPConfigRx7 See Table 8-92,,8-160,Page not in SONiC,
DataPathIDRx7,DataPathIDRx7,0x19,142,1,0x0E,Lane-banked,bitfield3,,,,,RO,Normal,Cnd,,ACS::DPConfigRx7 See Table 8-92,,8-160,Page not in SONiC,
ExplicitControlRx7,ExplicitControlRx7,0x19,142,1,0x01,Lane-banked,bool,,,,,RO,Normal,Cnd,,ACS::DPConfigRx7 See Table 8-92,,8-160,Page not in SONiC,
AppSelCodeRx8,AppSelCodeRx8,0x19,143,1,0xF0,Lane-banked,bitfield4,,,,,RO,Normal,Cnd,,ACS::DPConfigRx8 See Table 8-92,,8-160,Page not in SONiC,
DataPathIDRx8,DataPathIDRx8,0x19,143,1,0x0E,Lane-banked,bitfield3,,,,,RO,Normal,Cnd,,ACS::DPConfigRx8 See Table 8-92,,8-160,Page not in SONiC,
ExplicitControlRx8,ExplicitControlRx8,0x19,143,1,0x01,Lane-banked,bool,,,,,RO,Normal,Cnd,,ACS::DPConfigRx8 See Table 8-92,,8-160,Page not in SONiC,
Reserved.19h.144,Reserved,0x19,144,1,0xF0,Lane-banked,,,,,,RO,Normal,,,ACS::NADBlockIndex<lane> B its 7-4 are Reserved to allow future expansion,,8-161,Page not in SONiC,
NADBlockIndex1.19h,NADBlockIndex1,0x19,144,1,0x0F,Lane-banked,bitfield4,,,,,RO,Normal,Cnd,,ACS::NADBlockIndex<lane> B its 7-4 are Reserved to allow future expansion,,8-161,Page not in SONiC,
Reserved.19h.145,Reserved,0x19,145,1,0xF0,Lane-banked,,,,,,RO,Normal,,,ACS::NADBlockIndex<lane> B its 7-4 are Reserved to allow future expansion,,8-161,Page not in SONiC,
NADBlockIndex2.19h,NADBlockIndex2,0x19,145,1,0x0F,Lane-banked,bitfield4,,,,,RO,Normal,Cnd,,ACS::NADBlockIndex<lane> B its 7-4 are Reserved to allow future expansion,,8-161,Page not in SONiC,
Reserved.19h.146,Reserved,0x19,146,1,0xF0,Lane-banked,,,,,,RO,Normal,,,ACS::NADBlockIndex<lane> B its 7-4 are Reserved to allow future expansion,,8-161,Page not in SONiC,
NADBlockIndex3.19h,NADBlockIndex3,0x19,146,1,0x0F,Lane-banked,bitfield4,,,,,RO,Normal,Cnd,,ACS::NADBlockIndex<lane> B its 7-4 are Reserved to allow future expansion,,8-161,Page not in SONiC,
Reserved.19h.147,Reserved,0x19,147,1,0xF0,Lane-banked,,,,,,RO,Normal,,,ACS::NADBlockIndex<lane> B its 7-4 are Reserved to allow future expansion,,8-161,Page not in SONiC,
NADBlockIndex4.19h,NADBlockIndex4,0x19,147,1,0x0F,Lane-banked,bitfield4,,,,,RO,Normal,Cnd,,ACS::NADBlockIndex<lane> B its 7-4 are Reserved to allow future expansion,,8-161,Page not in SONiC,
Reserved.19h.148,Reserved,0x19,148,1,0xF0,Lane-banked,,,,,,RO,Normal,,,ACS::NADBlockIndex<lane> B its 7-4 are Reserved to allow future expansion,,8-161,Page not in SONiC,
NADBlockIndex5.19h,NADBlockIndex5,0x19,148,1,0x0F,Lane-banked,bitfield4,,,,,RO,Normal,Cnd,,ACS::NADBlockIndex<lane> B its 7-4 are Reserved to allow future expansion,,8-161,Page not in SONiC,
Reserved.19h.149,Reserved,0x19,149,1,0xF0,Lane-banked,,,,,,RO,Normal,,,ACS::NADBlockIndex<lane> B its 7-4 are Reserved to allow future expansion,,8-161,Page not in SONiC,
NADBlockIndex6.19h,NADBlockIndex6,0x19,149,1,0x0F,Lane-banked,bitfield4,,,,,RO,Normal,Cnd,,ACS::NADBlockIndex<lane> B its 7-4 are Reserved to allow future expansion,,8-161,Page not in SONiC,
Reserved.19h.150,Reserved,0x19,150,1,0xF0,Lane-banked,,,,,,RO,Normal,,,ACS::NADBlockIndex<lane> B its 7-4 are Reserved to allow future expansion,,8-161,Page not in SONiC,
NADBlockIndex7.19h,NADBlockIndex7,0x19,150,1,0x0F,Lane-banked,bitfield4,,,,,RO,Normal,Cnd,,ACS::NADBlockIndex<lane> B its 7-4 are Reserved to allow future expansion,,8-161,Page not in SONiC,
Reserved.19h.151,Reserved,0x19,151,1,0xF0,Lane-banked,,,,,,RO,Normal,,,ACS::NADBlockIndex<lane> B its 7-4 are Reserved to allow future expansion,,8-161,Page not in SONiC,
NADBlockIndex8.19h,NADBlockIndex8,0x19,151,1,0x0F,Lane-banked,bitfield4,,,,,RO,Normal,Cnd,,ACS::NADBlockIndex<lane> B its 7-4 are Reserved to allow future expansion,,8-161,Page not in SONiC,
NAD1,NAD1,0x1C,128,8,,Application-banked,unspecified,,,,,RO,Normal,Rqd,,"Date structure NAD<i>, with AppSel code = <i> = 1..15, accessed on Bank Index <j>, j = 0..15 is the Normalized Application Descriptor (NAD) for Application Number AN = 15*<j> + <i>, Note: To select the Application with this AN, e.g. in a Control Set, the settings AppSelCode =<i> and NADBlockIndex = <j> must be used (see e.g. Table 8-72, Table 8-77, Table 8-93, as well as Table 8-156, Table 8-157, and Table 8-161 for the relevant fields)",,8-164,Page not in SONiC,
NAD2,NAD2,0x1C,136,8,,Application-banked,unspecified,,,,,RO,Normal,Rqd,,"Date structure NAD<i>, with AppSel code = <i> = 1..15, accessed on Bank Index <j>, j = 0..15 is the Normalized Application Descriptor (NAD) for Application Number AN = 15*<j> + <i>, Note: To select the Application with this AN, e.g. in a Control Set, the settings AppSelCode =<i> and NADBlockIndex = <j> must be used (see e.g. Table 8-72, Table 8-77, Table 8-93, as well as Table 8-156, Table 8-157, and Table 8-161 for the relevant fields)",,8-164,Page not in SONiC,
NAD3,NAD3,0x1C,144,8,,Application-banked,unspecified,,,,,RO,Normal,Rqd,,"Date structure NAD<i>, with AppSel code = <i> = 1..15, accessed on Bank Index <j>, j = 0..15 is the Normalized Application Descriptor (NAD) for Application Number AN = 15*<j> + <i>, Note: To select the Application with this AN, e.g. in a Control Set, the settings AppSelCode =<i> and NADBlockIndex = <j> must be used (see e.g. Table 8-72, Table 8-77, Table 8-93, as well as Table 8-156, Table 8-157, and Table 8-161 for the relevant fields)",,8-164,Page not in SONiC,
NAD4,NAD4,0x1C,152,8,,Application-banked,unspecified,,,,,RO,Normal,Rqd,,"Date structure NAD<i>, with AppSel code = <i> = 1..15, accessed on Bank Index <j>, j = 0..15 is the Normalized Application Descriptor (NAD) for Application Number AN = 15*<j> + <i>, Note: To select the Application with this AN, e.g. in a Control Set, the settings AppSelCode =<i> and NADBlockIndex = <j> must be used (see e.g. Table 8-72, Table 8-77, Table 8-93, as well as Table 8-156, Table 8-157, and Table 8-161 for the relevant fields)",,8-164,Page not in SONiC,
NAD5,NAD5,0x1C,160,8,,Application-banked,unspecified,,,,,RO,Normal,Rqd,,"Date structure NAD<i>, with AppSel code = <i> = 1..15, accessed on Bank Index <j>, j = 0..15 is the Normalized Application Descriptor (NAD) for Application Number AN = 15*<j> + <i>, Note: To select the Application with this AN, e.g. in a Control Set, the settings AppSelCode =<i> and NADBlockIndex = <j> must be used (see e.g. Table 8-72, Table 8-77, Table 8-93, as well as Table 8-156, Table 8-157, and Table 8-161 for the relevant fields)",,8-164,Page not in SONiC,
NAD6,NAD6,0x1C,168,8,,Application-banked,unspecified,,,,,RO,Normal,Rqd,,"Date structure NAD<i>, with AppSel code = <i> = 1..15, accessed on Bank Index <j>, j = 0..15 is the Normalized Application Descriptor (NAD) for Application Number AN = 15*<j> + <i>, Note: To select the Application with this AN, e.g. in a Control Set, the settings AppSelCode =<i> and NADBlockIndex = <j> must be used (see e.g. Table 8-72, Table 8-77, Table 8-93, as well as Table 8-156, Table 8-157, and Table 8-161 for the relevant fields)",,8-164,Page not in SONiC,
NAD7,NAD7,0x1C,176,8,,Application-banked,unspecified,,,,,RO,Normal,Rqd,,"Date structure NAD<i>, with AppSel code = <i> = 1..15, accessed on Bank Index <j>, j = 0..15 is the Normalized Application Descriptor (NAD) for Application Number AN = 15*<j> + <i>, Note: To select the Application with this AN, e.g. in a Control Set, the settings AppSelCode =<i> and NADBlockIndex = <j> must be used (see e.g. Table 8-72, Table 8-77, Table 8-93, as well as Table 8-156, Table 8-157, and Table 8-161 for the relevant fields)",,8-164,Page not in SONiC,
NAD8,NAD8,0x1C,184,8,,Application-banked,unspecified,,,,,RO,Normal,Rqd,,"Date structure NAD<i>, with AppSel code = <i> = 1..15, accessed on Bank Index <j>, j = 0..15 is the Normalized Application Descriptor (NAD) for Application Number AN = 15*<j> + <i>, Note: To select the Application with this AN, e.g. in a Control Set, the settings AppSelCode =<i> and NADBlockIndex = <j> must be used (see e.g. Table 8-72, Table 8-77, Table 8-93, as well as Table 8-156, Table 8-157, and Table 8-161 for the relevant fields)",,8-164,Page not in SONiC,
NAD9,NAD9,0x1C,192,8,,Application-banked,unspecified,,,,,RO,Normal,Rqd,,"Date structure NAD<i>, with AppSel code = <i> = 1..15, accessed on Bank Index <j>, j = 0..15 is the Normalized Application Descriptor (NAD) for Application Number AN = 15*<j> + <i>, Note: To select the Application with this AN, e.g. in a Control Set, the settings AppSelCode =<i> and NADBlockIndex = <j> must be used (see e.g. Table 8-72, Table 8-77, Table 8-93, as well as Table 8-156, Table 8-157, and Table 8-161 for the relevant fields)",,8-164,Page not in SONiC,
NAD10,NAD10,0x1C,200,8,,Application-banked,unspecified,,,,,RO,Normal,Rqd,,"Date structure NAD<i>, with AppSel code = <i> = 1..15, accessed on Bank Index <j>, j = 0..15 is the Normalized Application Descriptor (NAD) for Application Number AN = 15*<j> + <i>, Note: To select the Application with this AN, e.g. in a Control Set, the settings AppSelCode =<i> and NADBlockIndex = <j> must be used (see e.g. Table 8-72, Table 8-77, Table 8-93, as well as Table 8-156, Table 8-157, and Table 8-161 for the relevant fields)",,8-164,Page not in SONiC,
NAD11,NAD11,0x1C,208,8,,Application-banked,unspecified,,,,,RO,Normal,Rqd,,"Date structure NAD<i>, with AppSel code = <i> = 1..15, accessed on Bank Index <j>, j = 0..15 is the Normalized Application Descriptor (NAD) for Application Number AN = 15*<j> + <i>, Note: To select the Application with this AN, e.g. in a Control Set, the settings AppSelCode =<i> and NADBlockIndex = <j> must be used (see e.g. Table 8-72, Table 8-77, Table 8-93, as well as Table 8-156, Table 8-157, and Table 8-161 for the relevant fields)",,8-164,Page not in SONiC,
NAD12,NAD12,0x1C,216,8,,Application-banked,unspecified,,,,,RO,Normal,Rqd,,"Date structure NAD<i>, with AppSel code = <i> = 1..15, accessed on Bank Index <j>, j = 0..15 is the Normalized Application Descriptor (NAD) for Application Number AN = 15*<j> + <i>, Note: To select the Application with this AN, e.g. in a Control Set, the settings AppSelCode =<i> and NADBlockIndex = <j> must be used (see e.g. Table 8-72, Table 8-77, Table 8-93, as well as Table 8-156, Table 8-157, and Table 8-161 for the relevant fields)",,8-164,Page not in SONiC,
NAD13,NAD13,0x1C,224,8,,Application-banked,unspecified,,,,,RO,Normal,Rqd,,"Date structure NAD<i>, with AppSel code = <i> = 1..15, accessed on Bank Index <j>, j = 0..15 is the Normalized Application Descriptor (NAD) for Application Number AN = 15*<j> + <i>, Note: To select the Application with this AN, e.g. in a Control Set, the settings AppSelCode =<i> and NADBlockIndex = <j> must be used (see e.g. Table 8-72, Table 8-77, Table 8-93, as well as Table 8-156, Table 8-157, and Table 8-161 for the relevant fields)",,8-164,Page not in SONiC,
NAD14,NAD14,0x1C,232,8,,Application-banked,unspecified,,,,,RO,Normal,Rqd,,"Date structure NAD<i>, with AppSel code = <i> = 1..15, accessed on Bank Index <j>, j = 0..15 is the Normalized Application Descriptor (NAD) for Application Number AN = 15*<j> + <i>, Note: To select the Application with this AN, e.g. in a Control Set, the settings AppSelCode =<i> and NADBlockIndex = <j> must be used (see e.g. Table 8-72, Table 8-77, Table 8-93, as well as Table 8-156, Table 8-157, and Table 8-161 for the relevant fields)",,8-164,Page not in SONiC,
NAD15,NAD15,0x1C,240,8,,Application-banked,unspecified,,,,,RO,Normal,Rqd,,"Date structure NAD<i>, with AppSel code = <i> = 1..15, accessed on Bank Index <j>, j = 0..15 is the Normalized Application Descriptor (NAD) for Application Number AN = 15*<j> + <i>, Note: To select the Application with this AN, e.g. in a Control Set, the settings AppSelCode =<i> and NADBlockIndex = <j> must be used (see e.g. Table 8-72, Table 8-77, Table 8-93, as well as Table 8-156, Table 8-157, and Table 8-161 for the relevant fields)",,8-164,Page not in SONiC,
MaxRedirectionCommitDuration,MaxRedirectionCommitDuration,0x1D,128,1,0xF0,Lane-banked,bitfield4,,,,,RO,Normal,Rqd,,"Maximum duration of a CommitRedirection command execution being in progress, encoded as defined in Table 8-48.",,8-166,Page not in SONiC,
Reserved.1Dh.128,Reserved,0x1D,128,1,0x0F,Lane-banked,,,,,,,,,,Reserved,,8-166,Page not in SONiC,
Reserved.1Dh.129,Reserved,0x1D,129,7,,Lane-banked,,,,,,RO,Normal,,,Reserved[7],,8-166,Page not in SONiC,
RedirectionOfLane1,RedirectionOfLane1,0x1D,136,1,,Lane-banked,u8,,,,,RW,Normal,Rqd,,"RedirectionOfLane<i> contains the nominal host lane number j in {1, ..., 8} to which the electrical host lane with lane number <i> is to be redirected. A valid redirection is consistent with the granularity of active Data Paths and with the lane ordering within the Data Paths, and it is a permutation of the lanes.",,8-166,Page not in SONiC,
RedirectionOfLane2,RedirectionOfLane2,0x1D,137,1,,Lane-banked,u8,,,,,RW,Normal,Rqd,,"RedirectionOfLane<i> contains the nominal host lane number j in {1, ..., 8} to which the electrical host lane with lane number <i> is to be redirected. A valid redirection is consistent with the granularity of active Data Paths and with the lane ordering within the Data Paths, and it is a permutation of the lanes.",,8-166,Page not in SONiC,
RedirectionOfLane3,RedirectionOfLane3,0x1D,138,1,,Lane-banked,u8,,,,,RW,Normal,Rqd,,"RedirectionOfLane<i> contains the nominal host lane number j in {1, ..., 8} to which the electrical host lane with lane number <i> is to be redirected. A valid redirection is consistent with the granularity of active Data Paths and with the lane ordering within the Data Paths, and it is a permutation of the lanes.",,8-166,Page not in SONiC,
RedirectionOfLane4,RedirectionOfLane4,0x1D,139,1,,Lane-banked,u8,,,,,RW,Normal,Rqd,,"RedirectionOfLane<i> contains the nominal host lane number j in {1, ..., 8} to which the electrical host lane with lane number <i> is to be redirected. A valid redirection is consistent with the granularity of active Data Paths and with the lane ordering within the Data Paths, and it is a permutation of the lanes.",,8-166,Page not in SONiC,
RedirectionOfLane5,RedirectionOfLane5,0x1D,140,1,,Lane-banked,u8,,,,,RW,Normal,Rqd,,"RedirectionOfLane<i> contains the nominal host lane number j in {1, ..., 8} to which the electrical host lane with lane number <i> is to be redirected. A valid redirection is consistent with the granularity of active Data Paths and with the lane ordering within the Data Paths, and it is a permutation of the lanes.",,8-166,Page not in SONiC,
RedirectionOfLane6,RedirectionOfLane6,0x1D,141,1,,Lane-banked,u8,,,,,RW,Normal,Rqd,,"RedirectionOfLane<i> contains the nominal host lane number j in {1, ..., 8} to which the electrical host lane with lane number <i> is to be redirected. A valid redirection is consistent with the granularity of active Data Paths and with the lane ordering within the Data Paths, and it is a permutation of the lanes.",,8-166,Page not in SONiC,
RedirectionOfLane7,RedirectionOfLane7,0x1D,142,1,,Lane-banked,u8,,,,,RW,Normal,Rqd,,"RedirectionOfLane<i> contains the nominal host lane number j in {1, ..., 8} to which the electrical host lane with lane number <i> is to be redirected. A valid redirection is consistent with the granularity of active Data Paths and with the lane ordering within the Data Paths, and it is a permutation of the lanes.",,8-166,Page not in SONiC,
RedirectionOfLane8,RedirectionOfLane8,0x1D,143,1,,Lane-banked,u8,,,,,RW,Normal,Rqd,,"RedirectionOfLane<i> contains the nominal host lane number j in {1, ..., 8} to which the electrical host lane with lane number <i> is to be redirected. A valid redirection is consistent with the granularity of active Data Paths and with the lane ordering within the Data Paths, and it is a permutation of the lanes.",,8-166,Page not in SONiC,
Reserved.1Dh.144,Reserved,0x1D,144,8,,Lane-banked,,,,,,,,,,Reserved[8],,8-166,Page not in SONiC,
Reserved.1Dh.152,Reserved,0x1D,152,1,0xFE,Lane-banked,,,,,,,,,,Reserved,,8-166,Page not in SONiC,
EnableHostLaneRedirection,EnableHostLaneRedirection,0x1D,152,1,0x01,Lane-banked,bool,,,,,RW,Normal,Rqd,,"0b: disabled: commit command is without effect 1b: enabled: commit command is effective When enabled initially, for the first time, the RedirectionOfLane register shows the trivial unpermuted host lane switching, i.e. the commit command is not executed automatically. When disabled, the current switch configuration remains in effect.",,8-166,Page not in SONiC,
Reserved.1Dh.153,Reserved,0x1D,153,7,,Lane-banked,,,,,,,,,,Reserved[7],,8-166,Page not in SONiC,
Reserved.1Dh.160,Reserved,0x1D,160,1,0xFE,Lane-banked,,,,,,,,,,Reserved,,8-166,Page not in SONiC,
CommitRedirection,CommitRedirection,0x1D,160,1,0x01,Lane-banked,bool,,,,,WO,SelfClearing,Rqd,,"1b: Commit RedirectionOfLane register to HW. Traffic integrity on lanes with unchanged redirection shall not be affected. Like elsewhere in CMIS the command shall be validated prior to execution, and nothing shall be changed in case of a validation failure.",,8-166,Page not in SONiC,
Reserved.1Dh.161,Reserved,0x1D,161,7,,Lane-banked,,,,,,,,,,Reserved[7],,8-166,Page not in SONiC,
RedirectionCommitResult,RedirectionCommitResult,0x1D,168,1,,Lane-banked,u8,,,,,RO,Normal,Rqd,,"RedirectionCommitResult<i> encodes the result of the last (or current) host lane switching commit command on lane <i> 0: No status (initial value) 1: Command execution successful 2: Command execution in progress 3: Rejected, unspecific validation failure 4: Rejected, invalid configuration (no perm.) 5: Rejected, inconsistent with active Data Path 6: Rejected, lane ordering not supported >6 Reserved",,8-166,Page not in SONiC,
Reserved.1Dh.169,Reserved,0x1D,169,15,,Lane-banked,,,,,,RO,Normal,,,Reserved [15],,8-166,Page not in SONiC,
RedirectStatusOfLane1,RedirectStatusOfLane1,0x1D,184,1,,Lane-banked,u8,,,,,RO,Normal,Rqd,,"RedirectStatusOfLane<i> contains the nominal lane number j in {1, ..., 8} to which the electrical host lane <i> is redirected Default value: j = i",,8-166,Page not in SONiC,
RedirectStatusOfLane2,RedirectStatusOfLane2,0x1D,185,1,,Lane-banked,u8,,,,,RO,Normal,Rqd,,"RedirectStatusOfLane<i> contains the nominal lane number j in {1, ..., 8} to which the electrical host lane <i> is redirected Default value: j = i",,8-166,Page not in SONiC,
RedirectStatusOfLane3,RedirectStatusOfLane3,0x1D,186,1,,Lane-banked,u8,,,,,RO,Normal,Rqd,,"RedirectStatusOfLane<i> contains the nominal lane number j in {1, ..., 8} to which the electrical host lane <i> is redirected Default value: j = i",,8-166,Page not in SONiC,
RedirectStatusOfLane4,RedirectStatusOfLane4,0x1D,187,1,,Lane-banked,u8,,,,,RO,Normal,Rqd,,"RedirectStatusOfLane<i> contains the nominal lane number j in {1, ..., 8} to which the electrical host lane <i> is redirected Default value: j = i",,8-166,Page not in SONiC,
RedirectStatusOfLane5,RedirectStatusOfLane5,0x1D,188,1,,Lane-banked,u8,,,,,RO,Normal,Rqd,,"RedirectStatusOfLane<i> contains the nominal lane number j in {1, ..., 8} to which the electrical host lane <i> is redirected Default value: j = i",,8-166,Page not in SONiC,
RedirectStatusOfLane6,RedirectStatusOfLane6,0x1D,189,1,,Lane-banked,u8,,,,,RO,Normal,Rqd,,"RedirectStatusOfLane<i> contains the nominal lane number j in {1, ..., 8} to which the electrical host lane <i> is redirected Default value: j = i",,8-166,Page not in SONiC,
RedirectStatusOfLane7,RedirectStatusOfLane7,0x1D,190,1,,Lane-banked,u8,,,,,RO,Normal,Rqd,,"RedirectStatusOfLane<i> contains the nominal lane number j in {1, ..., 8} to which the electrical host lane <i> is redirected Default value: j = i",,8-166,Page not in SONiC,
RedirectStatusOfLane8,RedirectStatusOfLane8,0x1D,191,1,,Lane-banked,u8,,,,,RO,Normal,Rqd,,"RedirectStatusOfLane<i> contains the nominal lane number j in {1, ..., 8} to which the electrical host lane <i> is redirected Default value: j = i",,8-166,Page not in SONiC,
Reserved.1Dh.192,Reserved,0x1D,192,8,,Lane-banked,,,,,,,,,,Reserved [8],,8-166,Page not in SONiC,
VDMFlags2,VDMFlags2,0x2C,128,1,0xF0,Lane-banked,bitmask4,,,,,RO,ClearOnRead,,,"High/Low Alarm/Warning TC Flags for VDM instance 2, group 1",,8-174,Page not in SONiC,
VDMFlags1,VDMFlags1,0x2C,128,1,0x0F,Lane-banked,bitmask4,,,,,RO,ClearOnRead,,,"High/Low Alarm/Warning TC Flags for VDM instance 1, group 1",,8-174,Page not in SONiC,
VDMFlags3-62,VDMFlags3-62,0x2C,129,30,,Lane-banked,unspecified,,,,,RO,ClearOnRead,,,"High/Low Alarm/Warning TC Flags as described in Table 8-172, for VDM instances 3-62, group 1",,8-174,Page not in SONiC,
VDMFlags64,VDMFlags64,0x2C,159,1,0xF0,Lane-banked,bitmask4,,,,,RO,ClearOnRead,,,"High/Low Alarm/Warning TC Flags for VDM instance 64, group 1",,8-174,Page not in SONiC,
VDMFlags63,VDMFlags63,0x2C,159,1,0x0F,Lane-banked,bitmask4,,,,,RO,ClearOnRead,,,"High/Low Alarm/Warning TC Flags for VDM instance 63, group 1",,8-174,Page not in SONiC,
VDMFlags66,VDMFlags66,0x2C,160,1,0xF0,Lane-banked,bitmask4,,,,,RO,ClearOnRead,,,"High/Low Alarm/Warning TC Flags for VDM instance 66, group 2",,8-174,Page not in SONiC,
VDMFlags65,VDMFlags65,0x2C,160,1,0x0F,Lane-banked,bitmask4,,,,,RO,ClearOnRead,,,"High/Low Alarm/Warning TC Flags for VDM instance 65, group 2",,8-174,Page not in SONiC,
VDMFlags67-126,VDMFlags67-126,0x2C,161,30,,Lane-banked,unspecified,,,,,RO,ClearOnRead,,,"High/Low Alarm/Warning TC Flags as described in Table 8-172, for VDM instances 67-126, group 2",,8-174,Page not in SONiC,
VDMFlags128,VDMFlags128,0x2C,191,1,0xF0,Lane-banked,bitmask4,,,,,RO,ClearOnRead,,,"High/Low Alarm/Warning TC Flags for VDM instance 128, group 2",,8-174,Page not in SONiC,
VDMFlags127,VDMFlags127,0x2C,191,1,0x0F,Lane-banked,bitmask4,,,,,RO,ClearOnRead,,,"High/Low Alarm/Warning TC Flags for VDM instance 127, group 2",,8-174,Page not in SONiC,
VDMFlags130,VDMFlags130,0x2C,192,1,0xF0,Lane-banked,bitmask4,,,,,RO,ClearOnRead,,,"High/Low Alarm/Warning TC Flags for VDM instance 130, group 3",,8-174,Page not in SONiC,
VDMFlags129,VDMFlags129,0x2C,192,1,0x0F,Lane-banked,bitmask4,,,,,RO,ClearOnRead,,,"High/Low Alarm/Warning TC Flags for VDM instance 129, group 3",,8-174,Page not in SONiC,
VDMFlags131-190,VDMFlags131-190,0x2C,193,30,,Lane-banked,unspecified,,,,,RO,ClearOnRead,,,"High/Low Alarm/Warning TC Flags as described in Table 8-172, for VDM instances 131-190, group 3",,8-174,Page not in SONiC,
VDMFlags192,VDMFlags192,0x2C,223,1,0xF0,Lane-banked,bitmask4,,,,,RO,ClearOnRead,,,"High/Low Alarm/Warning TC Flags for VDM instance 192, group 3",,8-174,Page not in SONiC,
VDMFlags191,VDMFlags191,0x2C,223,1,0x0F,Lane-banked,bitmask4,,,,,RO,ClearOnRead,,,"High/Low Alarm/Warning TC Flags for VDM instance 191, group 3",,8-174,Page not in SONiC,
VDMFlags194,VDMFlags194,0x2C,224,1,0xF0,Lane-banked,bitmask4,,,,,RO,ClearOnRead,,,"High/Low Alarm/Warning TC Flags for VDM instance 194, group 4",,8-174,Page not in SONiC,
VDMFlags193,VDMFlags193,0x2C,224,1,0x0F,Lane-banked,bitmask4,,,,,RO,ClearOnRead,,,"High/Low Alarm/Warning TC Flags for VDM instance 193, group 4",,8-174,Page not in SONiC,
VDMFlags195-254,VDMFlags195-254,0x2C,225,30,,Lane-banked,unspecified,,,,,RO,ClearOnRead,,,"High/Low Alarm/Warning Flags as described in Table 8-172, for VDM instances 195-254, group 4,",,8-174,Page not in SONiC,
VDMFlags256,VDMFlags256,0x2C,255,1,0xF0,Lane-banked,bitmask4,,,,,RO,ClearOnRead,,,"High/Low Alarm/Warning TC Flags for VDM instance 256, group 4",,8-174,Page not in SONiC,
VDMFlags255,VDMFlags255,0x2C,255,1,0x0F,Lane-banked,bitmask4,,,,,RO,ClearOnRead,,,"High/Low Alarm/Warning TC Flags for VDM instance 255, group 4",,8-174,Page not in SONiC,
VDMMasks2,VDMMasks2,0x2D,128,1,0xF0,Lane-banked,bitmask4,,,,,RW,Normal,,,"High/Low Alarm/Warning Masks for VDM instance 2, group 1",,8-175,Page not in SONiC,
VDMMasks1,VDMMasks1,0x2D,128,1,0x0F,Lane-banked,bitmask4,,,,,RW,Normal,,,"High/Low Alarm/Warning Masks for VDM instance 1, group 1",,8-175,Page not in SONiC,
VDMMasks3-62,VDMMasks3-62,0x2D,129,30,,Lane-banked,unspecified,,,,,RW,Normal,,,"High/Low Alarm/Warning Masks as described in Table 8-172, for VDM instances 3-62, group 1",,8-175,Page not in SONiC,
VDMMasks64,VDMMasks64,0x2D,159,1,0xF0,Lane-banked,bitmask4,,,,,RW,Normal,,,"High/Low Alarm/Warning Masks for VDM instance 64, group 1",,8-175,Page not in SONiC,
VDMMasks63,VDMMasks63,0x2D,159,1,0x0F,Lane-banked,bitmask4,,,,,RW,Normal,,,"High/Low Alarm/Warning Masks for VDM instance 63, group 1",,8-175,Page not in SONiC,
VDMMasks66,VDMMasks66,0x2D,160,1,0xF0,Lane-banked,bitmask4,,,,,RW,Normal,,,"High/Low Alarm/Warning Masks for VDM instance 66, group 2",,8-175,Page not in SONiC,
VDMMasks65,VDMMasks65,0x2D,160,1,0x0F,Lane-banked,bitmask4,,,,,RW,Normal,,,"High/Low Alarm/Warning Masks for VDM instance 65, group 2",,8-175,Page not in SONiC,
VDMMasks67-126,VDMMasks67-126,0x2D,161,30,,Lane-banked,unspecified,,,,,RW,Normal,,,"High/Low Alarm/Warning Masks as described in Table 8-172, for VDM instances 67-126, group 2",,8-175,Page not in SONiC,
VDMMasks128,VDMMasks128,0x2D,191,1,0xF0,Lane-banked,bitmask4,,,,,RW,Normal,,,"High/Low Alarm/Warning Masks for VDM instance 128, group 2",,8-175,Page not in SONiC,
VDMMasks127,VDMMasks127,0x2D,191,1,0x0F,Lane-banked,bitmask4,,,,,RW,Normal,,,"High/Low Alarm/Warning Masks for VDM instance 127, group 2",,8-175,Page not in SONiC,
VDMMasks130,VDMMasks130,0x2D,192,1,0xF0,Lane-banked,bitmask4,,,,,RW,Normal,,,"High/Low Alarm/Warning Masks for VDM instance 130, group 3",,8-175,Page not in SONiC,
VDMMasks129,VDMMasks129,0x2D,192,1,0x0F,Lane-banked,bitmask4,,,,,RW,Normal,,,"High/Low Alarm/Warning Masks for VDM instance 129, group 3",,8-175,Page not in SONiC,
VDMMasks131-190,VDMMasks131-190,0x2D,193,30,,Lane-banked,unspecified,,,,,RW,Normal,,,"High/Low Alarm/Warning Masks as described in Table 8-172, for VDM instances 131-190, group 3",,8-175,Page not in SONiC,
VDMMasks192,VDMMasks192,0x2D,223,1,0xF0,Lane-banked,bitmask4,,,,,RW,Normal,,,"High/Low Alarm/Warning Masks for VDM instance 192, group 3",,8-175,Page not in SONiC,
VDMMasks191,VDMMasks191,0x2D,223,1,0x0F,Lane-banked,bitmask4,,,,,RW,Normal,,,"High/Low Alarm/Warning Masks for VDM instance 191, group 3",,8-175,Page not in SONiC,
VDMMasks194,VDMMasks194,0x2D,224,1,0xF0,Lane-banked,bitmask4,,,,,RW,Normal,,,"High/Low Alarm/Warning Masks for VDM instance 194, group 4",,8-175,Page not in SONiC,
VDMMasks193,VDMMasks193,0x2D,224,1,0x0F,Lane-banked,bitmask4,,,,,RW,Normal,,,"High/Low Alarm/Warning Masks for VDM instance 193, group 4",,8-175,Page not in SONiC,
VDMMasks195-254,VDMMasks195-254,0x2D,225,30,,Lane-banked,unspecified,,,,,RW,Normal,,,"High/Low Alarm/Warning Masks as described in Table 8-172, for VDM instances 195-254, group 4,",,8-175,Page not in SONiC,
VDMMasks256,VDMMasks256,0x2D,255,1,0xF0,Lane-banked,bitmask4,,,,,RW,Normal,,,"High/Low Alarm/Warning Masks for VDM instance 256, group 4",,8-175,Page not in SONiC,
VDMMasks255,VDMMasks255,0x2D,255,1,0x0F,Lane-banked,bitmask4,,,,,RW,Normal,,,"High/Low Alarm/Warning Masks for VDM instance 255, group 4",,8-175,Page not in SONiC,
Reserved.2Fh.128,Reserved,0x2F,128,1,0xF8,Lane-banked,,,,,,RO,Normal,,,Reserved,,8-176,Not in SONiC,
PowerSavingSupport,PowerSavingSupport,0x2F,128,1,0x04,Lane-banked,bool,,,,,RO,Normal,,,1b: PowerSavingMode is supported,,8-176,Not in SONiC,
VDMSupport,VDMSupport,0x2F,128,1,0x03,Lane-banked,bitfield2,,,,,RO,Normal,,,"Advertisement 0: Group 1 (Page 20h, 24h, 28h, first ¼ of 2Ch, 2Dh) 1: Groups 1-2 (Page 20h-21h, 24h-25h, 28h-29h, first ½ of 2Ch, 2Dh) 2: Groups 1-3 (Page 20h-22h, 24h-26h, 28h-2Ah, first ¾ of 2Ch, 2Dh) 3: Groups 1-4 (Page 20h-23h, 24h-27h, 28h-2Bh, 2Ch, 2Dh)",,8-176,Agrees,VdmSupportedPage
FineIntervalLength,FineIntervalLength,0x2F,129,2,,Lane-banked,u16,ms,0.1,Big-endian,,RO,Normal,,,"U16 Length of fine interval (measurement time for one sample) used for internal BER/FERC monitoring, in units of 0.1 ms",,8-176,Not in SONiC,
Reserved.2Fh.131,Reserved,0x2F,131,13,,Lane-banked,,,,,,RO,Normal,,,Reserved[13],,8-176,Not in SONiC,
FreezeRequest,FreezeRequest,0x2F,144,1,0x80,Lane-banked,bool,,,,,RW,Normal,,,"When raised by the host, causes the module to freeze and hold all reported statistics reporting registers (minimum, maximum and average values) in Pages 24h-27h. When ceased by the host, releases the freeze request, allowing the reported minimum, maximum and average values to update again. Multi-bank behavior: Freezing or unfreezing in one supported bank occurs in all supported banks synchronously, independent of whether BankBroadcastEnable is supported and enabled. Note. The module internally records new statistics while the reporting registers are frozen, so that no data is lost.",,8-176,Agrees,VdmFreezeRequest
PowerSavingMode,PowerSavingMode,0x2F,144,1,0x40,Lane-banked,bool,,,,,RW,Normal,Adv,,0b: VDM monitoring functions are enabled (ON) 1b: VDM monitoring functions are disabled (OFF) for power saving Advertisement: 2Fh:128.2 (PowerSavingSupport),,8-176,Agrees,VdmPowerSavingMode
Reserved.2Fh.144,Reserved,0x2F,144,1,0x3F,Lane-banked,,,,,,RO,Normal,,,Reserved,,8-176,Conflict: SONiC uses reserved bits,VdmMonDutyCycle; VdmReserved
FreezeDone,FreezeDone,0x2F,145,1,0x80,Lane-banked,bool,,,,,RO,Normal,,,"Raised by the module when it has finished freezing the reporting registers (such that the host can now safely read) and simultaneously restarted all supported statistics internally. Ceased by the module (within T time from when Freeze Request is raised by the host). The FreezeDone status in any of the supported banks reflects the completion of a FreezeRequest across all supported banks. Until a first FreezeRequest is served, the module reports 0b.",,8-176,Agrees,VdmFreezeDone
UnfreezeDone,UnfreezeDone,0x2F,145,1,0x40,Lane-banked,bool,,,,,RO,Normal,,,"Raised by the module when real-time updates of the reporting registers are performed again Ceased by the module (within T time from when Freeze Request is ceased by the host). The UnfreezeDone status in any of the supported banks reflects the completion of unfreezing across all supported banks. Until a first request to unfreeze is served, the module reports 0b.",,8-176,Agrees,VdmUnfreezeDone
Reserved.2Fh.145,Reserved,0x2F,145,1,0x3F,Lane-banked,,,,,,RO,Normal,,,Reserved,,8-176,Not in SONiC,
Reserved.2Fh.146,Reserved,0x2F,146,110,,Lane-banked,,,,,,RO,Normal,,,Reserved[110],,8-176,Not in SONiC,
CMDID,CMDID,0x9F,128,2,,CDB-instance,u16,,,Big-endian,,RW,Normal,Rqd,,"U16 CDB Command Code (CMDID) identifies a CDB command to be executed and writing this field also “sends” the CMD message from host to module for processing. Note: See Table 9-7 for a list of commands and their CMD IDs. Note: The module advertises the actual trigger condition for the “message transfer”. Ignoring some details, it may either be a write to 9Fh:128-129 or 9Fh:129, or it may be end of a multibyte write that includes Byte 9Fh:129. The detailed specification is found in the main text. Note: This means that the host must compose header and body either before writing to Byte 9Fh:129, or during a multi-byte write operation that includes Byte 9Fh:129.",,8-178,Not in SONiC,
EPLLength,EPLLength,0x9F,130,2,,CDB-instance,u16,,,Big-endian,,RW,Normal,Cnd,,"U16 Extended Payload Length (EPLLength) specifies the host- written number of command message body bytes in EPL, in Pages A0h-AFh. Valid lengths are 0-2048. Note: The EPLLength field is included in the calculation of the CdbChkCode field value.",,8-178,Not in SONiC,
LPLLength,LPLLength,0x9F,132,1,,CDB-instance,u8,,,,,RW,Normal,Rqd,,"U8 Local Payload Length (LPLLength) specifies the host-written number of command message body bytes in LPL, on this Page 9Fh. Valid lengths are 0–- 120 Note: The LPLLength field is included in the calculation of the CdbChkCode field value.",,8-178,Not in SONiC,
CdbChkCode,CdbChkCode,0x9F,133,1,,CDB-instance,u8,,,,,RW,Normal,Rqd,,U8 CDB Check Code (CdbChkCode) is computed by the host as the one’s complement of the arithmetic sum of Bytes 9Fh:128 to 9Fh:(136+LPLLength-1) excluding Bytes 9Fh:133-135. Integrity checks of EPL Pages (if any) are defined individually for each CMD as defined in chapter 9. Note: Neither the reply header fields 9Fh:134-135 nor any EPL data used by the command are included in the check computation. Note: Modules can compare a correctly recomputed CdbChkCode against the received value to check message integrity.,,8-178,Not in SONiC,
RPLLength,RPLLength,0x9F,134,1,,CDB-instance,u8,,,,,RW,Normal,Cnd,,"U8 REPLY Payload Length (RPLLength) is computed by the module and encodes the length of REPLY data returned: 0-120: Number of LPL bytes used in the LPL area 240≤i≤255: Number of EPL Pages used, encoded as i-239 (Pages A0 to A0h+i-240) 121-239: Reserved The exact number of bytes returned in EPL Pages is determined in a CMDID specific way. RPLLength is computed in a CMDID specific way when data are returned in both LPL and EPL areas. Note: This REPLY header field is not included in the CdbChkCode computation. Hosts may want to set this byte to a suitable value when composing a CMD, in order to later check if the module has actually set this field in the REPLY.",,8-179,Agrees,CdbReplyLength
RPLChkCode,RPLChkCode,0x9F,135,1,,CDB-instance,u8,,,,,RW,Normal,Rqd,,"U8 REPLY Payload Check Code (RPLChkCode) is computed by the module as follows: No REPLY message body: RPLChkCode = 0 REPLY message body in Local Payload: RPLChkCode is the one’s complement of the sum of LPL Bytes 136 to (136+RPLLength-1). REPLY message body in Extended Payload: RPLChkCode is the one’s complement of the sum of all used bytes in EPL Pages A0h to (A0h+RPLLength-240). REPLY message body in LPL and EPL: RPLChkCode is computed as specified for the particular CMD. Note: This REPLY header field is not included in the CdbChkCode computation. Hosts may want to set this byte to a suitable value when composing a CMD, in order to later check if the module has actually set this field in the REPLY.",,8-179,Agrees,CdbReplyCheckCode
